loggernet_variable,cr1000_name,design_scale_type,design_link,var_norm_split,research_name,logger,lat,long,elevation,type,units,definition,Table,lower_bound,upper_bound,rolling_clean,variability_constant
Actual_Conductivity,actual_conductivity,site,logger,key,actual_conductivity,c3log,NA,NA,,number,microsiemens per centimeter,actual conductivity,c3log_waterlevel,,,no,
Actual_Conductivity,actual_conductivity,site,logger,key,actual_conductivity,c4log,NA,NA,,number,microsiemens per centimeter,actual conductivity,c4log_waterlevel,,,no,
Actual_Conductivity,actual_conductivity,site,logger,key,actual_conductivity,gcrew_met,NA,NA,,number,microsiemens per centimeter,actual conductivity,gcrew_met_gcrewwaterlevel200,,,no,
Actual_Conductivity,actual_conductivity,site,logger,key,actual_conductivity,genx,NA,NA,,number,microsiemens per centimeter,actual conductivity,genx_waterlevel200,,,no,
gw_act_cond,gw_act_cond,site,logger,key,actual_conductivity,compass_gcw_w,NA,NA,,numeric,?S/cm,actual conductivity,compass_gcw_w,,,no,
Aquatroll_ID(2),aquatroll_id2,site,logger,n,aquatroll_id,gcrew_met,NA,NA,,character,NA,ID for Aquatroll sensor,gcrew_met_gcrewwaterlevel200,,,no,
Aquatroll_ID(2),aquatroll_id2,site,logger,n,aquatroll_id,genx,NA,NA,,character,NA,ID for Aquatroll sensor,genx_waterlevel200,,,no,
Instrument,instrument,site,logger,n,aquatroll_id,compass_gcw_w,NA,NA,,character,NA,Name of measurement instrument,compass_gcw_w,,,no,
Hydros_ID(2),Hydros_ID(2),site,logger,n,hydros_id,genxhydros,NA,NA,,integer,mm,depth of sensor,waterlevelhydros,,,no,
Depth,depth,site,logger,key,depth,c3log,NA,NA,,number,centimeters,depth of sensor,c3log_waterlevel,,,no,
Depth,depth,site,logger,key,depth,c4log,NA,NA,,number,centimeters,depth of sensor,c4log_waterlevel,,,no,
Depth,depth,site,logger,key,depth,gcrew_met,NA,NA,,number,centimeters,depth of sensor,gcrew_met_gcrewwaterlevel200,,,no,
Depth,depth,site,logger,key,depth,genx,NA,NA,,number,centimeters,depth of sensor,genx_waterlevel200,,,no,
H21_Depth,h21_depth,site,logger,key,depth,genxhydros,NA,NA,,integer,mm,depth of sensor,waterlevelhydros,,,no,
Pressure,pressure,site,logger,key,pressure,c3log,NA,NA,,number,pounds per square inch,water pressure,c3log_waterlevel,,,no,
Pressure,pressure,site,logger,key,pressure,c4log,NA,NA,,number,pounds per square inch,water pressure,c4log_waterlevel,,,no,
Pressure,pressure,site,logger,key,pressure,gcrew_met,NA,NA,,number,pounds per square inch,water pressure,gcrew_met_gcrewwaterlevel200,,,no,
Pressure,pressure,site,logger,key,pressure,genx,NA,NA,,number,pounds per square inch,water pressure,genx_waterlevel200,,,no,
gw_pressure,gw_pressure,site,logger,key,pressure,compass_gcw_w,NA,NA,,numeric,mbar,Vented pressure corrected for barometric pressure,compass_gcw_w,,,no,
Program,program,site,logger,n,program,c3log,NA,NA,,character,NA,program version,c3log_waterlevel,,,no,
Program,program,site,logger,n,program,c4log,NA,NA,,character,NA,program version,c4log_waterlevel,,,no,
Program,program,site,logger,n,program,gcrew_met,NA,NA,,character,NA,program version,gcrew_met_gcrewwaterlevel200,,,no,
Program,program,site,logger,n,program,genx,NA,NA,,character,NA,program version,genx_waterlevel200,,,no,
Program,program,site,logger,n,program,genxhydros,NA,NA,,character,NA,program version,waterlevelhydros,,,no,
RECORD,record,site,logger,n,record,c3log,NA,NA,,number,NA,loggernet record number,c3log_waterlevel,,,no,
RECORD,record,site,logger,n,record,c4log,NA,NA,,number,NA,loggernet record number,c4log_waterlevel,,,no,
RECORD,record,site,logger,n,record,gcrew_met,NA,NA,,number,NA,loggernet record number,gcrew_met_gcrewwaterlevel200,,,no,
RECORD,record,site,logger,n,record,genx,NA,NA,,number,NA,loggernet record number,genx_waterlevel200,,,no,
RECORD,record,site,logger,n,record,compass_gcw_w,NA,NA,,number,NA,loggernet record number,compass_gcw_w,,,no,
RECORD,record,site,logger,n,record,genxhydros,NA,NA,,number,NA,loggernet record number,waterlevelhydros,,,no,
Resistivity,resistivity,site,logger,key,resistivity,c3log,NA,NA,,number,ohms centimeter,water resistivity,c3log_waterlevel,,,no,
Resistivity,resistivity,site,logger,key,resistivity,c4log,NA,NA,,number,ohms centimeter,water resistivity,c4log_waterlevel,,,no,
Resistivity,resistivity,site,logger,key,resistivity,gcrew_met,NA,NA,,number,ohms centimeter,water resistivity,gcrew_met_gcrewwaterlevel200,,,no,
Resistivity,resistivity,site,logger,key,resistivity,genx,NA,NA,,number,ohms centimeter,water resistivity,genx_waterlevel200,,,no,
rowid,rowid,key,logger,n,rowid,c3log,NA,NA,,character,NA,"unique id  for each orginal data row contatenate (timestamp, block, tabletype)",c3log_waterlevel,,,no,
rowid,rowid,key,logger,n,rowid,c4log,NA,NA,,character,NA,"unique id  for each orginal data row contatenate (timestamp, block, tabletype)",c4log_waterlevel,,,no,
rowid,rowid,key,logger,n,rowid,gcrew_met,NA,NA,,character,NA,"unique id  for each orginal data row contatenate (timestamp, block, tabletype)",gcrew_met_gcrewwaterlevel200,,,no,
rowid,rowid,key,logger,n,rowid,genx,NA,NA,,character,NA,"unique id  for each orginal data row contatenate (timestamp, block, tabletype)",genx_waterlevel200,,,no,
rowid,rowid,key,logger,n,rowid,genxhydros,NA,NA,,character,NA,"unique id  for each orginal data row contatenate (timestamp, block, tabletype)",waterlevelhydros,,,no,
STATNAME.1.,logger,key,logger,n,logger,c3log,NA,NA,,character,NA,logger name,c3log_waterlevel,,,no,
STATNAME,logger,key,logger,n,logger,c4log,NA,NA,,character,NA,logger name,c4log_waterlevel,,,no,
Salinity,salinity,site,logger,key,salinity,c3log,NA,NA,,number,practical salinity units,salinity,c3log_waterlevel,,,no,
Salinity,salinity,site,logger,key,salinity,c4log,NA,NA,,number,practical salinity units,salinity,c4log_waterlevel,,,no,
Salinity,salinity,site,logger,key,salinity,gcrew_met,NA,NA,,number,practical salinity units,salinity,gcrew_met_gcrewwaterlevel200,,,no,
Salinity,salinity,site,logger,key,salinity,genx,NA,NA,,number,practical salinity units,salinity,genx_waterlevel200,,,no,
gw_salinity,gw_salinity,site,logger,key,salinity,compass_gcw_w,NA,NA,,numeric,PSU,Groundwater salinity,compass_gcw_w,,,no,
Specific_Conductivity,specific_conductivity,site,logger,key,specific_conductivity,c3log,NA,NA,,number,microsiemens per centimeter,specific conductivity,c3log_waterlevel,,,no,
Specific_Conductivity,specific_conductivity,site,logger,key,specific_conductivity,c4log,NA,NA,,number,microsiemens per centimeter,specific conductivity,c4log_waterlevel,,,no,
Specific_Conductivity,specific_conductivity,site,logger,key,specific_conductivity,gcrew_met,NA,NA,,number,microsiemens per centimeter,specific conductivity,gcrew_met_gcrewwaterlevel200,,,no,
Specific_Conductivity,specific_conductivity,site,logger,key,specific_conductivity,genx,NA,NA,,number,microsiemens per centimeter,specific conductivity,genx_waterlevel200,,,no,
gw_spec_cond,gw_spec_cond,site,logger,key,specific_conductivity,compass_gcw_w,NA,NA,,numeric,?S/cm,Groundwater specific conductivity,compass_gcw_w,,,no,
Statname,logger,key,logger,n,logger,gcrew_met,NA,NA,,character,NA,logger name,gcrew_met_gcrewwaterlevel200,,,no,
Statname,logger,key,logger,n,logger,genx,NA,NA,,character,NA,logger name,genx_waterlevel200,,,no,
Statname,logger,key,logger,n,logger,genxhydros,NA,NA,,integer,mm,depth of sensor,waterlevelhydros,,,no,
TDS,tds,site,logger,key,tds,c3log,NA,NA,,number,parts per thousand,total dissolved solids,c3log_waterlevel,,,no,
TDS,tds,site,logger,key,tds,c4log,NA,NA,,number,parts per thousand,total dissolved solids,c4log_waterlevel,,,no,
TDS,tds,site,logger,key,tds,gcrew_met,NA,NA,,number,parts per thousand,total dissolved solids,gcrew_met_gcrewwaterlevel200,,,no,
TDS,tds,site,logger,key,tds,genx,NA,NA,,number,parts per thousand,total dissolved solids,genx_waterlevel200,,,no,
TDS,tds,site,logger,key,tds,genxhydros,NA,NA,,integer,mm,depth of sensor,waterlevelhydros,,,no,
TIMESTAMP,timestamp,site,logger,n,timestamp,c3log,NA,NA,,number,YYYY-MM-DD HH:MM:SS,loggernet timestamp,c3log_waterlevel,,,no,
TIMESTAMP,timestamp,site,logger,n,timestamp,c4log,NA,NA,,number,YYYY-MM-DD HH:MM:SS,loggernet timestamp,c4log_waterlevel,,,no,
TIMESTAMP,timestamp,site,logger,n,timestamp,gcrew_met,NA,NA,,number,YYYY-MM-DD HH:MM:SS,loggernet timestamp,gcrew_met_gcrewwaterlevel200,,,no,
TIMESTAMP,timestamp,site,logger,n,timestamp,genx,NA,NA,,number,YYYY-MM-DD HH:MM:SS,loggernet timestamp,genx_waterlevel200,,,no,
TIMESTAMP,timestamp,site,logger,n,timestamp,genxhydros,NA,NA,,integer,mm,depth of sensor,waterlevelhydros,,,no,
TIMESTAMP,timestamp,key,logger,n,timestamp,compass_gcw_w,NA,NA,,POSIXct,YYYY-MM-DD HH:MM:SS,Datalogger timestampt in EST,compass_gcw_w,,,no,
Table,table,site,logger,n,table,c3log,NA,NA,,character,NA,loggernet table name,c3log_waterlevel,,,no,
Table,table,site,logger,n,table,c4log,NA,NA,,character,NA,loggernet table name,c4log_waterlevel,,,no,
Table,table,site,logger,n,table,gcrew_met,NA,NA,,character,NA,loggernet table name,gcrew_met_gcrewwaterlevel200,,,no,
Table,table,site,logger,n,table,genx,NA,NA,,character,NA,loggernet table name,genx_waterlevel200,,,no,
Table,table,site,logger,n,table,genxhydros,NA,NA,,character,NA,loggernet table name,waterlevelhydros,,,no,
xTemp(1),temp1,site,logger,key,temp1,genx,NA,NA,,number,degrees Celsius,temperature,genx_waterlevel200,genx_waterlevel200,,,
xTemp(2),temp2,site,logger,key,temp2,genx,NA,NA,,number,degrees Celsius,temperature,genx_waterlevel200,genx_waterlevel200,,,
Temperature,temperature,site,logger,key,temperature,c3log,NA,NA,,number,degrees Celsius,temperature,c3log_waterlevel,,,no,
Temperature,temperature,site,logger,key,temperature,c4log,NA,NA,,number,degrees Celsius,temperature,c4log_waterlevel,,,no,
Temperature,temperature,site,logger,key,temperature,gcrew_met,NA,NA,,number,degrees Celsius,temperature,gcrew_met_gcrewwaterlevel200,,,no,
Temperature,temperature,site,logger,key,temperature,genx,NA,NA,,number,degrees Celsius,temperature,genx_waterlevel200,,,no,
H21_Temperature,h21_temperature,site,logger,key,temperature,genxhydros,NA,NA,,number,C,temperature,waterlevelhydros,,,no,
gw_temperature,gw_temperature,site,logger,key,temperature,compass_gcw_w,NA,NA,,numeric,degC,Groundwater temperature,compass_gcw_w,,,no,
time2,time2,key,logger,n,time2,c3log,NA,NA,,number,YYYY-MM-DD HH:MM:SS,posix time stamp (EST standard),c3log_waterlevel,,,no,
time2,time2,key,logger,n,time2,c4log,NA,NA,,number,YYYY-MM-DD HH:MM:SS,posix time stamp (EST standard),c4log_waterlevel,,,no,
time2,time2,key,logger,n,time2,gcrew_met,NA,NA,,number,YYYY-MM-DD HH:MM:SS,posix time stamp (EST standard),gcrew_met_gcrewwaterlevel200,,,no,
time2,time2,key,logger,n,time2,genx,NA,NA,,number,YYYY-MM-DD HH:MM:SS,posix time stamp (EST standard),genx_waterlevel200,,,no,
time2,time2,key,logger,n,time2,genxhydros,NA,NA,,number,YYYY-MM-DD HH:MM:SS,posix time stamp (EST standard),waterlevelhydros,,,no,
time2,time2,key,logger,n,time2,compass_gcw_w,NA,NA,,number,YYYY-MM-DD HH:MM:SS,posix time stamp (EST standard),compass_gcw_w,,,no,
Water_Density,water_density,site,logger,key,water_density,c3log,NA,NA,,number,grams per cubic centimeter,water density,c3log_waterlevel,,,no,
Water_Density,water_density,site,logger,key,water_density,c4log,NA,NA,,number,grams per cubic centimeter,water density,c4log_waterlevel,,,no,
Water_Density,water_density,site,logger,key,water_density,gcrew_met,NA,NA,,number,grams per cubic centimeter,water density,gcrew_met_gcrewwaterlevel200,,,no,
Water_Density,water_density,site,logger,key,water_density,genx,NA,NA,,number,grams per cubic centimeter,water density,genx_waterlevel200,,,no,
gw_density,gw_density,site,logger,key,water_density,compass_gcw_w,NA,NA,,numeric,g/cm3,,compass_gcw_w,,,no,
H21_Electrical_Conductivity,h21_electrical_conductivity,site,logger,key,electrical_conductivity,genxhydros,NA,NA,,integer,uS/cm,,waterlevelhydros,,,no,
Derived_Salinity,salinity,site,logger,key,salinity,genxhydros,NA,NA,,number,PSU,,waterlevelhydros,,,no,
gw_battery,gw_battery,site,logger,key,battery,compass_gcw_w,NA,NA,,numeric,%,Internal battery percentage,compass_gcw_w,,,no,
gw_perc_sat,gw_perc_sat,site,logger,key,perc_saturation,compass_gcw_w,NA,NA,,numeric,%,,compass_gcw_w,,,no,
gw_ph,gw_ph,site,logger,key,ph,compass_gcw_w,NA,NA,,numeric,NA,Groundwater pH,compass_gcw_w,,,no,
gw_ph_mv,gw_ph_mv,site,logger,key,ph_mv,compass_gcw_w,NA,NA,,numeric,mV,,compass_gcw_w,,,no,
gw_ph_orp,gw_ph_orp,site,logger,key,ph_orp,compass_gcw_w,NA,NA,,numeric,mV,Groundwater oxidation-reduction potential,compass_gcw_w,,,no,
gw_rdo_conc,gw_rdo_conc,site,logger,key,rdo_conc,compass_gcw_w,NA,NA,,numeric,mg/L,Groundwater dissolved oxygen concentration,compass_gcw_w,,,no,
gw_voltage_ext,gw_voltage_ext,site,logger,key,voltage,compass_gcw_w,NA,NA,,numeric,V,,compass_gcw_w,,,no,
