Sample ID,Type,Run_Date,CH4_Area,Conc_CH4,CH4_RTime_Flag,CO2_Area,Conc_CO2,CO2_RTime_Flag,N2O_Area,Conc_N2O,N2O_RTime_Flag,FID_Peak_Flag,ECD_Peak_Flag,Sample_Volume
LabAir,Lab air,8/20/2026,3003,NA,Correct - CH4 RTime,23872,NA,Correct - CO2 RTime,2136,NA,Correct - N2O RTime,Correct,Correct,12
Blank1,Blank,8/20/2026,293,NA,Correct - CH4 RTime,0,NA,NA,0,NA,NA,Incorrect - One Peak,Incorrect - No Peaks,12
Blank2,Blank,8/20/2026,358,NA,Correct - CH4 RTime,0,NA,NA,0,NA,NA,Incorrect - One Peak,Incorrect - No Peaks,12
0ppm,Standard,8/20/2026,0,NA,NA,0,NA,NA,0,NA,NA,Incorrect - No Peaks,Incorrect - No Peaks,12
Std_LowTri_6mL,Standard,8/20/2026,951,5,Correct - CH4 RTime,6252,1000,Correct - CO2 RTime,2057,2.525,Correct - N2O RTime,Correct,Correct,12
Std_LowTri_12mL,Standard,8/20/2026,1728,10,Correct - CH4 RTime,12638,2000,Correct - CO2 RTime,4257,5.05,Correct - N2O RTime,Correct,Correct,12
Std_MidTri_6mL,Standard,8/20/2026,7765,50,Correct - CH4 RTime,60652,10000,Correct - CO2 RTime,19561,25.1,Correct - N2O RTime,Correct,Correct,12
Std_MidTri_12mL,Standard,8/20/2026,15317,100,Correct - CH4 RTime,119798,20000,Correct - CO2 RTime,36486,50.2,Correct - N2O RTime,Correct,Correct,12
Std_HighTri_3mL,Standard,8/20/2026,39435,250,Correct - CH4 RTime,79983,12500,Correct - CO2 RTime,82717,125,Correct - N2O RTime,Correct,Correct,12
Std_HighTri_6mL,Standard,8/20/2026,75332,500,Correct - CH4 RTime,151271,25000,Correct - CO2 RTime,140004,250,Correct - N2O RTime,Correct,Correct,12
Std_HighTri_12mL,Standard,8/20/2026,153642,1000,Correct - CH4 RTime,297124,50000,Correct - CO2 RTime,245604,500,Correct - N2O RTime,Correct,Correct,12
Std_10K_3mL,Standard,8/20/2026,389161,2500,Correct - CH4 RTime,0,0,NA,0,0,NA,Incorrect - One Peak,Incorrect - No Peaks,12
Std_10K_6mL,Standard,8/20/2026,762937,5000,Correct - CH4 RTime,0,0,NA,0,0,NA,Incorrect - One Peak,Incorrect - No Peaks,12
Std_10K_12mL,Standard,8/20/2026,1508018,10000,Correct - CH4 RTime,0,0,NA,0,0,NA,Incorrect - One Peak,Incorrect - No Peaks,12
Std_10K_24mL,Standard,8/20/2026,2922606,20000,Correct - CH4 RTime,287,0,Correct - CO2 RTime,0,0,NA,Correct,Incorrect - No Peaks,12
Blank3,Blank,8/20/2026,315,NA,Correct - CH4 RTime,0,NA,NA,0,NA,NA,Incorrect - One Peak,Incorrect - No Peaks,12
ChkStd_HighTri_12mL_1,ChkStd,8/20/2026,151632,1000,Correct - CH4 RTime,290339,50000,Correct - CO2 RTime,241694,500,Correct - N2O RTime,Correct,Correct,12
Blank4,Blank,8/20/2026,366,NA,Correct - CH4 RTime,0,NA,NA,0,NA,NA,Incorrect - One Peak,Incorrect - No Peaks,12
610-10,Sample,8/20/2026,10591,NA,Correct - CH4 RTime,219001,NA,Correct - CO2 RTime,194,NA,Correct - N2O RTime,Correct,Correct,12
610-20,Sample,8/20/2026,15208,NA,Correct - CH4 RTime,240985,NA,Correct - CO2 RTime,NA,NA,NA,Correct,Incorrect - No Peaks,12
610-40,Sample,8/20/2026,19255,NA,Correct - CH4 RTime,188366,NA,Correct - CO2 RTime,194,NA,Correct - N2O RTime,Correct,Correct,12
610-80,Sample,8/20/2026,28421,NA,Correct - CH4 RTime,210256,NA,Correct - CO2 RTime,114,NA,Correct - N2O RTime,Correct,Correct,12
610-120,Sample,8/20/2026,26464,NA,Correct - CH4 RTime,166764,NA,Correct - CO2 RTime,NA,NA,NA,Correct,Incorrect - No Peaks,12
310-10,Sample,8/20/2026,166167,NA,Correct - CH4 RTime,327015,NA,Correct - CO2 RTime,NA,NA,NA,Correct,Incorrect - No Peaks,12
310-20,Sample,8/20/2026,112215,NA,Correct - CH4 RTime,305777,NA,Correct - CO2 RTime,134,NA,Correct - N2O RTime,Correct,Correct,12
310-40,Sample,8/20/2026,84317,NA,Correct - CH4 RTime,229983,NA,Correct - CO2 RTime,NA,NA,NA,Correct,Incorrect - No Peaks,12
310-80,Sample,8/20/2026,62703,NA,Correct - CH4 RTime,186371,NA,Correct - CO2 RTime,NA,NA,NA,Correct,Incorrect - No Peaks,12
310-120,Sample,8/20/2026,177507,NA,Correct - CH4 RTime,249624,NA,Correct - CO2 RTime,NA,NA,NA,Correct,Incorrect - No Peaks,12
ChkStd_HighTri_12mL_2,ChkStd,8/20/2026,147991,1000,Correct - CH4 RTime,281525,50000,Correct - CO2 RTime,228378,500,Correct - N2O RTime,Correct,Correct,12
Blank5,Blank,8/20/2026,312,NA,Correct - CH4 RTime,0,NA,NA,0,NA,NA,Incorrect - One Peak,Incorrect - No Peaks,12
311-10,Sample,8/20/2026,168143,NA,Correct - CH4 RTime,333819,NA,Correct - CO2 RTime,NA,NA,NA,Correct,Incorrect - No Peaks,12
311-20,Sample,8/20/2026,108362,NA,Correct - CH4 RTime,298162,NA,Correct - CO2 RTime,NA,NA,NA,Correct,Incorrect - No Peaks,12
311-40,Sample,8/20/2026,118736,NA,Correct - CH4 RTime,278639,NA,Correct - CO2 RTime,NA,NA,NA,Correct,Incorrect - No Peaks,12
311-80,Sample,8/20/2026,154743,NA,Correct - CH4 RTime,317323,NA,Correct - CO2 RTime,NA,NA,NA,Correct,Incorrect - No Peaks,12
311-120,Sample,8/20/2026,232426,NA,Correct - CH4 RTime,280975,NA,Correct - CO2 RTime,NA,NA,NA,Correct,Incorrect - No Peaks,12
312-10,Sample,8/20/2026,488888,NA,Correct - CH4 RTime,301088,NA,Correct - CO2 RTime,NA,NA,NA,Correct,Incorrect - No Peaks,12
312-20,Sample,8/20/2026,1410901,NA,Correct - CH4 RTime,349959,NA,Correct - CO2 RTime,NA,NA,NA,Correct,Incorrect - No Peaks,12
312-40,Sample,8/20/2026,1055339,NA,Correct - CH4 RTime,302275,NA,Correct - CO2 RTime,NA,NA,NA,Correct,Incorrect - No Peaks,12
312-80,Sample,8/20/2026,1144932,NA,Correct - CH4 RTime,298914,NA,Correct - CO2 RTime,NA,NA,NA,Correct,Incorrect - No Peaks,12
312-120,Sample,8/20/2026,565483,NA,Correct - CH4 RTime,232716,NA,Correct - CO2 RTime,NA,NA,NA,Correct,Incorrect - No Peaks,12
ChkStd_HighTri_12mL_3,ChkStd,8/20/2026,151387,1000,Correct - CH4 RTime,282514,50000,Correct - CO2 RTime,232889,500,Correct - N2O RTime,Correct,Correct,12
Blank6,Blank,8/20/2026,355,NA,Correct - CH4 RTime,0,NA,NA,0,NA,NA,Incorrect - One Peak,Incorrect - No Peaks,12
313-10,Sample,8/20/2026,644931,NA,Correct - CH4 RTime,302418,NA,Correct - CO2 RTime,177,NA,Correct - N2O RTime,Correct,Correct,12
313-40,Sample,8/20/2026,1443424,NA,Correct - CH4 RTime,322133,NA,Correct - CO2 RTime,NA,NA,NA,Correct,Incorrect - No Peaks,12
313-80,Sample,8/20/2026,1369857,NA,Correct - CH4 RTime,293304,NA,Correct - CO2 RTime,NA,NA,NA,Correct,Incorrect - No Peaks,12
313-120,Sample,8/20/2026,1295317,NA,Correct - CH4 RTime,303145,NA,Correct - CO2 RTime,NA,NA,NA,Correct,Incorrect - No Peaks,12
613-10,Sample,8/20/2026,552401,NA,Correct - CH4 RTime,288232,NA,Correct - CO2 RTime,NA,NA,NA,Correct,Incorrect - No Peaks,12
613-20,Sample,8/20/2026,679628,NA,Correct - CH4 RTime,280211,NA,Correct - CO2 RTime,NA,NA,NA,Correct,Incorrect - No Peaks,12
613-40,Sample,8/20/2026,818233,NA,Correct - CH4 RTime,230296,NA,Correct - CO2 RTime,NA,NA,NA,Correct,Incorrect - No Peaks,12
613-80,Sample,8/20/2026,863372,NA,Correct - CH4 RTime,249038,NA,Correct - CO2 RTime,NA,NA,NA,Correct,Incorrect - No Peaks,12
613-120,Sample,8/20/2026,862732,NA,Correct - CH4 RTime,215026,NA,Correct - CO2 RTime,NA,NA,NA,Correct,Incorrect - No Peaks,12
ChkStd_HighTri_12mL_4,ChkStd,8/20/2026,147382,1000,Correct - CH4 RTime,264384,50000,Correct - CO2 RTime,230186,500,Correct - N2O RTime,Correct,Correct,12
Blank7,Blank,8/20/2026,430,NA,Correct - CH4 RTime,0,NA,NA,0,NA,NA,Incorrect - One Peak,Incorrect - No Peaks,12
620-10,Sample,8/20/2026,97296,NA,Correct - CH4 RTime,249522,NA,Correct - CO2 RTime,NA,NA,NA,Correct,Incorrect - No Peaks,12
620-20,Sample,8/20/2026,32165,NA,Correct - CH4 RTime,231271,NA,Correct - CO2 RTime,NA,NA,NA,Correct,Incorrect - No Peaks,12
620-40,Sample,8/20/2026,19001,NA,Correct - CH4 RTime,172568,NA,Correct - CO2 RTime,NA,NA,NA,Correct,Incorrect - No Peaks,12
620-80,Sample,8/20/2026,25145,NA,Correct - CH4 RTime,154120,NA,Correct - CO2 RTime,NA,NA,NA,Correct,Incorrect - No Peaks,12
620-120,Sample,8/20/2026,32140,NA,Correct - CH4 RTime,147467,NA,Correct - CO2 RTime,NA,NA,NA,Correct,Incorrect - No Peaks,12
320-10,Sample,8/20/2026,135077,NA,Correct - CH4 RTime,283210,NA,Correct - CO2 RTime,NA,NA,NA,Correct,Incorrect - No Peaks,12
320-20,Sample,8/20/2026,119384,NA,Correct - CH4 RTime,234559,NA,Correct - CO2 RTime,NA,NA,NA,Correct,Incorrect - No Peaks,12
320-40,Sample,8/20/2026,106616,NA,Correct - CH4 RTime,227557,NA,Correct - CO2 RTime,NA,NA,NA,Correct,Incorrect - No Peaks,12
320-80,Sample,8/20/2026,218576,NA,Correct - CH4 RTime,236880,NA,Correct - CO2 RTime,NA,NA,NA,Correct,Incorrect - No Peaks,12
320-120,Sample,8/20/2026,153425,NA,Correct - CH4 RTime,237431,NA,Correct - CO2 RTime,NA,NA,NA,Correct,Incorrect - No Peaks,12
ChkStd_HighTri_12mL_5,ChkStd,8/20/2026,149375,1000,Correct - CH4 RTime,254847,50000,Correct - CO2 RTime,226246,500,Correct - N2O RTime,Correct,Correct,12
Blank8,Blank,8/20/2026,339,NA,Correct - CH4 RTime,0,NA,NA,0,NA,NA,Incorrect - One Peak,Incorrect - No Peaks,12
321-10,Sample,8/20/2026,192882,NA,Correct - CH4 RTime,286867,NA,Correct - CO2 RTime,NA,NA,NA,Correct,Incorrect - No Peaks,12
321-20,Sample,8/20/2026,247636,NA,Correct - CH4 RTime,230983,NA,Correct - CO2 RTime,NA,NA,NA,Correct,Incorrect - No Peaks,12
321-40,Sample,8/20/2026,252120,NA,Correct - CH4 RTime,243599,NA,Correct - CO2 RTime,NA,NA,NA,Correct,Incorrect - No Peaks,12
321-80,Sample,8/20/2026,285874,NA,Correct - CH4 RTime,251066,NA,Correct - CO2 RTime,NA,NA,NA,Correct,Incorrect - No Peaks,12
322-10,Sample,8/20/2026,282621,NA,Correct - CH4 RTime,249348,NA,Correct - CO2 RTime,NA,NA,NA,Correct,Incorrect - No Peaks,12
322-20,Sample,8/20/2026,367921,NA,Correct - CH4 RTime,240313,NA,Correct - CO2 RTime,NA,NA,NA,Correct,Incorrect - No Peaks,12
322-40,Sample,8/20/2026,171631,NA,Correct - CH4 RTime,124479,NA,Correct - CO2 RTime,NA,NA,NA,Correct,Incorrect - No Peaks,12
322-80,Sample,8/20/2026,510943,NA,Correct - CH4 RTime,195263,NA,Correct - CO2 RTime,NA,NA,NA,Correct,Incorrect - No Peaks,12
322-120,Sample,8/20/2026,879754,NA,Correct - CH4 RTime,270100,NA,Correct - CO2 RTime,NA,NA,NA,Correct,Incorrect - No Peaks,12
ChkStd_HighTri_12mL_6,ChkStd,8/20/2026,149603,1000,Correct - CH4 RTime,239716,50000,Correct - CO2 RTime,224650,500,Correct - N2O RTime,Correct,Correct,12
Blank9,Blank,8/20/2026,406,NA,Correct - CH4 RTime,0,NA,NA,0,NA,NA,Incorrect - One Peak,Incorrect - No Peaks,12
323-10,Sample,8/20/2026,407018,NA,Correct - CH4 RTime,267687,NA,Correct - CO2 RTime,NA,NA,NA,Correct,Incorrect - No Peaks,12
323-20,Sample,8/20/2026,608097,NA,Correct - CH4 RTime,212530,NA,Correct - CO2 RTime,NA,NA,NA,Correct,Incorrect - No Peaks,12
323-40,Sample,8/20/2026,854152,NA,Correct - CH4 RTime,218710,NA,Correct - CO2 RTime,NA,NA,NA,Correct,Incorrect - No Peaks,12
323-80,Sample,8/20/2026,588628,NA,Correct - CH4 RTime,229047,NA,Correct - CO2 RTime,NA,NA,NA,Correct,Incorrect - No Peaks,12
323-120,Sample,8/20/2026,810211,NA,Correct - CH4 RTime,226103,NA,Correct - CO2 RTime,NA,NA,NA,Correct,Incorrect - No Peaks,12
623-10,Sample,8/20/2026,227513,NA,Correct - CH4 RTime,260325,NA,Correct - CO2 RTime,NA,NA,NA,Correct,Incorrect - No Peaks,12
623-20,Sample,8/20/2026,133107,NA,Correct - CH4 RTime,194932,NA,Correct - CO2 RTime,NA,NA,NA,Correct,Incorrect - No Peaks,12
623-40,Sample,8/20/2026,95969,NA,Correct - CH4 RTime,155065,NA,Correct - CO2 RTime,NA,NA,NA,Correct,Incorrect - No Peaks,12
623-80,Sample,8/20/2026,282221,NA,Correct - CH4 RTime,176259,NA,Correct - CO2 RTime,NA,NA,NA,Correct,Incorrect - No Peaks,12
623-120,Sample,8/20/2026,606382,NA,Correct - CH4 RTime,185066,NA,Correct - CO2 RTime,NA,NA,NA,Correct,Incorrect - No Peaks,12
ChkStd_HighTri_12mL_7,ChkStd,8/20/2026,149443,1000,Correct - CH4 RTime,224335,50000,Correct - CO2 RTime,229160,500,Correct - N2O RTime,Correct,Correct,12
Blank10,Blank,8/20/2026,362,NA,Correct - CH4 RTime,0,NA,NA,0,NA,NA,Incorrect - One Peak,Incorrect - No Peaks,12
630-10,Sample,8/20/2026,91228,NA,Correct - CH4 RTime,204826,NA,Correct - CO2 RTime,148,NA,Correct - N2O RTime,Correct,Correct,12
630-20,Sample,8/20/2026,29137,NA,Correct - CH4 RTime,170075,NA,Correct - CO2 RTime,NA,NA,NA,Correct,Incorrect - No Peaks,12
630-40,Sample,8/20/2026,19270,NA,Correct - CH4 RTime,143294,NA,Correct - CO2 RTime,NA,NA,NA,Correct,Incorrect - No Peaks,12
630-80,Sample,8/20/2026,44194,NA,Correct - CH4 RTime,180034,NA,Correct - CO2 RTime,NA,NA,NA,Correct,Incorrect - No Peaks,12
630-120,Sample,8/20/2026,25876,NA,Correct - CH4 RTime,116907,NA,Correct - CO2 RTime,NA,NA,NA,Correct,Incorrect - No Peaks,12
ChkStd_HighTri_12mL_8,ChkStd,8/20/2026,148385,1000,Correct - CH4 RTime,216676,50000,Correct - CO2 RTime,227589,500,Correct - N2O RTime,Correct,Correct,12
Blank11,Blank,8/20/2026,242,NA,Correct - CH4 RTime,0,NA,NA,0,NA,NA,Incorrect - One Peak,Incorrect - No Peaks,12
