"","Site","Project","Year","Month","Community","Nickname","Plot","Depth_cm","CO2_Treatment","Temp_Treatment","CH4_Conc_ppm","CH4_Conc_uM","CH4_Conc_Flag","CH4_QAQC_Flags","Analysis_rundate","Run_notes"
"1","GCReW","GENX","2026","July","SCAM, SPPA, DISP","GENX","Ch1",5,"Ambient",0,555.926589090083,22.7222388043386,"Within Range","","8/17/2026","Ch1-80 and Ch11-80 Not Collected"
"2","GCReW","GENX","2026","July","SCAM, SPPA, DISP","GENX","Ch1",20,"Ambient",0,525.420957208445,21.4753902705667,"Within Range","","8/17/2026","Ch1-80 and Ch11-80 Not Collected"
"3","GCReW","GENX","2026","July","SCAM, SPPA, DISP","GENX","Ch1",40,"Ambient",0,572.724602503519,23.4088195142905,"Within Range","","8/17/2026","Ch1-80 and Ch11-80 Not Collected"
"4","GCReW","GENX","2026","July","SCAM, SPPA, DISP","GENX","Ch2",5,"Ambient",0,111.967318801855,4.57641027794948,"Within Range","","8/17/2026","Ch1-80 and Ch11-80 Not Collected"
"5","GCReW","GENX","2026","July","SCAM, SPPA, DISP","GENX","Ch2",20,"Ambient",0,299.217782305843,12.2298483963253,"Within Range","","8/17/2026","Ch1-80 and Ch11-80 Not Collected"
"6","GCReW","GENX","2026","July","SCAM, SPPA, DISP","GENX","Ch2",40,"Ambient",0,611.780327066974,25.0051336996937,"Within Range","","8/17/2026","Ch1-80 and Ch11-80 Not Collected"
"7","GCReW","GENX","2026","July","SCAM, SPPA, DISP","GENX","Ch2",80,"Ambient",0,753.086919051793,30.7807202442437,"Within Range","","8/17/2026","Ch1-80 and Ch11-80 Not Collected"
"8","GCReW","GENX","2026","July","SCAM, SPPA, DISP","GENX","Ch3",5,"Ambient",0.75,672.496286424371,27.4867608692294,"Within Range","","8/17/2026","Ch1-80 and Ch11-80 Not Collected"
"9","GCReW","GENX","2026","July","SCAM, SPPA, DISP","GENX","Ch3",20,"Ambient",0.75,343.540913364844,14.0414558787576,"Within Range","","8/17/2026","Ch1-80 and Ch11-80 Not Collected"
"10","GCReW","GENX","2026","July","SCAM, SPPA, DISP","GENX","Ch3",40,"Ambient",0.75,288.669234226105,11.7987004116622,"Within Range","","8/17/2026","Ch1-80 and Ch11-80 Not Collected"
"11","GCReW","GENX","2026","July","SCAM, SPPA, DISP","GENX","Ch3",80,"Ambient",0.75,1298.97428217821,53.0926284505615,"Within Range","","8/17/2026","Ch1-80 and Ch11-80 Not Collected"
"12","GCReW","GENX","2026","July","SCAM, SPPA, DISP","GENX","Ch4",5,"Ambient",1.5,539.554363424656,22.0530612031427,"Within Range","","8/17/2026","Ch1-80 and Ch11-80 Not Collected"
"13","GCReW","GENX","2026","July","SCAM, SPPA, DISP","GENX","Ch4",20,"Ambient",1.5,1199.17512808007,49.0135643144125,"Within Range","","8/17/2026","Ch1-80 and Ch11-80 Not Collected"
"14","GCReW","GENX","2026","July","SCAM, SPPA, DISP","GENX","Ch4",40,"Ambient",1.5,879.18190036173,35.9345666937229,"Within Range","","8/17/2026","Ch1-80 and Ch11-80 Not Collected"
"15","GCReW","GENX","2026","July","SCAM, SPPA, DISP","GENX","Ch4",80,"Ambient",1.5,1797.3588412242,73.4629672493826,"Within Range","","8/17/2026","Ch1-80 and Ch11-80 Not Collected"
"16","GCReW","GENX","2026","July","SCAM, SPPA, DISP","GENX","Ch5",5,"Ambient",2.25,97.3119792171149,3.97740650238233,"Within Range","","8/17/2026","Ch1-80 and Ch11-80 Not Collected"
"17","GCReW","GENX","2026","July","SCAM, SPPA, DISP","GENX","Ch5",20,"Ambient",2.25,219.039202337785,8.95273073946192,"Within Range","","8/17/2026","Ch1-80 and Ch11-80 Not Collected"
"18","GCReW","GENX","2026","July","SCAM, SPPA, DISP","GENX","Ch5",40,"Ambient",2.25,412.545998719795,16.861882278429,"Within Range","","8/17/2026","Ch1-80 and Ch11-80 Not Collected"
"19","GCReW","GENX","2026","July","SCAM, SPPA, DISP","GENX","Ch5",80,"Ambient",2.25,281.7536170931,11.5160402420295,"Within Range","","8/17/2026","Ch1-80 and Ch11-80 Not Collected"
"20","GCReW","GENX","2026","July","SCAM, SPPA, DISP","GENX","Ch6",5,"Ambient",2.25,96.1925694925073,3.93165316807237,"Within Range","","8/17/2026","Ch1-80 and Ch11-80 Not Collected"
"21","GCReW","GENX","2026","July","SCAM, SPPA, DISP","GENX","Ch6",20,"Ambient",2.25,616.903515131743,25.2145323953699,"Within Range","","8/17/2026","Ch1-80 and Ch11-80 Not Collected"
"22","GCReW","GENX","2026","July","SCAM, SPPA, DISP","GENX","Ch6",40,"Ambient",2.25,435.359980959956,17.7943520733841,"Within Range","","8/17/2026","Ch1-80 and Ch11-80 Not Collected"
"23","GCReW","GENX","2026","July","SCAM, SPPA, DISP","GENX","Ch6",80,"Ambient",2.25,1158.12781566302,47.33584849128,"Within Range","","8/17/2026","Ch1-80 and Ch11-80 Not Collected"
"24","GCReW","GENX","2026","July","SCAM, SPPA, DISP","GENX","Ch7",5,"Ambient",3,107.036421978123,4.37487105074366,"Within Range","","8/17/2026","Ch1-80 and Ch11-80 Not Collected"
"25","GCReW","GENX","2026","July","SCAM, SPPA, DISP","GENX","Ch7",20,"Ambient",3,788.997308315431,32.248475981095,"Within Range","","8/17/2026","Ch1-80 and Ch11-80 Not Collected"
"26","GCReW","GENX","2026","July","SCAM, SPPA, DISP","GENX","Ch7",40,"Ambient",3,584.536778738642,23.8916154346164,"Within Range","","8/17/2026","Ch1-80 and Ch11-80 Not Collected"
"27","GCReW","GENX","2026","July","SCAM, SPPA, DISP","GENX","Ch8",5,"Ambient",3.75,395.631237052872,16.1705297483344,"Within Range","","8/17/2026","Ch1-80 and Ch11-80 Not Collected"
"28","GCReW","GENX","2026","July","SCAM, SPPA, DISP","GENX","Ch7",80,"Ambient",3,2041.39016118865,83.437194128953,"Within Range","","8/17/2026","Ch1-80 and Ch11-80 Not Collected"
"29","GCReW","GENX","2026","July","SCAM, SPPA, DISP","GENX","Ch8",20,"Ambient",3.75,2425.95890817378,99.1555696791918,"Within Range","","8/17/2026","Ch1-80 and Ch11-80 Not Collected"
"30","GCReW","GENX","2026","July","SCAM, SPPA, DISP","GENX","Ch8",40,"Ambient",3.75,3013.13394776855,123.15501804423,"Within Range","","8/17/2026","Ch1-80 and Ch11-80 Not Collected"
"31","GCReW","GENX","2026","July","SCAM, SPPA, DISP","GENX","Ch8",80,"Ambient",3.75,995.476895923108,40.6878609465131,"Within Range","","8/17/2026","Ch1-80 and Ch11-80 Not Collected"
"32","GCReW","GENX","2026","July","SCAM, SPPA, DISP","GENX","Ch9",5,"Ambient",3.75,152.135585545595,6.21819710236012,"Within Range","","8/17/2026","Ch1-80 and Ch11-80 Not Collected"
"33","GCReW","GENX","2026","July","SCAM, SPPA, DISP","GENX","Ch9",20,"Ambient",3.75,999.38452864275,40.8475765736442,"Within Range","","8/17/2026","Ch1-80 and Ch11-80 Not Collected"
"34","GCReW","GENX","2026","July","SCAM, SPPA, DISP","GENX","Ch9",40,"Ambient",3.75,1293.5969949735,52.8728440286922,"Within Range","","8/17/2026","Ch1-80 and Ch11-80 Not Collected"
"35","GCReW","GENX","2026","July","SCAM, SPPA, DISP","GENX","Ch12",20,"Ambient",6,4898.99575580965,200.235343387957,"Within Range","","8/19/2026","Ch1-80 and Ch11-80 Not Collected"
"36","GCReW","GENX","2026","July","SCAM, SPPA, DISP","GENX","Ch12",40,"Ambient",6,8006.98825394338,327.267489593225,"Within Range","","8/19/2026","Ch1-80 and Ch11-80 Not Collected"
"37","GCReW","GENX","2026","July","SCAM, SPPA, DISP","GENX","Ch12",80,"Ambient",6,7076.45376316855,289.234002204779,"Within Range","","8/19/2026","Ch1-80 and Ch11-80 Not Collected"
"38","GCReW","GENX","2026","July","SCAM, SPPA, DISP","GENX","Ch9",80,"Ambient",3.75,1844.11784789722,75.3741356243598,"Within Range","","8/19/2026","Ch1-80 and Ch11-80 Not Collected"
"39","GCReW","GENX","2026","July","SCAM, SPPA, DISP","GENX","Ch10",5,"Ambient",4.5,741.561378645574,30.3096399134975,"Within Range","","8/19/2026","Ch1-80 and Ch11-80 Not Collected"
"40","GCReW","GENX","2026","July","SCAM, SPPA, DISP","GENX","Ch10",20,"Ambient",4.5,2063.98376450637,84.3606564351468,"Within Range","","8/19/2026","Ch1-80 and Ch11-80 Not Collected"
"41","GCReW","GENX","2026","July","SCAM, SPPA, DISP","GENX","Ch10",40,"Ambient",4.5,1348.46420737357,55.1154169279725,"Within Range","","8/19/2026","Ch1-80 and Ch11-80 Not Collected"
"42","GCReW","GENX","2026","July","SCAM, SPPA, DISP","GENX","Ch10",80,"Ambient",4.5,3488.79119974271,142.596429699072,"Within Range","","8/19/2026","Ch1-80 and Ch11-80 Not Collected"
"43","GCReW","GENX","2026","July","SCAM, SPPA, DISP","GENX","Ch11",5,"Ambient",5.25,232.209802142565,9.491049143067,"Within Range","","8/19/2026","Ch1-80 and Ch11-80 Not Collected"
"44","GCReW","GENX","2026","July","SCAM, SPPA, DISP","GENX","Ch11",20,"Ambient",5.25,1080.4236232166,44.1598658138624,"Within Range","","8/19/2026","Ch1-80 and Ch11-80 Not Collected"
"45","GCReW","GENX","2026","July","SCAM, SPPA, DISP","GENX","Ch11",40,"Ambient",5.25,2322.8531983939,94.9413575769361,"Within Range","","8/19/2026","Ch1-80 and Ch11-80 Not Collected"
"46","GCReW","GENX","2026","July","SCAM, SPPA, DISP","GENX","Ch12",5,"Ambient",6,98.2809602804385,4.01701140624879,"Within Range","","8/19/2026","Ch1-80 and Ch11-80 Not Collected"
