Year,Community,Chamber,Treatment,Quadrat,StemCount,ChamberArea
1987,MX,1,E,-99,152,0.47
1987,MX,2,A,-99,109,0.47
1987,MX,3,C,-99,104,0.47
1987,MX,4,E,-99,154,0.47
1987,MX,5,C,-99,102,0.47
1987,MX,6,A,-99,85,0.47
1987,MX,7,C,-99,130,0.47
1987,MX,8,E,-99,167,0.47
1987,MX,9,A,-99,38,0.47
1987,MX,10,C,-99,114,0.47
1987,MX,11,E,-99,193,0.47
1987,MX,12,A,-99,124,0.47
1987,MX,13,E,-99,73,0.47
1987,MX,14,C,-99,54,0.47
1987,MX,15,A,-99,106,0.47
1987,SC,1,E,-99,469,0.47
1987,SC,2,A,-99,319,0.47
1987,SC,3,C,-99,297,0.47
1987,SC,4,A,-99,370,0.47
1987,SC,5,C,-99,383,0.47
1987,SC,6,E,-99,453,0.47
1987,SC,7,C,-99,305,0.47
1987,SC,8,A,-99,391,0.47
1987,SC,9,E,-99,422,0.47
1987,SC,10,E,-99,395,0.47
1987,SC,11,C,-99,358,0.47
1987,SC,12,A,-99,330,0.47
1987,SC,13,C,-99,272,0.47
1987,SC,14,E,-99,363,0.47
1987,SC,15,A,-99,330,0.47
1987,SP,1,E,-99,0,0.47
1987,SP,2,A,-99,0,0.47
1987,SP,3,C,-99,0,0.47
1987,SP,4,E,-99,0,0.47
1987,SP,5,A,-99,0,0.47
1987,SP,6,C,-99,0,0.47
1987,SP,7,C,-99,0,0.47
1987,SP,8,E,-99,0,0.47
1987,SP,9,A,-99,0,0.47
1987,SP,10,E,-99,0,0.47
1987,SP,11,A,-99,0,0.47
1987,SP,12,C,-99,0,0.47
1987,SP,13,A,-99,0,0.47
1987,SP,14,E,-99,0,0.47
1987,SP,15,C,-99,0,0.47
1988,MX,1,E,-99,174,0.47
1988,MX,2,A,-99,70,0.47
1988,MX,3,C,-99,69,0.47
1988,MX,4,E,-99,145,0.47
1988,MX,5,C,-99,58,0.47
1988,MX,6,A,-99,72,0.47
1988,MX,7,C,-99,60,0.47
1988,MX,8,E,-99,107,0.47
1988,MX,9,A,-99,9,0.47
1988,MX,10,C,-99,108,0.47
1988,MX,11,E,-99,245,0.47
1988,MX,12,A,-99,38,0.47
1988,MX,13,E,-99,89,0.47
1988,MX,14,C,-99,15,0.47
1988,MX,15,A,-99,47,0.47
1988,SC,1,E,-99,518,0.47
1988,SC,2,A,-99,426,0.47
1988,SC,3,C,-99,346,0.47
1988,SC,4,A,-99,428,0.47
1988,SC,5,C,-99,406,0.47
1988,SC,6,E,-99,454,0.47
1988,SC,7,C,-99,423,0.47
1988,SC,8,A,-99,372,0.47
1988,SC,9,E,-99,480,0.47
1988,SC,10,E,-99,432,0.47
1988,SC,11,C,-99,380,0.47
1988,SC,12,A,-99,355,0.47
1988,SC,13,C,-99,343,0.47
1988,SC,14,E,-99,340,0.47
1988,SC,15,A,-99,324,0.47
1988,SP,1,E,-99,0,0.47
1988,SP,2,A,-99,0,0.47
1988,SP,3,C,-99,0,0.47
1988,SP,4,E,-99,0,0.47
1988,SP,5,A,-99,0,0.47
1988,SP,6,C,-99,0,0.47
1988,SP,7,C,-99,0,0.47
1988,SP,8,E,-99,0,0.47
1988,SP,9,A,-99,0,0.47
1988,SP,10,E,-99,0,0.47
1988,SP,11,A,-99,0,0.47
1988,SP,12,C,-99,0,0.47
1988,SP,13,A,-99,0,0.47
1988,SP,14,E,-99,0,0.47
1988,SP,15,C,-99,0,0.47
1989,MX,1,E,-99,158,0.47
1989,MX,2,A,-99,79,0.47
1989,MX,3,C,-99,60,0.47
1989,MX,4,E,-99,123,0.47
1989,MX,5,C,-99,65,0.47
1989,MX,6,A,-99,52,0.47
1989,MX,7,C,-99,33,0.47
1989,MX,8,E,-99,123,0.47
1989,MX,9,A,-99,16,0.47
1989,MX,10,C,-99,70,0.47
1989,MX,11,E,-99,204,0.47
1989,MX,12,A,-99,55,0.47
1989,MX,13,E,-99,93,0.47
1989,MX,14,C,-99,5,0.47
1989,MX,15,A,-99,61,0.47
1989,SC,1,E,-99,410,0.47
1989,SC,2,A,-99,363,0.47
1989,SC,3,C,-99,373,0.47
1989,SC,4,A,-99,389,0.47
1989,SC,5,C,-99,300,0.47
1989,SC,6,E,-99,337,0.47
1989,SC,7,C,-99,334,0.47
1989,SC,8,A,-99,339,0.47
1989,SC,9,E,-99,332,0.47
1989,SC,10,E,-99,393,0.47
1989,SC,11,C,-99,106,0.47
1989,SC,12,A,-99,264,0.47
1989,SC,13,C,-99,180,0.47
1989,SC,14,E,-99,228,0.47
1989,SC,15,A,-99,151,0.47
1989,SP,1,E,-99,0,0.47
1989,SP,2,A,-99,0,0.47
1989,SP,3,C,-99,0,0.47
1989,SP,4,E,-99,0,0.47
1989,SP,5,A,-99,0,0.47
1989,SP,6,C,-99,0,0.47
1989,SP,7,C,-99,0,0.47
1989,SP,8,E,-99,0,0.47
1989,SP,9,A,-99,0,0.47
1989,SP,10,E,-99,0,0.47
1989,SP,11,A,-99,0,0.47
1989,SP,12,C,-99,0,0.47
1989,SP,13,A,-99,0,0.47
1989,SP,14,E,-99,0,0.47
1989,SP,15,C,-99,0,0.47
1990,MX,1,E,-99,156,0.47
1990,MX,2,A,-99,119,0.47
1990,MX,3,C,-99,52,0.47
1990,MX,4,E,-99,125,0.47
1990,MX,5,C,-99,51,0.47
1990,MX,6,A,-99,80,0.47
1990,MX,7,C,-99,84,0.47
1990,MX,8,E,-99,51,0.47
1990,MX,9,A,-99,9,0.47
1990,MX,10,C,-99,42,0.47
1990,MX,11,E,-99,100,0.47
1990,MX,12,A,-99,30,0.47
1990,MX,13,E,-99,71,0.47
1990,MX,14,C,-99,1,0.47
1990,MX,15,A,-99,30,0.47
1990,SC,1,E,-99,484,0.47
1990,SC,2,A,-99,469,0.47
1990,SC,3,C,-99,385,0.47
1990,SC,4,A,-99,476,0.47
1990,SC,5,C,-99,333,0.47
1990,SC,6,E,-99,335,0.47
1990,SC,7,C,-99,347,0.47
1990,SC,8,A,-99,298,0.47
1990,SC,9,E,-99,342,0.47
1990,SC,10,E,-99,347,0.47
1990,SC,11,C,-99,150,0.47
1990,SC,12,A,-99,162,0.47
1990,SC,13,C,-99,134,0.47
1990,SC,14,E,-99,180,0.47
1990,SC,15,A,-99,82,0.47
1990,SP,1,E,-99,0,0.47
1990,SP,2,A,-99,0,0.47
1990,SP,3,C,-99,0,0.47
1990,SP,4,E,-99,0,0.47
1990,SP,5,A,-99,0,0.47
1990,SP,6,C,-99,0,0.47
1990,SP,7,C,-99,0,0.47
1990,SP,8,E,-99,0,0.47
1990,SP,9,A,-99,0,0.47
1990,SP,10,E,-99,0,0.47
1990,SP,11,A,-99,0,0.47
1990,SP,12,C,-99,0,0.47
1990,SP,13,A,-99,0,0.47
1990,SP,14,E,-99,0,0.47
1990,SP,15,C,-99,0,0.47
1991,MX,1,E,-99,198,0.47
1991,MX,2,A,-99,151,0.47
1991,MX,3,C,-99,117,0.47
1991,MX,4,E,-99,107,0.47
1991,MX,5,C,-99,149,0.47
1991,MX,6,A,-99,161,0.47
1991,MX,7,C,-99,80,0.47
1991,MX,8,E,-99,161,0.47
1991,MX,9,A,-99,27,0.47
1991,MX,10,C,-99,95,0.47
1991,MX,11,E,-99,197,0.47
1991,MX,12,A,-99,42,0.47
1991,MX,13,E,-99,150,0.47
1991,MX,14,C,-99,2,0.47
1991,MX,15,A,-99,80,0.47
1991,SC,1,E,-99,452,0.47
1991,SC,2,A,-99,415,0.47
1991,SC,3,C,-99,251,0.47
1991,SC,4,A,-99,321,0.47
1991,SC,5,C,-99,239,0.47
1991,SC,6,E,-99,392,0.47
1991,SC,7,C,-99,224,0.47
1991,SC,8,A,-99,306,0.47
1991,SC,9,E,-99,328,0.47
1991,SC,10,E,-99,393,0.47
1991,SC,11,C,-99,227,0.47
1991,SC,12,A,-99,278,0.47
1991,SC,13,C,-99,225,0.47
1991,SC,14,E,-99,254,0.47
1991,SC,15,A,-99,206,0.47
1991,SP,1,E,-99,0,0.47
1991,SP,2,A,-99,0,0.47
1991,SP,3,C,-99,0,0.47
1991,SP,4,E,-99,0,0.47
1991,SP,5,A,-99,0,0.47
1991,SP,6,C,-99,0,0.47
1991,SP,7,C,-99,0,0.47
1991,SP,8,E,-99,0,0.47
1991,SP,9,A,-99,0,0.47
1991,SP,10,E,-99,0,0.47
1991,SP,11,A,-99,0,0.47
1991,SP,12,C,-99,0,0.47
1991,SP,13,A,-99,0,0.47
1991,SP,14,E,-99,0,0.47
1991,SP,15,C,-99,0,0.47
1992,MX,1,E,-99,189,0.47
1992,MX,2,A,-99,177,0.47
1992,MX,3,C,-99,175,0.47
1992,MX,4,E,-99,204,0.47
1992,MX,5,C,-99,167,0.47
1992,MX,6,A,-99,160,0.47
1992,MX,7,C,-99,161,0.47
1992,MX,8,E,-99,108,0.47
1992,MX,9,A,-99,30,0.47
1992,MX,10,C,-99,129,0.47
1992,MX,11,E,-99,192,0.47
1992,MX,12,A,-99,42,0.47
1992,MX,13,E,-99,205,0.47
1992,MX,14,C,-99,2,0.47
1992,MX,15,A,-99,12,0.47
1992,SC,1,E,-99,383,0.47
1992,SC,2,A,-99,272,0.47
1992,SC,3,C,-99,316,0.47
1992,SC,4,A,-99,287,0.47
1992,SC,5,C,-99,338,0.47
1992,SC,6,E,-99,319,0.47
1992,SC,7,C,-99,348,0.47
1992,SC,8,A,-99,300,0.47
1992,SC,9,E,-99,370,0.47
1992,SC,10,E,-99,369,0.47
1992,SC,11,C,-99,253,0.47
1992,SC,12,A,-99,215,0.47
1992,SC,13,C,-99,163,0.47
1992,SC,14,E,-99,231,0.47
1992,SC,15,A,-99,147,0.47
1992,SP,1,E,-99,0,0.47
1992,SP,2,A,-99,0,0.47
1992,SP,3,C,-99,0,0.47
1992,SP,4,E,-99,0,0.47
1992,SP,5,A,-99,0,0.47
1992,SP,6,C,-99,0,0.47
1992,SP,7,C,-99,0,0.47
1992,SP,8,E,-99,0,0.47
1992,SP,9,A,-99,0,0.47
1992,SP,10,E,-99,0,0.47
1992,SP,11,A,-99,0,0.47
1992,SP,12,C,-99,0,0.47
1992,SP,13,A,-99,0,0.47
1992,SP,14,E,-99,0,0.47
1992,SP,15,C,-99,0,0.47
1993,MX,1,E,-99,259,0.47
1993,MX,2,A,-99,216,0.47
1993,MX,3,C,-99,138,0.47
1993,MX,4,E,-99,259,0.47
1993,MX,5,C,-99,166,0.47
1993,MX,6,A,-99,187,0.47
1993,MX,7,C,-99,186,0.47
1993,MX,8,E,-99,127,0.47
1993,MX,9,A,-99,48,0.47
1993,MX,10,C,-99,177,0.47
1993,MX,11,E,-99,208,0.47
1993,MX,12,A,-99,36,0.47
1993,MX,13,E,-99,160,0.47
1993,MX,14,C,-99,0,0.47
1993,MX,15,A,-99,111,0.47
1993,SC,1,E,-99,478,0.47
1993,SC,2,A,-99,522,0.47
1993,SC,3,C,-99,415,0.47
1993,SC,4,A,-99,281,0.47
1993,SC,5,C,-99,408,0.47
1993,SC,6,E,-99,347,0.47
1993,SC,7,C,-99,305,0.47
1993,SC,8,A,-99,292,0.47
1993,SC,9,E,-99,370,0.47
1993,SC,10,E,-99,328,0.47
1993,SC,11,C,-99,242,0.47
1993,SC,12,A,-99,279,0.47
1993,SC,13,C,-99,147,0.47
1993,SC,14,E,-99,279,0.47
1993,SC,15,A,-99,88,0.47
1993,SP,1,E,-99,0,0.47
1993,SP,2,A,-99,0,0.47
1993,SP,3,C,-99,0,0.47
1993,SP,4,E,-99,0,0.47
1993,SP,5,A,-99,0,0.47
1993,SP,6,C,-99,0,0.47
1993,SP,7,C,-99,0,0.47
1993,SP,8,E,-99,0,0.47
1993,SP,9,A,-99,0,0.47
1993,SP,10,E,-99,0,0.47
1993,SP,11,A,-99,0,0.47
1993,SP,12,C,-99,0,0.47
1993,SP,13,A,-99,0,0.47
1993,SP,14,E,-99,0,0.47
1993,SP,15,C,-99,0,0.47
1994,MX,1,E,-99,275,0.47
1994,MX,2,A,-99,272,0.47
1994,MX,3,C,-99,131,0.47
1994,MX,4,E,-99,280,0.47
1994,MX,5,C,-99,98,0.47
1994,MX,6,A,-99,223,0.47
1994,MX,7,C,-99,135,0.47
1994,MX,8,E,-99,209,0.47
1994,MX,9,A,-99,84,0.47
1994,MX,10,C,-99,115,0.47
1994,MX,11,E,-99,267,0.47
1994,MX,12,A,-99,45,0.47
1994,MX,13,E,-99,234,0.47
1994,MX,14,C,-99,10,0.47
1994,MX,15,A,-99,173,0.47
1994,SC,1,E,-99,434,0.47
1994,SC,2,A,-99,537,0.47
1994,SC,3,C,-99,413,0.47
1994,SC,4,A,-99,393,0.47
1994,SC,5,C,-99,402,0.47
1994,SC,6,E,-99,432,0.47
1994,SC,7,C,-99,183,0.47
1994,SC,8,A,-99,317,0.47
1994,SC,9,E,-99,422,0.47
1994,SC,10,E,-99,474,0.47
1994,SC,11,C,-99,255,0.47
1994,SC,12,A,-99,231,0.47
1994,SC,13,C,-99,222,0.47
1994,SC,14,E,-99,328,0.47
1994,SC,15,A,-99,165,0.47
1994,SP,1,E,-99,0,0.47
1994,SP,2,A,-99,0,0.47
1994,SP,3,C,-99,0,0.47
1994,SP,4,E,-99,0,0.47
1994,SP,5,A,-99,0,0.47
1994,SP,6,C,-99,0,0.47
1994,SP,7,C,-99,0,0.47
1994,SP,8,E,-99,0,0.47
1994,SP,9,A,-99,0,0.47
1994,SP,10,E,-99,0,0.47
1994,SP,11,A,-99,0,0.47
1994,SP,12,C,-99,0,0.47
1994,SP,13,A,-99,0,0.47
1994,SP,14,E,-99,0,0.47
1994,SP,15,C,-99,0,0.47
1995,MX,1,E,-99,248,0.47
1995,MX,2,A,-99,195,0.47
1995,MX,3,C,-99,123,0.47
1995,MX,4,E,-99,173,0.47
1995,MX,5,C,-99,110,0.47
1995,MX,6,A,-99,175,0.47
1995,MX,7,C,-99,81,0.47
1995,MX,8,E,-99,90,0.47
1995,MX,9,A,-99,53,0.47
1995,MX,10,C,-99,76,0.47
1995,MX,11,E,-99,173,0.47
1995,MX,12,A,-99,40,0.47
1995,MX,13,E,-99,189,0.47
1995,MX,14,C,-99,24,0.47
1995,MX,15,A,-99,126,0.47
1995,SC,1,E,-99,305,0.47
1995,SC,2,A,-99,277,0.47
1995,SC,3,C,-99,319,0.47
1995,SC,4,A,-99,197,0.47
1995,SC,5,C,-99,288,0.47
1995,SC,6,E,-99,311,0.47
1995,SC,7,C,-99,264,0.47
1995,SC,8,A,-99,182,0.47
1995,SC,9,E,-99,284,0.47
1995,SC,10,E,-99,282,0.47
1995,SC,11,C,-99,144,0.47
1995,SC,12,A,-99,97,0.47
1995,SC,13,C,-99,80,0.47
1995,SC,14,E,-99,204,0.47
1995,SC,15,A,-99,76,0.47
1995,SP,1,E,-99,0,0.47
1995,SP,2,A,-99,0,0.47
1995,SP,3,C,-99,0,0.47
1995,SP,4,E,-99,0,0.47
1995,SP,5,A,-99,0,0.47
1995,SP,6,C,-99,0,0.47
1995,SP,7,C,-99,0,0.47
1995,SP,8,E,-99,0,0.47
1995,SP,9,A,-99,0,0.47
1995,SP,10,E,-99,0,0.47
1995,SP,11,A,-99,0,0.47
1995,SP,12,C,-99,0,0.47
1995,SP,13,A,-99,0,0.47
1995,SP,14,E,-99,0,0.47
1995,SP,15,C,-99,0,0.47
1996,MX,1,E,-99,331,0.47
1996,MX,2,A,-99,334,0.47
1996,MX,3,C,-99,176,0.47
1996,MX,4,E,-99,398,0.47
1996,MX,5,C,-99,191,0.47
1996,MX,6,A,-99,269,0.47
1996,MX,7,C,-99,150,0.47
1996,MX,8,E,-99,234,0.47
1996,MX,9,A,-99,186,0.47
1996,MX,10,C,-99,202,0.47
1996,MX,11,E,-99,353,0.47
1996,MX,12,A,-99,112,0.47
1996,MX,13,E,-99,373,0.47
1996,MX,14,C,-99,87,0.47
1996,MX,15,A,-99,161,0.47
1996,SC,1,E,-99,496,0.47
1996,SC,2,A,-99,465,0.47
1996,SC,3,C,-99,437,0.47
1996,SC,4,A,-99,383,0.47
1996,SC,5,C,-99,498,0.47
1996,SC,6,E,-99,460,0.47
1996,SC,7,C,-99,511,0.47
1996,SC,8,A,-99,295,0.47
1996,SC,9,E,-99,384,0.47
1996,SC,10,E,-99,499,0.47
1996,SC,11,C,-99,386,0.47
1996,SC,12,A,-99,263,0.47
1996,SC,13,C,-99,216,0.47
1996,SC,14,E,-99,485,0.47
1996,SC,15,A,-99,163,0.47
1996,SP,1,E,-99,0,0.47
1996,SP,2,A,-99,0,0.47
1996,SP,3,C,-99,0,0.47
1996,SP,4,E,-99,0,0.47
1996,SP,5,A,-99,0,0.47
1996,SP,6,C,-99,0,0.47
1996,SP,7,C,-99,0,0.47
1996,SP,8,E,-99,0,0.47
1996,SP,9,A,-99,0,0.47
1996,SP,10,E,-99,0,0.47
1996,SP,11,A,-99,0,0.47
1996,SP,12,C,-99,0,0.47
1996,SP,13,A,-99,0,0.47
1996,SP,14,E,-99,0,0.47
1996,SP,15,C,-99,0,0.47
1997,MX,1,E,-99,336,0.47
1997,MX,2,A,-99,342,0.47
1997,MX,3,C,-99,172,0.47
1997,MX,4,E,-99,290,0.47
1997,MX,5,C,-99,123,0.47
1997,MX,6,A,-99,265,0.47
1997,MX,7,C,-99,138,0.47
1997,MX,8,E,-99,166,0.47
1997,MX,9,A,-99,203,0.47
1997,MX,10,C,-99,177,0.47
1997,MX,11,E,-99,318,0.47
1997,MX,12,A,-99,185,0.47
1997,MX,13,E,-99,346,0.47
1997,MX,14,C,-99,82,0.47
1997,MX,15,A,-99,178,0.47
1997,SC,1,E,-99,412,0.47
1997,SC,2,A,-99,303,0.47
1997,SC,3,C,-99,483,0.47
1997,SC,4,A,-99,346,0.47
1997,SC,5,C,-99,395,0.47
1997,SC,6,E,-99,297,0.47
1997,SC,7,C,-99,413,0.47
1997,SC,8,A,-99,263,0.47
1997,SC,9,E,-99,361,0.47
1997,SC,10,E,-99,478,0.47
1997,SC,11,C,-99,160,0.47
1997,SC,12,A,-99,151,0.47
1997,SC,13,C,-99,103,0.47
1997,SC,14,E,-99,436,0.47
1997,SC,15,A,-99,108,0.47
1997,SP,1,E,-99,0,0.47
1997,SP,2,A,-99,0,0.47
1997,SP,3,C,-99,0,0.47
1997,SP,4,E,-99,0,0.47
1997,SP,5,A,-99,0,0.47
1997,SP,6,C,-99,0,0.47
1997,SP,7,C,-99,0,0.47
1997,SP,8,E,-99,0,0.47
1997,SP,9,A,-99,0,0.47
1997,SP,10,E,-99,0,0.47
1997,SP,11,A,-99,0,0.47
1997,SP,12,C,-99,0,0.47
1997,SP,13,A,-99,0,0.47
1997,SP,14,E,-99,0,0.47
1997,SP,15,C,-99,0,0.47
1998,MX,1,E,-99,280,0.47
1998,MX,2,A,-99,245,0.47
1998,MX,3,C,-99,168,0.47
1998,MX,4,E,-99,293,0.47
1998,MX,5,C,-99,130,0.47
1998,MX,6,A,-99,226,0.47
1998,MX,7,C,-99,128,0.47
1998,MX,8,E,-99,129,0.47
1998,MX,9,A,-99,189,0.47
1998,MX,10,C,-99,120,0.47
1998,MX,11,E,-99,167,0.47
1998,MX,12,A,-99,208,0.47
1998,MX,13,E,-99,185,0.47
1998,MX,14,C,-99,127,0.47
1998,MX,15,A,-99,135,0.47
1998,SC,1,E,-99,405,0.47
1998,SC,2,A,-99,269,0.47
1998,SC,3,C,-99,318,0.47
1998,SC,4,A,-99,282,0.47
1998,SC,5,C,-99,233,0.47
1998,SC,6,E,-99,292,0.47
1998,SC,7,C,-99,296,0.47
1998,SC,8,A,-99,194,0.47
1998,SC,9,E,-99,292,0.47
1998,SC,10,E,-99,345,0.47
1998,SC,11,C,-99,167,0.47
1998,SC,12,A,-99,79,0.47
1998,SC,13,C,-99,89,0.47
1998,SC,14,E,-99,325,0.47
1998,SC,15,A,-99,70,0.47
1998,SP,1,E,-99,0,0.47
1998,SP,2,A,-99,0,0.47
1998,SP,3,C,-99,0,0.47
1998,SP,4,E,-99,0,0.47
1998,SP,5,A,-99,0,0.47
1998,SP,6,C,-99,0,0.47
1998,SP,7,C,-99,0,0.47
1998,SP,8,E,-99,0,0.47
1998,SP,9,A,-99,0,0.47
1998,SP,10,E,-99,0,0.47
1998,SP,11,A,-99,0,0.47
1998,SP,12,C,-99,0,0.47
1998,SP,13,A,-99,0,0.47
1998,SP,14,E,-99,0,0.47
1998,SP,15,C,-99,0,0.47
1999,MX,1,E,-99,223,0.47
1999,MX,2,A,-99,238,0.47
1999,MX,3,C,-99,112,0.47
1999,MX,4,E,-99,220,0.47
1999,MX,5,C,-99,121,0.47
1999,MX,6,A,-99,175,0.47
1999,MX,7,C,-99,150,0.47
1999,MX,8,E,-99,179,0.47
1999,MX,9,A,-99,155,0.47
1999,MX,10,C,-99,124,0.47
1999,MX,11,E,-99,263,0.47
1999,MX,12,A,-99,205,0.47
1999,MX,13,E,-99,324,0.47
1999,MX,14,C,-99,128,0.47
1999,MX,15,A,-99,151,0.47
1999,SC,1,E,-99,387,0.47
1999,SC,2,A,-99,252,0.47
1999,SC,3,C,-99,244,0.47
1999,SC,4,A,-99,229,0.47
1999,SC,5,C,-99,135,0.47
1999,SC,6,E,-99,302,0.47
1999,SC,7,C,-99,185,0.47
1999,SC,8,A,-99,128,0.47
1999,SC,9,E,-99,252,0.47
1999,SC,10,E,-99,259,0.47
1999,SC,11,C,-99,160,0.47
1999,SC,12,A,-99,46,0.47
1999,SC,13,C,-99,57,0.47
1999,SC,14,E,-99,233,0.47
1999,SC,15,A,-99,54,0.47
1999,SP,1,E,-99,0,0.47
1999,SP,2,A,-99,0,0.47
1999,SP,3,C,-99,0,0.47
1999,SP,4,E,-99,0,0.47
1999,SP,5,A,-99,0,0.47
1999,SP,6,C,-99,0,0.47
1999,SP,7,C,-99,0,0.47
1999,SP,8,E,-99,0,0.47
1999,SP,9,A,-99,0,0.47
1999,SP,10,E,-99,0,0.47
1999,SP,11,A,-99,0,0.47
1999,SP,12,C,-99,0,0.47
1999,SP,13,A,-99,0,0.47
1999,SP,14,E,-99,0,0.47
1999,SP,15,C,-99,0,0.47
2000,MX,1,E,-99,218,0.47
2000,MX,2,A,-99,268,0.47
2000,MX,3,C,-99,189,0.47
2000,MX,4,E,-99,191,0.47
2000,MX,5,C,-99,169,0.47
2000,MX,6,A,-99,137,0.47
2000,MX,7,C,-99,199,0.47
2000,MX,8,E,-99,188,0.47
2000,MX,9,A,-99,159,0.47
2000,MX,10,C,-99,193,0.47
2000,MX,11,E,-99,255,0.47
2000,MX,12,A,-99,253,0.47
2000,MX,13,E,-99,181,0.47
2000,MX,14,C,-99,116,0.47
2000,MX,15,A,-99,149,0.47
2000,SC,1,E,-99,304,0.47
2000,SC,2,A,-99,200,0.47
2000,SC,3,C,-99,197,0.47
2000,SC,4,A,-99,397,0.47
2000,SC,5,C,-99,164,0.47
2000,SC,6,E,-99,318,0.47
2000,SC,7,C,-99,297,0.47
2000,SC,8,A,-99,241,0.47
2000,SC,9,E,-99,362,0.47
2000,SC,10,E,-99,410,0.47
2000,SC,11,C,-99,145,0.47
2000,SC,12,A,-99,14,0.47
2000,SC,13,C,-99,54,0.47
2000,SC,14,E,-99,214,0.47
2000,SC,15,A,-99,52,0.47
2000,SP,1,E,-99,0,0.47
2000,SP,2,A,-99,0,0.47
2000,SP,3,C,-99,0,0.47
2000,SP,4,E,-99,0,0.47
2000,SP,5,A,-99,0,0.47
2000,SP,6,C,-99,0,0.47
2000,SP,7,C,-99,0,0.47
2000,SP,8,E,-99,0,0.47
2000,SP,9,A,-99,0,0.47
2000,SP,10,E,-99,0,0.47
2000,SP,11,A,-99,0,0.47
2000,SP,12,C,-99,0,0.47
2000,SP,13,A,-99,0,0.47
2000,SP,14,E,-99,0,0.47
2000,SP,15,C,-99,0,0.47
2001,MX,1,E,-99,313,0.47
2001,MX,2,A,-99,312,0.47
2001,MX,3,C,-99,192,0.47
2001,MX,4,E,-99,359,0.47
2001,MX,5,C,-99,140,0.47
2001,MX,6,A,-99,236,0.47
2001,MX,7,C,-99,179,0.47
2001,MX,8,E,-99,194,0.47
2001,MX,9,A,-99,179,0.47
2001,MX,10,C,-99,198,0.47
2001,MX,11,E,-99,351,0.47
2001,MX,12,A,-99,275,0.47
2001,MX,13,E,-99,350,0.47
2001,MX,14,C,-99,158,0.47
2001,MX,15,A,-99,205,0.47
2001,SC,1,E,-99,390,0.47
2001,SC,2,A,-99,284,0.47
2001,SC,3,C,-99,205,0.47
2001,SC,4,A,-99,325,0.47
2001,SC,5,C,-99,234,0.47
2001,SC,6,E,-99,388,0.47
2001,SC,7,C,-99,218,0.47
2001,SC,8,A,-99,251,0.47
2001,SC,9,E,-99,402,0.47
2001,SC,10,E,-99,352,0.47
2001,SC,11,C,-99,111,0.47
2001,SC,12,A,-99,35,0.47
2001,SC,13,C,-99,64,0.47
2001,SC,14,E,-99,285,0.47
2001,SC,15,A,-99,90,0.47
2001,SP,1,E,-99,0,0.47
2001,SP,2,A,-99,0,0.47
2001,SP,3,C,-99,0,0.47
2001,SP,4,E,-99,0,0.47
2001,SP,5,A,-99,0,0.47
2001,SP,6,C,-99,0,0.47
2001,SP,7,C,-99,0,0.47
2001,SP,8,E,-99,0,0.47
2001,SP,9,A,-99,0,0.47
2001,SP,10,E,-99,0,0.47
2001,SP,11,A,-99,0,0.47
2001,SP,12,C,-99,0,0.47
2001,SP,13,A,-99,0,0.47
2001,SP,14,E,-99,0,0.47
2001,SP,15,C,-99,0,0.47
2002,MX,1,E,-99,126,0.47
2002,MX,2,A,-99,182,0.47
2002,MX,3,C,-99,128,0.47
2002,MX,4,E,-99,292,0.47
2002,MX,5,C,-99,97,0.47
2002,MX,6,A,-99,169,0.47
2002,MX,7,C,-99,99,0.47
2002,MX,8,E,-99,150,0.47
2002,MX,9,A,-99,77,0.47
2002,MX,10,C,-99,132,0.47
2002,MX,11,E,-99,312,0.47
2002,MX,12,A,-99,276,0.47
2002,MX,13,E,-99,267,0.47
2002,MX,14,C,-99,154,0.47
2002,MX,15,A,-99,192,0.47
2002,SC,1,E,-99,327,0.47
2002,SC,2,A,-99,228,0.47
2002,SC,3,C,-99,161,0.47
2002,SC,4,A,-99,271,0.47
2002,SC,5,C,-99,182,0.47
2002,SC,6,E,-99,391,0.47
2002,SC,7,C,-99,146,0.47
2002,SC,8,A,-99,148,0.47
2002,SC,9,E,-99,261,0.47
2002,SC,10,E,-99,244,0.47
2002,SC,11,C,-99,75,0.47
2002,SC,12,A,-99,19,0.47
2002,SC,13,C,-99,48,0.47
2002,SC,14,E,-99,267,0.47
2002,SC,15,A,-99,69,0.47
2002,SP,1,E,-99,29,0.47
2002,SP,2,A,-99,0,0.47
2002,SP,3,C,-99,0,0.47
2002,SP,4,E,-99,0,0.47
2002,SP,5,A,-99,0,0.47
2002,SP,6,C,-99,0,0.47
2002,SP,7,C,-99,0,0.47
2002,SP,8,E,-99,0,0.47
2002,SP,9,A,-99,0,0.47
2002,SP,10,E,-99,0,0.47
2002,SP,11,A,-99,0,0.47
2002,SP,12,C,-99,0,0.47
2002,SP,13,A,-99,0,0.47
2002,SP,14,E,-99,0,0.47
2002,SP,15,C,-99,38,0.47
2003,MX,1,E,-99,314,0.47
2003,MX,2,A,-99,191,0.47
2003,MX,3,C,-99,241,0.47
2003,MX,4,E,-99,476,0.47
2003,MX,5,C,-99,207,0.47
2003,MX,6,A,-99,293,0.47
2003,MX,7,C,-99,150,0.47
2003,MX,8,E,-99,222,0.47
2003,MX,9,A,-99,316,0.47
2003,MX,10,C,-99,152,0.47
2003,MX,11,E,-99,448,0.47
2003,MX,12,A,-99,444,0.47
2003,MX,13,E,-99,425,0.47
2003,MX,14,C,-99,192,0.47
2003,MX,15,A,-99,285,0.47
2003,SC,1,E,-99,438,0.47
2003,SC,2,A,-99,418,0.47
2003,SC,3,C,-99,271,0.47
2003,SC,4,A,-99,444,0.47
2003,SC,5,C,-99,284,0.47
2003,SC,6,E,-99,748,0.47
2003,SC,7,C,-99,270,0.47
2003,SC,8,A,-99,284,0.47
2003,SC,9,E,-99,719,0.47
2003,SC,10,E,-99,537,0.47
2003,SC,11,C,-99,164,0.47
2003,SC,12,A,-99,13,0.47
2003,SC,13,C,-99,78,0.47
2003,SC,14,E,-99,603,0.47
2003,SC,15,A,-99,176,0.47
2003,SP,1,E,-99,123,0.47
2003,SP,2,A,-99,0,0.47
2003,SP,3,C,-99,0,0.47
2003,SP,4,E,-99,0,0.47
2003,SP,5,A,-99,0,0.47
2003,SP,6,C,-99,9,0.47
2003,SP,7,C,-99,0,0.47
2003,SP,8,E,-99,0,0.47
2003,SP,9,A,-99,9,0.47
2003,SP,10,E,-99,0,0.47
2003,SP,11,A,-99,0,0.47
2003,SP,12,C,-99,2,0.47
2003,SP,13,A,-99,0,0.47
2003,SP,14,E,-99,0,0.47
2003,SP,15,C,-99,0,0.47
2004,MX,1,E,-99,378,0.47
2004,MX,2,A,-99,297,0.47
2004,MX,3,C,-99,-99,0.47
2004,MX,4,E,-99,412,0.47
2004,MX,5,C,-99,182,0.47
2004,MX,6,A,-99,200,0.47
2004,MX,7,C,-99,148,0.47
2004,MX,8,E,-99,251,0.47
2004,MX,9,A,-99,306,0.47
2004,MX,10,C,-99,174,0.47
2004,MX,11,E,-99,388,0.47
2004,MX,12,A,-99,454,0.47
2004,MX,13,E,-99,371,0.47
2004,MX,14,C,-99,201,0.47
2004,MX,15,A,-99,257,0.47
2004,SC,1,E,-99,474,0.47
2004,SC,2,A,-99,382,0.47
2004,SC,3,C,-99,200,0.47
2004,SC,4,A,-99,434,0.47
2004,SC,5,C,-99,-99,0.47
2004,SC,6,E,-99,454,0.47
2004,SC,7,C,-99,323,0.47
2004,SC,8,A,-99,297,0.47
2004,SC,9,E,-99,381,0.47
2004,SC,10,E,-99,286,0.47
2004,SC,11,C,-99,161,0.47
2004,SC,12,A,-99,20,0.47
2004,SC,13,C,-99,76,0.47
2004,SC,14,E,-99,460,0.47
2004,SC,15,A,-99,177,0.47
2004,SP,1,E,-99,158,0.47
2004,SP,2,A,-99,0,0.47
2004,SP,3,C,-99,12,0.47
2004,SP,4,E,-99,0,0.47
2004,SP,5,A,-99,0,0.47
2004,SP,6,C,-99,12,0.47
2004,SP,7,C,-99,1,0.47
2004,SP,8,E,-99,0,0.47
2004,SP,9,A,-99,25,0.47
2004,SP,10,E,-99,0,0.47
2004,SP,11,A,-99,0,0.47
2004,SP,12,C,-99,0,0.47
2004,SP,13,A,-99,0,0.47
2004,SP,14,E,-99,0,0.47
2004,SP,15,C,-99,0,0.47
2005,MX,1,E,-99,507,0.47
2005,MX,2,A,-99,348,0.47
2005,MX,3,C,-99,265,0.47
2005,MX,4,E,-99,457,0.47
2005,MX,5,C,-99,265,0.47
2005,MX,6,A,-99,246,0.47
2005,MX,7,C,-99,156,0.47
2005,MX,8,E,-99,342,0.47
2005,MX,9,A,-99,350,0.47
2005,MX,10,C,-99,378,0.47
2005,MX,11,E,-99,527,0.47
2005,MX,12,A,-99,529,0.47
2005,MX,13,E,-99,434,0.47
2005,MX,14,C,-99,244,0.47
2005,MX,15,A,-99,247,0.47
2005,SC,1,E,-99,584,0.47
2005,SC,2,A,-99,438,0.47
2005,SC,3,C,-99,240,0.47
2005,SC,4,A,-99,415,0.47
2005,SC,5,C,-99,183,0.47
2005,SC,6,E,-99,597,0.47
2005,SC,7,C,-99,337,0.47
2005,SC,8,A,-99,327,0.47
2005,SC,9,E,-99,503,0.47
2005,SC,10,E,-99,485,0.47
2005,SC,11,C,-99,198,0.47
2005,SC,12,A,-99,22,0.47
2005,SC,13,C,-99,179,0.47
2005,SC,14,E,-99,521,0.47
2005,SC,15,A,-99,217,0.47
2005,SP,1,E,-99,188,0.47
2005,SP,2,A,-99,0,0.47
2005,SP,3,C,-99,8,0.47
2005,SP,4,E,-99,0,0.47
2005,SP,5,A,-99,0,0.47
2005,SP,6,C,-99,7,0.47
2005,SP,7,C,-99,6,0.47
2005,SP,8,E,-99,0,0.47
2005,SP,9,A,-99,73,0.47
2005,SP,10,E,-99,0,0.47
2005,SP,11,A,-99,0,0.47
2005,SP,12,C,-99,1,0.47
2005,SP,13,A,-99,0,0.47
2005,SP,14,E,-99,0,0.47
2005,SP,15,C,-99,73,0.47
2006,MX,1,E,-99,303,0.47
2006,MX,2,A,-99,264,0.47
2006,MX,3,C,-99,148,0.47
2006,MX,4,E,-99,346,0.47
2006,MX,5,C,-99,42,0.47
2006,MX,6,A,-99,188,0.47
2006,MX,7,C,-99,163,0.47
2006,MX,8,E,-99,233,0.47
2006,MX,9,A,-99,211,0.47
2006,MX,10,C,-99,156,0.47
2006,MX,11,E,-99,294,0.47
2006,MX,12,A,-99,315,0.47
2006,MX,13,E,-99,241,0.47
2006,MX,14,C,-99,138,0.47
2006,MX,15,A,-99,175,0.47
2006,SC,1,E,-99,364,0.47
2006,SC,2,A,-99,375,0.47
2006,SC,3,C,-99,197,0.47
2006,SC,4,A,-99,343,0.47
2006,SC,5,C,-99,164,0.47
2006,SC,6,E,-99,446,0.47
2006,SC,7,C,-99,224,0.47
2006,SC,8,A,-99,234,0.47
2006,SC,9,E,-99,286,0.47
2006,SC,10,E,-99,228,0.47
2006,SC,11,C,-99,176,0.47
2006,SC,12,A,-99,23,0.47
2006,SC,13,C,-99,77,0.47
2006,SC,14,E,-99,285,0.47
2006,SC,15,A,-99,158,0.47
2006,SP,1,E,-99,229,0.47
2006,SP,2,A,-99,0,0.47
2006,SP,3,C,-99,2,0.47
2006,SP,4,E,-99,0,0.47
2006,SP,5,A,-99,0,0.47
2006,SP,6,C,-99,5,0.47
2006,SP,7,C,-99,5,0.47
2006,SP,8,E,-99,0,0.47
2006,SP,9,A,-99,86,0.47
2006,SP,10,E,-99,0,0.47
2006,SP,11,A,-99,0,0.47
2006,SP,12,C,-99,6,0.47
2006,SP,13,A,-99,0,0.47
2006,SP,14,E,-99,0,0.47
2006,SP,15,C,-99,51,0.47
2007,MX,1,E,-99,331,0.47
2007,MX,2,A,-99,252,0.47
2007,MX,3,C,-99,190,0.47
2007,MX,4,E ,-99,384,0.47
2007,MX,5,C,-99,180,0.47
2007,MX,6,A,-99,216,0.47
2007,MX,7,C,-99,147,0.47
2007,MX,8,E,-99,257,0.47
2007,MX,9,A,-99,241,0.47
2007,MX,10,C,-99,252,0.47
2007,MX,11,E,-99,243,0.47
2007,MX,12,A,-99,354,0.47
2007,MX,13,E,-99,208,0.47
2007,MX,14,C,-99,150,0.47
2007,MX,15,A,-99,120,0.47
2007,SC,1,E,-99,327,0.47
2007,SC,2,A,-99,313,0.47
2007,SC,3,C,-99,168,0.47
2007,SC,4,A,-99,311,0.47
2007,SC,5,C,-99,162,0.47
2007,SC,6,E,-99,367,0.47
2007,SC,7,C,-99,220,0.47
2007,SC,8,A,-99,219,0.47
2007,SC,9,E,-99,325,0.47
2007,SC,10,E,-99,312,0.47
2007,SC,11,C,-99,157,0.47
2007,SC,12,A,-99,30,0.47
2007,SC,13,C,-99,98,0.47
2007,SC,14,E,-99,394,0.47
2007,SC,15,A,-99,164,0.47
2007,SP,1,E,-99,255,0.47
2007,SP,2,A,-99,0,0.47
2007,SP,3,C,-99,10,0.47
2007,SP,4,E,-99,0,0.47
2007,SP,5,A,-99,0,0.47
2007,SP,6,C,-99,14,0.47
2007,SP,7,C,-99,18,0.47
2007,SP,8,E,-99,0,0.47
2007,SP,9,A,-99,105,0.47
2007,SP,10,E,-99,0,0.47
2007,SP,11,A,-99,0,0.47
2007,SP,12,C,-99,13,0.47
2007,SP,13,A,-99,0,0.47
2007,SP,14,E,-99,0,0.47
2007,SP,15,C,-99,129,0.47
2008,MX,1,E,-99,395,0.47
2008,MX,2,A,-99,230,0.47
2008,MX,3,C,-99,133,0.47
2008,MX,4,E,-99,353,0.47
2008,MX,5,C,-99,184,0.47
2008,MX,6,A,-99,157,0.47
2008,MX,7,C,-99,85,0.47
2008,MX,8,E,-99,144,0.47
2008,MX,9,A,-99,134,0.47
2008,MX,10,C,-99,134,0.47
2008,MX,11,E,-99,243,0.47
2008,MX,12,A,-99,267,0.47
2008,MX,13,E,-99,104,0.47
2008,MX,14,C,-99,109,0.47
2008,MX,15,A,-99,80,0.47
2008,SC,1,E,-99,309,0.47
2008,SC,2,A,-99,296,0.47
2008,SC,3,C,-99,166,0.47
2008,SC,4,A,-99,242,0.47
2008,SC,5,C,-99,148,0.47
2008,SC,6,E,-99,364,0.47
2008,SC,7,C,-99,173,0.47
2008,SC,8,A,-99,247,0.47
2008,SC,9,E,-99,216,0.47
2008,SC,10,E,-99,252,0.47
2008,SC,11,C,-99,106,0.47
2008,SC,12,A,-99,23,0.47
2008,SC,13,C,-99,85,0.47
2008,SC,14,E,-99,311,0.47
2008,SC,15,A,-99,140,0.47
2008,SP,1,E,-99,203,0.47
2008,SP,2,A,-99,0,0.47
2008,SP,3,C,-99,0,0.47
2008,SP,4,E,-99,0,0.47
2008,SP,5,A,-99,0,0.47
2008,SP,6,C,-99,12,0.47
2008,SP,7,C,-99,20,0.47
2008,SP,8,E,-99,0,0.47
2008,SP,9,A,-99,72,0.47
2008,SP,10,E,-99,0,0.47
2008,SP,11,A,-99,0,0.47
2008,SP,12,C,-99,36,0.47
2008,SP,13,A,-99,0,0.47
2008,SP,14,E,-99,0,0.47
2008,SP,15,C,-99,116,0.47
2009,MX,1,E,-99,350,0.47
2009,MX,2,A,-99,88,0.47
2009,MX,3,C,-99,175,0.47
2009,MX,4,E ,-99,267,0.47
2009,MX,5,C,-99,179,0.47
2009,MX,6,A,-99,134,0.47
2009,MX,7,C,-99,124,0.47
2009,MX,8,E,-99,105,0.47
2009,MX,9,A,-99,134,0.47
2009,MX,10,C,-99,204,0.47
2009,MX,11,E,-99,230,0.47
2009,MX,12,A,-99,384,0.47
2009,MX,13,E,-99,176,0.47
2009,MX,14,C,-99,180,0.47
2009,MX,15,A,-99,106,0.47
2009,SC,1,E,-99,282,0.47
2009,SC,2,A,-99,309,0.47
2009,SC,3,C,-99,148,0.47
2009,SC,4,A,-99,233,0.47
2009,SC,5,C,-99,136,0.47
2009,SC,6,E,-99,326,0.47
2009,SC,7,C,-99,167,0.47
2009,SC,8,A,-99,179,0.47
2009,SC,9,E,-99,203,0.47
2009,SC,10,E,-99,229,0.47
2009,SC,11,C,-99,106,0.47
2009,SC,12,A,-99,33,0.47
2009,SC,13,C,-99,106,0.47
2009,SC,14,E,-99,328,0.47
2009,SC,15,A,-99,189,0.47
2009,SP,1,E,-99,168,0.47
2009,SP,2,A,-99,0,0.47
2009,SP,3,C,-99,0,0.47
2009,SP,4,E,-99,0,0.47
2009,SP,5,A,-99,0,0.47
2009,SP,6,C,-99,24,0.47
2009,SP,7,C,-99,28,0.47
2009,SP,8,E,-99,0,0.47
2009,SP,9,A,-99,139,0.47
2009,SP,10,E,-99,0,0.47
2009,SP,11,A,-99,0,0.47
2009,SP,12,C,-99,63,0.47
2009,SP,13,A,-99,0,0.47
2009,SP,14,E,-99,0,0.47
2009,SP,15,C,-99,127,0.47
2010,MX,1,E,-99,323,0.47
2010,MX,2,A,-99,323,0.47
2010,MX,3,C,-99,290,0.47
2010,MX,4,E,-99,477,0.47
2010,MX,5,C,-99,257,0.47
2010,MX,6,A,-99,261,0.47
2010,MX,7,C,-99,202,0.47
2010,MX,8,E,-99,213,0.47
2010,MX,9,A,-99,154,0.47
2010,MX,10,C,-99,259,0.47
2010,MX,11,E,-99,369,0.47
2010,MX,12,A,-99,317,0.47
2010,MX,13,E,-99,337,0.47
2010,MX,14,C,-99,222,0.47
2010,MX,15,A,-99,217,0.47
2010,SC,1,E,-99,453,0.47
2010,SC,2,A,-99,462,0.47
2010,SC,3,C,-99,209,0.47
2010,SC,4,A,-99,135,0.47
2010,SC,5,C,-99,60,0.47
2010,SC,6,E,-99,296,0.47
2010,SC,7,C,-99,271,0.47
2010,SC,8,A,-99,257,0.47
2010,SC,9,E,-99,328,0.47
2010,SC,10,E,-99,339,0.47
2010,SC,11,C,-99,168,0.47
2010,SC,12,A,-99,65,0.47
2010,SC,13,C,-99,150,0.47
2010,SC,14,E,-99,316,0.47
2010,SC,15,A,-99,105,0.47
2010,SP,1,E,-99,263,0.47
2010,SP,2,A,-99,0,0.47
2010,SP,3,C,-99,0,0.47
2010,SP,4,E,-99,0,0.47
2010,SP,5,A,-99,19,0.47
2010,SP,6,C,-99,31,0.47
2010,SP,7,C,-99,43,0.47
2010,SP,8,E,-99,0,0.47
2010,SP,9,A,-99,175,0.47
2010,SP,10,E,-99,0,0.47
2010,SP,11,A,-99,0,0.47
2010,SP,12,C,-99,47,0.47
2010,SP,13,A,-99,0,0.47
2010,SP,14,E,-99,0,0.47
2010,SP,15,C,-99,111,0.47
2011,MX,1,E,-99,550,0.47
2011,MX,2,A,-99,367,0.47
2011,MX,3,C,-99,262,0.47
2011,MX,4,E,-99,588,0.47
2011,MX,5,C,-99,282,0.47
2011,MX,6,A,-99,248,0.47
2011,MX,7,C,-99,167,0.47
2011,MX,8,E,-99,233,0.47
2011,MX,9,A,-99,180,0.47
2011,MX,10,C,-99,254,0.47
2011,MX,11,E,-99,373,0.47
2011,MX,12,A,-99,408,0.47
2011,MX,13,E,-99,367,0.47
2011,MX,14,C,-99,183,0.47
2011,MX,15,A,-99,303,0.47
2011,SC,1,E,-99,422,0.47
2011,SC,2,A,-99,506,0.47
2011,SC,3,C,-99,224,0.47
2011,SC,4,A,-99,430,0.47
2011,SC,5,C,-99,169,0.47
2011,SC,6,E,-99,433,0.47
2011,SC,7,C,-99,244,0.47
2011,SC,8,A,-99,339,0.47
2011,SC,9,E,-99,356,0.47
2011,SC,10,E,-99,429,0.47
2011,SC,11,C,-99,175,0.47
2011,SC,12,A,-99,81,0.47
2011,SC,13,C,-99,117,0.47
2011,SC,14,E,-99,421,0.47
2011,SC,15,A,-99,276,0.47
2011,SP,1,E,-99,351,0.47
2011,SP,2,A,-99,0,0.47
2011,SP,3,C,-99,3,0.47
2011,SP,4,E,-99,0,0.47
2011,SP,5,A,-99,0,0.47
2011,SP,6,C,-99,36,0.47
2011,SP,7,C,-99,42,0.47
2011,SP,8,E,-99,0,0.47
2011,SP,9,A,-99,182,0.47
2011,SP,10,E,-99,1,0.47
2011,SP,11,A,-99,8,0.47
2011,SP,12,C,-99,58,0.47
2011,SP,13,A,-99,0,0.47
2011,SP,14,E,-99,0,0.47
2011,SP,15,C,-99,139,0.47
2012,MX,1,E,-99,410,0.47
2012,MX,2,A,-99,251,0.47
2012,MX,3,C,-99,255,0.47
2012,MX,4,E,-99,349,0.47
2012,MX,5,C,-99,232,0.47
2012,MX,6,A,-99,222,0.47
2012,MX,7,C,-99,165,0.47
2012,MX,8,E,-99,189,0.47
2012,MX,9,A,-99,121,0.47
2012,MX,10,C,-99,154,0.47
2012,MX,11,E,-99,376,0.47
2012,MX,12,A,-99,359,0.47
2012,MX,13,E,-99,280,0.47
2012,MX,14,C,-99,91,0.47
2012,MX,15,A,-99,252,0.47
2012,SC,1,E,-99,349,0.47
2012,SC,2,A,-99,286,0.47
2012,SC,3,C,-99,182,0.47
2012,SC,4,A,-99,294,0.47
2012,SC,5,C,-99,131,0.47
2012,SC,6,E,-99,357,0.47
2012,SC,7,C,-99,193,0.47
2012,SC,8,A,-99,213,0.47
2012,SC,9,E,-99,332,0.47
2012,SC,10,E,-99,323,0.47
2012,SC,11,C,-99,157,0.47
2012,SC,12,A,-99,124,0.47
2012,SC,13,C,-99,159,0.47
2012,SC,14,E,-99,355,0.47
2012,SC,15,A,-99,279,0.47
2012,SP,1,E,-99,271,0.47
2012,SP,2,A,-99,0,0.47
2012,SP,3,C,-99,33,0.47
2012,SP,4,E,-99,0,0.47
2012,SP,5,A,-99,0,0.47
2012,SP,6,C,-99,67,0.47
2012,SP,7,C,-99,74,0.47
2012,SP,8,E,-99,0,0.47
2012,SP,9,A,-99,226,0.47
2012,SP,10,E,-99,4,0.47
2012,SP,11,A,-99,23,0.47
2012,SP,12,C,-99,86,0.47
2012,SP,13,A,-99,8,0.47
2012,SP,14,E,-99,14,0.47
2012,SP,15,C,-99,78,0.47
2013,MX,1,E,-99,560,0.47
2013,MX,2,A,-99,385,0.47
2013,MX,3,C,-99,212,0.47
2013,MX,4,E,-99,580,0.47
2013,MX,5,C,-99,347,0.47
2013,MX,6,A,-99,390,0.47
2013,MX,7,C,-99,113,0.47
2013,MX,8,E,-99,326,0.47
2013,MX,9,A,-99,160,0.47
2013,MX,10,C,-99,266,0.47
2013,MX,11,E,-99,479,0.47
2013,MX,12,A,-99,475,0.47
2013,MX,13,E,-99,384,0.47
2013,MX,14,C,-99,165,0.47
2013,MX,15,A,-99,389,0.47
2013,SC,1,E,-99,488,0.47
2013,SC,2,A,-99,405,0.47
2013,SC,3,C,-99,144,0.47
2013,SC,4,A,-99,401,0.47
2013,SC,5,C,-99,145,0.47
2013,SC,6,E,-99,453,0.47
2013,SC,7,C,-99,226,0.47
2013,SC,8,A,-99,373,0.47
2013,SC,9,E,-99,400,0.47
2013,SC,10,E,-99,380,0.47
2013,SC,11,C,-99,144,0.47
2013,SC,12,A,-99,161,0.47
2013,SC,13,C,-99,163,0.47
2013,SC,14,E,-99,356,0.47
2013,SC,15,A,-99,359,0.47
2013,SP,1,E,-99,311,0.47
2013,SP,2,A,-99,0,0.47
2013,SP,3,C,-99,96,0.47
2013,SP,4,E,-99,0,0.47
2013,SP,5,A,-99,0,0.47
2013,SP,6,C,-99,65,0.47
2013,SP,7,C,-99,74,0.47
2013,SP,8,E,-99,7,0.47
2013,SP,9,A,-99,390,0.47
2013,SP,10,E,-99,23,0.47
2013,SP,11,A,-99,52,0.47
2013,SP,12,C,-99,67,0.47
2013,SP,13,A,-99,44,0.47
2013,SP,14,E,-99,20,0.47
2013,SP,15,C,-99,97,0.47
2014,MX,1,E,1,166,0.53
2014,MX,1,E,2,201,0.53
2014,MX,1,E,3,138,0.53
2014,MX,1,E,4,127,0.53
2014,MX,2,A,1,123,0.53
2014,MX,2,A,2,125,0.53
2014,MX,2,A,3,149,0.53
2014,MX,2,A,4,95,0.53
2014,MX,3,C,1,72,0.47
2014,MX,3,C,2,53,0.47
2014,MX,3,C,3,117,0.47
2014,MX,3,C,4,82,0.47
2014,MX,4,E,1,140,0.53
2014,MX,4,E,2,123,0.53
2014,MX,4,E,3,134,0.53
2014,MX,4,E,4,137,0.53
2014,MX,5,C,1,57,0.47
2014,MX,5,C,2,89,0.47
2014,MX,5,C,3,140,0.47
2014,MX,5,C,4,81,0.47
2014,MX,6,A,1,144,0.53
2014,MX,6,A,2,124,0.53
2014,MX,6,A,3,128,0.53
2014,MX,6,A,4,112,0.53
2014,MX,7,C,1,30,0.47
2014,MX,7,C,2,50,0.47
2014,MX,7,C,3,52,0.47
2014,MX,7,C,4,42,0.47
2014,MX,8,E,1,89,0.53
2014,MX,8,E,2,135,0.53
2014,MX,8,E,3,86,0.53
2014,MX,8,E,4,144,0.53
2014,MX,9,A,1,85,0.53
2014,MX,9,A,2,40,0.53
2014,MX,9,A,3,27,0.53
2014,MX,9,A,4,30,0.53
2014,MX,10,C,1,64,0.47
2014,MX,10,C,2,79,0.47
2014,MX,10,C,3,86,0.47
2014,MX,10,C,4,63,0.47
2014,MX,11,E,1,130,0.53
2014,MX,11,E,2,121,0.53
2014,MX,11,E,3,126,0.53
2014,MX,11,E,4,112,0.53
2014,MX,12,A,1,145,0.53
2014,MX,12,A,2,107,0.53
2014,MX,12,A,3,151,0.53
2014,MX,12,A,4,127,0.53
2014,MX,13,E,1,125,0.53
2014,MX,13,E,2,96,0.53
2014,MX,13,E,3,140,0.53
2014,MX,13,E,4,125,0.53
2014,MX,14,C,1,24,0.47
2014,MX,14,C,2,26,0.47
2014,MX,14,C,3,43,0.47
2014,MX,14,C,4,37,0.47
2014,MX,15,A,1,97,0.53
2014,MX,15,A,2,117,0.53
2014,MX,15,A,3,87,0.53
2014,MX,15,A,4,103,0.53
2014,SC,1,E,1,125,0.53
2014,SC,1,E,2,91,0.53
2014,SC,1,E,3,133,0.53
2014,SC,1,E,4,112,0.53
2014,SC,2,A,1,111,0.53
2014,SC,2,A,2,90,0.53
2014,SC,2,A,3,95,0.53
2014,SC,2,A,4,112,0.53
2014,SC,3,C,1,74,0.47
2014,SC,3,C,2,65,0.47
2014,SC,3,C,3,31,0.47
2014,SC,3,C,4,26,0.47
2014,SC,4,A,1,102,0.53
2014,SC,4,A,2,57,0.53
2014,SC,4,A,3,116,0.53
2014,SC,4,A,4,124,0.53
2014,SC,5,C,1,66,0.47
2014,SC,5,C,2,65,0.47
2014,SC,5,C,3,45,0.47
2014,SC,5,C,4,33,0.47
2014,SC,6,E,1,116,0.53
2014,SC,6,E,2,114,0.53
2014,SC,6,E,3,89,0.53
2014,SC,6,E,4,110,0.53
2014,SC,7,C,1,35,0.47
2014,SC,7,C,2,55,0.47
2014,SC,7,C,3,67,0.47
2014,SC,7,C,4,58,0.47
2014,SC,8,A,1,99,0.53
2014,SC,8,A,2,102,0.53
2014,SC,8,A,3,69,0.53
2014,SC,8,A,4,62,0.53
2014,SC,9,E,1,128,0.53
2014,SC,9,E,2,95,0.53
2014,SC,9,E,3,124,0.53
2014,SC,9,E,4,100,0.53
2014,SC,10,E,1,97,0.53
2014,SC,10,E,2,116,0.53
2014,SC,10,E,3,106,0.53
2014,SC,10,E,4,118,0.53
2014,SC,11,C,1,165,0.47
2014,SC,11,C,2,49,0.47
2014,SC,11,C,3,81,0.47
2014,SC,11,C,4,37,0.47
2014,SC,12,A,1,47,0.53
2014,SC,12,A,2,52,0.53
2014,SC,12,A,3,64,0.53
2014,SC,12,A,4,64,0.53
2014,SC,13,C,1,67,0.47
2014,SC,13,C,2,34,0.47
2014,SC,13,C,3,41,0.47
2014,SC,13,C,4,64,0.47
2014,SC,14,E,1,156,0.53
2014,SC,14,E,2,125,0.53
2014,SC,14,E,3,105,0.53
2014,SC,14,E,4,129,0.53
2014,SC,15,A,1,100,0.53
2014,SC,15,A,2,103,0.53
2014,SC,15,A,3,95,0.53
2014,SC,15,A,4,74,0.53
2014,SP,1,E,1,82,0.53
2014,SP,1,E,2,91,0.53
2014,SP,1,E,3,93,0.53
2014,SP,1,E,4,81,0.53
2014,SP,2,A,1,0,0.53
2014,SP,2,A,2,0,0.53
2014,SP,2,A,3,0,0.53
2014,SP,2,A,4,0,0.53
2014,SP,3,C,1,23,0.47
2014,SP,3,C,2,24,0.47
2014,SP,3,C,3,21,0.47
2014,SP,3,C,4,42,0.47
2014,SP,4,E,1,0,0.53
2014,SP,4,E,2,0,0.53
2014,SP,4,E,3,1,0.53
2014,SP,4,E,4,0,0.53
2014,SP,5,A,1,0,0.53
2014,SP,5,A,2,0,0.53
2014,SP,5,A,3,0,0.53
2014,SP,5,A,4,0,0.53
2014,SP,6,C,1,24,0.47
2014,SP,6,C,2,21,0.47
2014,SP,6,C,3,24,0.47
2014,SP,6,C,4,24,0.47
2014,SP,7,C,1,17,0.47
2014,SP,7,C,2,27,0.47
2014,SP,7,C,3,16,0.47
2014,SP,7,C,4,22,0.47
2014,SP,8,E,1,0,0.53
2014,SP,8,E,2,0,0.53
2014,SP,8,E,3,2,0.53
2014,SP,8,E,4,4,0.53
2014,SP,9,A,1,113,0.53
2014,SP,9,A,2,89,0.53
2014,SP,9,A,3,124,0.53
2014,SP,9,A,4,79,0.53
2014,SP,10,E,1,19,0.53
2014,SP,10,E,2,20,0.53
2014,SP,10,E,3,29,0.53
2014,SP,10,E,4,13,0.53
2014,SP,11,A,1,28,0.53
2014,SP,11,A,2,36,0.53
2014,SP,11,A,3,17,0.53
2014,SP,11,A,4,39,0.53
2014,SP,12,C,1,24,0.47
2014,SP,12,C,2,22,0.47
2014,SP,12,C,3,24,0.47
2014,SP,12,C,4,28,0.47
2014,SP,13,A,1,21,0.53
2014,SP,13,A,2,11,0.53
2014,SP,13,A,3,24,0.53
2014,SP,13,A,4,30,0.53
2014,SP,14,E,1,33,0.53
2014,SP,14,E,2,35,0.53
2014,SP,14,E,3,8,0.53
2014,SP,14,E,4,4,0.53
2014,SP,15,C,1,61,0.47
2014,SP,15,C,2,34,0.47
2014,SP,15,C,3,44,0.47
2014,SP,15,C,4,26,0.47
2015,MX,1,E,1,108,0.53
2015,MX,1,E,2,102,0.53
2015,MX,1,E,3,141,0.53
2015,MX,1,E,4,145,0.53
2015,MX,2,A,1,117,0.53
2015,MX,2,A,2,104,0.53
2015,MX,2,A,3,132,0.53
2015,MX,2,A,4,93,0.53
2015,MX,3,C,1,54,0.47
2015,MX,3,C,2,43,0.47
2015,MX,3,C,3,79,0.47
2015,MX,3,C,4,66,0.47
2015,MX,4,E,1,117,0.53
2015,MX,4,E,2,137,0.53
2015,MX,4,E,3,129,0.53
2015,MX,4,E,4,114,0.53
2015,MX,5,C,1,39,0.47
2015,MX,5,C,2,74,0.47
2015,MX,5,C,3,63,0.47
2015,MX,5,C,4,79,0.47
2015,MX,6,A,1,106,0.53
2015,MX,6,A,2,120,0.53
2015,MX,6,A,3,82,0.53
2015,MX,6,A,4,128,0.53
2015,MX,7,C,1,23,0.47
2015,MX,7,C,2,30,0.47
2015,MX,7,C,3,38,0.47
2015,MX,7,C,4,41,0.47
2015,MX,8,E,1,109,0.53
2015,MX,8,E,2,98,0.53
2015,MX,8,E,3,62,0.53
2015,MX,8,E,4,56,0.53
2015,MX,9,A,1,37,0.53
2015,MX,9,A,2,30,0.53
2015,MX,9,A,3,45,0.53
2015,MX,9,A,4,79,0.53
2015,MX,10,C,1,47,0.47
2015,MX,10,C,2,71,0.47
2015,MX,10,C,3,56,0.47
2015,MX,10,C,4,44,0.47
2015,MX,11,E,1,100,0.53
2015,MX,11,E,2,108,0.53
2015,MX,11,E,3,112,0.53
2015,MX,11,E,4,121,0.53
2015,MX,12,A,1,121,0.53
2015,MX,12,A,2,97,0.53
2015,MX,12,A,3,96,0.53
2015,MX,12,A,4,123,0.53
2015,MX,13,E,1,101,0.53
2015,MX,13,E,2,102,0.53
2015,MX,13,E,3,93,0.53
2015,MX,13,E,4,114,0.53
2015,MX,14,C,1,12,0.47
2015,MX,14,C,2,40,0.47
2015,MX,14,C,3,39,0.47
2015,MX,14,C,4,36,0.47
2015,MX,15,A,1,90,0.53
2015,MX,15,A,2,95,0.53
2015,MX,15,A,3,87,0.53
2015,MX,15,A,4,73,0.53
2015,SC,1,E,1,131,0.53
2015,SC,1,E,2,111,0.53
2015,SC,1,E,3,74,0.53
2015,SC,1,E,4,85,0.53
2015,SC,2,A,1,104,0.53
2015,SC,2,A,2,101,0.53
2015,SC,2,A,3,64,0.53
2015,SC,2,A,4,98,0.53
2015,SC,3,C,1,39,0.47
2015,SC,3,C,2,23,0.47
2015,SC,3,C,3,42,0.47
2015,SC,3,C,4,53,0.47
2015,SC,4,A,1,100,0.53
2015,SC,4,A,2,58,0.53
2015,SC,4,A,3,79,0.53
2015,SC,4,A,4,85,0.53
2015,SC,5,C,1,26,0.47
2015,SC,5,C,2,57,0.47
2015,SC,5,C,3,52,0.47
2015,SC,5,C,4,24,0.47
2015,SC,6,E,1,77,0.53
2015,SC,6,E,2,105,0.53
2015,SC,6,E,3,98,0.53
2015,SC,6,E,4,104,0.53
2015,SC,7,C,1,23,0.47
2015,SC,7,C,2,24,0.47
2015,SC,7,C,3,7,0.47
2015,SC,7,C,4,45,0.47
2015,SC,8,A,1,54,0.53
2015,SC,8,A,2,85,0.53
2015,SC,8,A,3,79,0.53
2015,SC,8,A,4,78,0.53
2015,SC,9,E,1,89,0.53
2015,SC,9,E,2,81,0.53
2015,SC,9,E,3,89,0.53
2015,SC,9,E,4,75,0.53
2015,SC,10,E,1,66,0.53
2015,SC,10,E,2,71,0.53
2015,SC,10,E,3,107,0.53
2015,SC,10,E,4,88,0.53
2015,SC,11,C,1,29,0.47
2015,SC,11,C,2,61,0.47
2015,SC,11,C,3,85,0.47
2015,SC,11,C,4,48,0.47
2015,SC,12,A,1,54,0.53
2015,SC,12,A,2,42,0.53
2015,SC,12,A,3,51,0.53
2015,SC,12,A,4,40,0.53
2015,SC,13,C,1,31,0.47
2015,SC,13,C,2,60,0.47
2015,SC,13,C,3,37,0.47
2015,SC,13,C,4,40,0.47
2015,SC,14,E,1,89,0.53
2015,SC,14,E,2,88,0.53
2015,SC,14,E,3,75,0.53
2015,SC,14,E,4,95,0.53
2015,SC,15,A,1,66,0.53
2015,SC,15,A,2,68,0.53
2015,SC,15,A,3,69,0.53
2015,SC,15,A,4,81,0.53
2015,SP,1,E,1,70,0.53
2015,SP,1,E,2,59,0.53
2015,SP,1,E,3,66,0.53
2015,SP,1,E,4,59,0.53
2015,SP,2,A,1,0,0.53
2015,SP,2,A,2,0,0.53
2015,SP,2,A,3,0,0.53
2015,SP,2,A,4,0,0.53
2015,SP,3,C,1,34,0.47
2015,SP,3,C,2,10,0.47
2015,SP,3,C,3,16,0.47
2015,SP,3,C,4,34,0.47
2015,SP,4,E,1,0,0.53
2015,SP,4,E,2,0,0.53
2015,SP,4,E,3,0,0.53
2015,SP,4,E,4,0,0.53
2015,SP,5,A,1,0,0.53
2015,SP,5,A,2,0,0.53
2015,SP,5,A,3,0,0.53
2015,SP,5,A,4,0,0.53
2015,SP,6,C,1,14,0.47
2015,SP,6,C,2,22,0.47
2015,SP,6,C,3,15,0.47
2015,SP,6,C,4,13,0.47
2015,SP,7,C,1,12,0.47
2015,SP,7,C,2,14,0.47
2015,SP,7,C,3,13,0.47
2015,SP,7,C,4,17,0.47
2015,SP,8,E,1,6,0.53
2015,SP,8,E,2,0,0.53
2015,SP,8,E,3,0,0.53
2015,SP,8,E,4,0,0.53
2015,SP,9,A,1,82,0.53
2015,SP,9,A,2,83,0.53
2015,SP,9,A,3,122,0.53
2015,SP,9,A,4,110,0.53
2015,SP,10,E,1,53,0.53
2015,SP,10,E,2,68,0.53
2015,SP,10,E,3,57,0.53
2015,SP,10,E,4,42,0.53
2015,SP,11,A,1,48,0.53
2015,SP,11,A,2,41,0.53
2015,SP,11,A,3,50,0.53
2015,SP,11,A,4,40,0.53
2015,SP,12,C,1,26,0.47
2015,SP,12,C,2,7,0.47
2015,SP,12,C,3,21,0.47
2015,SP,12,C,4,37,0.47
2015,SP,13,A,1,40,0.53
2015,SP,13,A,2,38,0.53
2015,SP,13,A,3,34,0.53
2015,SP,13,A,4,36,0.53
2015,SP,14,E,1,23,0.53
2015,SP,14,E,2,23,0.53
2015,SP,14,E,3,51,0.53
2015,SP,14,E,4,40,0.53
2015,SP,15,C,1,20,0.47
2015,SP,15,C,2,36,0.47
2015,SP,15,C,3,43,0.47
2015,SP,15,C,4,16,0.47
2016,MX,1,E,1,128,0.53
2016,MX,1,E,2,87,0.53
2016,MX,1,E,3,126,0.53
2016,MX,1,E,4,61,0.53
2016,MX,2,A,1,63,0.53
2016,MX,2,A,2,76,0.53
2016,MX,2,A,3,72,0.53
2016,MX,2,A,4,77,0.53
2016,MX,3,C,1,64,0.47
2016,MX,3,C,2,59,0.47
2016,MX,3,C,3,76,0.47
2016,MX,3,C,4,55,0.47
2016,MX,4,E,1,61,0.53
2016,MX,4,E,2,46,0.53
2016,MX,4,E,3,97,0.53
2016,MX,4,E,4,71,0.53
2016,MX,5,C,1,49,0.47
2016,MX,5,C,2,73,0.47
2016,MX,5,C,3,52,0.47
2016,MX,5,C,4,62,0.47
2016,MX,6,A,1,85,0.53
2016,MX,6,A,2,96,0.53
2016,MX,6,A,3,110,0.53
2016,MX,6,A,4,94,0.53
2016,MX,7,C,1,17,0.47
2016,MX,7,C,2,39,0.47
2016,MX,7,C,3,34,0.47
2016,MX,7,C,4,28,0.47
2016,MX,8,E,1,32,0.53
2016,MX,8,E,2,92,0.53
2016,MX,8,E,3,76,0.53
2016,MX,8,E,4,35,0.53
2016,MX,9,A,1,45,0.53
2016,MX,9,A,2,27,0.53
2016,MX,9,A,3,42,0.53
2016,MX,9,A,4,28,0.53
2016,MX,10,C,1,55,0.47
2016,MX,10,C,2,65,0.47
2016,MX,10,C,3,51,0.47
2016,MX,10,C,4,64,0.47
2016,MX,11,E,1,107,0.53
2016,MX,11,E,2,64,0.53
2016,MX,11,E,3,92,0.53
2016,MX,11,E,4,109,0.53
2016,MX,12,A,1,53,0.53
2016,MX,12,A,2,84,0.53
2016,MX,12,A,3,86,0.53
2016,MX,12,A,4,91,0.53
2016,MX,13,E,1,49,0.53
2016,MX,13,E,2,110,0.53
2016,MX,13,E,3,52,0.53
2016,MX,13,E,4,47,0.53
2016,MX,14,C,1,26,0.47
2016,MX,14,C,2,21,0.47
2016,MX,14,C,3,54,0.47
2016,MX,14,C,4,30,0.47
2016,MX,15,A,1,73,0.53
2016,MX,15,A,2,46,0.53
2016,MX,15,A,3,47,0.53
2016,MX,15,A,4,64,0.53
2016,SC,1,E,1,94,0.53
2016,SC,1,E,2,72,0.53
2016,SC,1,E,3,98,0.53
2016,SC,1,E,4,63,0.53
2016,SC,2,A,1,85,0.53
2016,SC,2,A,2,76,0.53
2016,SC,2,A,3,75,0.53
2016,SC,2,A,4,109,0.53
2016,SC,3,C,1,68,0.47
2016,SC,3,C,2,34,0.47
2016,SC,3,C,3,27,0.47
2016,SC,3,C,4,43,0.47
2016,SC,4,A,1,68,0.53
2016,SC,4,A,2,86,0.53
2016,SC,4,A,3,81,0.53
2016,SC,4,A,4,64,0.53
2016,SC,5,C,1,32,0.47
2016,SC,5,C,2,34,0.47
2016,SC,5,C,3,54,0.47
2016,SC,5,C,4,62,0.47
2016,SC,6,E,1,68,0.53
2016,SC,6,E,2,76,0.53
2016,SC,6,E,3,68,0.53
2016,SC,6,E,4,51,0.53
2016,SC,7,C,1,36,0.47
2016,SC,7,C,2,43,0.47
2016,SC,7,C,3,25,0.47
2016,SC,7,C,4,56,0.47
2016,SC,8,A,1,47,0.53
2016,SC,8,A,2,71,0.53
2016,SC,8,A,3,51,0.53
2016,SC,8,A,4,63,0.53
2016,SC,9,E,1,87,0.53
2016,SC,9,E,2,87,0.53
2016,SC,9,E,3,88,0.53
2016,SC,9,E,4,70,0.53
2016,SC,10,E,1,67,0.53
2016,SC,10,E,2,77,0.53
2016,SC,10,E,3,72,0.53
2016,SC,10,E,4,101,0.53
2016,SC,11,C,1,49,0.47
2016,SC,11,C,2,49,0.47
2016,SC,11,C,3,49,0.47
2016,SC,11,C,4,46,0.47
2016,SC,12,A,1,34,0.53
2016,SC,12,A,2,47,0.53
2016,SC,12,A,3,47,0.53
2016,SC,12,A,4,44,0.53
2016,SC,13,C,1,52,0.47
2016,SC,13,C,2,59,0.47
2016,SC,13,C,3,52,0.47
2016,SC,13,C,4,44,0.47
2016,SC,14,E,1,67,0.53
2016,SC,14,E,2,41,0.53
2016,SC,14,E,3,32,0.53
2016,SC,14,E,4,72,0.53
2016,SC,15,A,1,37,0.53
2016,SC,15,A,2,60,0.53
2016,SC,15,A,3,52,0.53
2016,SC,15,A,4,52,0.53
2016,SP,1,E,1,48,0.53
2016,SP,1,E,2,47,0.53
2016,SP,1,E,3,20,0.53
2016,SP,1,E,4,36,0.53
2016,SP,2,A,1,1,0.53
2016,SP,2,A,2,0,0.53
2016,SP,2,A,3,0,0.53
2016,SP,2,A,4,0,0.53
2016,SP,3,C,1,17,0.47
2016,SP,3,C,2,24,0.47
2016,SP,3,C,3,17,0.47
2016,SP,3,C,4,23,0.47
2016,SP,4,E,1,0,0.53
2016,SP,4,E,2,0,0.53
2016,SP,4,E,3,0,0.53
2016,SP,4,E,4,0,0.53
2016,SP,5,A,1,0,0.53
2016,SP,5,A,2,0,0.53
2016,SP,5,A,3,0,0.53
2016,SP,5,A,4,0,0.53
2016,SP,6,C,1,28,0.47
2016,SP,6,C,2,23,0.47
2016,SP,6,C,3,23,0.47
2016,SP,6,C,4,24,0.47
2016,SP,7,C,1,25,0.47
2016,SP,7,C,2,24,0.47
2016,SP,7,C,3,11,0.47
2016,SP,7,C,4,36,0.47
2016,SP,8,E,1,0,0.53
2016,SP,8,E,2,6,0.53
2016,SP,8,E,3,8,0.53
2016,SP,8,E,4,17,0.53
2016,SP,9,A,1,86,0.53
2016,SP,9,A,2,130,0.53
2016,SP,9,A,3,104,0.53
2016,SP,9,A,4,92,0.53
2016,SP,10,E,1,72,0.53
2016,SP,10,E,2,80,0.53
2016,SP,10,E,3,60,0.53
2016,SP,10,E,4,42,0.53
2016,SP,11,A,1,49,0.53
2016,SP,11,A,2,46,0.53
2016,SP,11,A,3,39,0.53
2016,SP,11,A,4,39,0.53
2016,SP,12,C,1,11,0.47
2016,SP,12,C,2,30,0.47
2016,SP,12,C,3,18,0.47
2016,SP,12,C,4,26,0.47
2016,SP,13,A,1,43,0.53
2016,SP,13,A,2,64,0.53
2016,SP,13,A,3,70,0.53
2016,SP,13,A,4,31,0.53
2016,SP,14,E,1,50,0.53
2016,SP,14,E,2,68,0.53
2016,SP,14,E,3,51,0.53
2016,SP,14,E,4,31,0.53
2016,SP,15,C,1,60,0.47
2016,SP,15,C,2,30,0.47
2016,SP,15,C,3,52,0.47
2016,SP,15,C,4,20,0.47
2017,MX,1,E,1,117,0.53
2017,MX,1,E,2,147,0.53
2017,MX,1,E,3,92,0.53
2017,MX,1,E,4,105,0.53
2017,MX,2,A,1,43,0.53
2017,MX,2,A,2,84,0.53
2017,MX,2,A,3,60,0.53
2017,MX,2,A,4,65,0.53
2017,MX,3,C,1,59,0.47
2017,MX,3,C,2,51,0.47
2017,MX,3,C,3,34,0.47
2017,MX,3,C,4,35,0.47
2017,MX,4,E,1,103,0.53
2017,MX,4,E,2,101,0.53
2017,MX,4,E,3,91,0.53
2017,MX,4,E,4,78,0.53
2017,MX,5,C,1,30,0.47
2017,MX,5,C,2,60,0.47
2017,MX,5,C,3,43,0.47
2017,MX,5,C,4,61,0.47
2017,MX,6,A,1,113,0.53
2017,MX,6,A,2,96,0.53
2017,MX,6,A,3,107,0.53
2017,MX,6,A,4,133,0.53
2017,MX,7,C,1,11,0.47
2017,MX,7,C,2,41,0.47
2017,MX,7,C,3,30,0.47
2017,MX,7,C,4,23,0.47
2017,MX,8,E,1,70,0.53
2017,MX,8,E,2,61,0.53
2017,MX,8,E,3,55,0.53
2017,MX,8,E,4,103,0.53
2017,MX,9,A,1,36,0.53
2017,MX,9,A,2,36,0.53
2017,MX,9,A,3,41,0.53
2017,MX,9,A,4,35,0.53
2017,MX,10,C,1,40,0.47
2017,MX,10,C,2,68,0.47
2017,MX,10,C,3,46,0.47
2017,MX,10,C,4,41,0.47
2017,MX,11,E,1,85,0.53
2017,MX,11,E,2,91,0.53
2017,MX,11,E,3,105,0.53
2017,MX,11,E,4,100,0.53
2017,MX,12,A,1,80,0.53
2017,MX,12,A,2,81,0.53
2017,MX,12,A,3,106,0.53
2017,MX,12,A,4,61,0.53
2017,MX,13,E,1,99,0.53
2017,MX,13,E,2,79,0.53
2017,MX,13,E,3,75,0.53
2017,MX,13,E,4,88,0.53
2017,MX,14,C,1,34,0.47
2017,MX,14,C,2,35,0.47
2017,MX,14,C,3,35,0.47
2017,MX,14,C,4,31,0.47
2017,MX,15,A,1,79,0.53
2017,MX,15,A,2,75,0.53
2017,MX,15,A,3,49,0.53
2017,MX,15,A,4,70,0.53
2017,SC,1,E,1,82,0.53
2017,SC,1,E,2,90,0.53
2017,SC,1,E,3,78,0.53
2017,SC,1,E,4,103,0.53
2017,SC,2,A,1,78,0.53
2017,SC,2,A,2,51,0.53
2017,SC,2,A,3,94,0.53
2017,SC,2,A,4,82,0.53
2017,SC,3,C,1,20,0.47
2017,SC,3,C,2,41,0.47
2017,SC,3,C,3,39,0.47
2017,SC,3,C,4,31,0.47
2017,SC,4,A,1,63,0.53
2017,SC,4,A,2,54,0.53
2017,SC,4,A,3,56,0.53
2017,SC,4,A,4,86,0.53
2017,SC,5,C,1,26,0.47
2017,SC,5,C,2,39,0.47
2017,SC,5,C,3,53,0.47
2017,SC,5,C,4,26,0.47
2017,SC,6,E,1,89,0.53
2017,SC,6,E,2,83,0.53
2017,SC,6,E,3,97,0.53
2017,SC,6,E,4,91,0.53
2017,SC,7,C,1,28,0.47
2017,SC,7,C,2,27,0.47
2017,SC,7,C,3,19,0.47
2017,SC,7,C,4,22,0.47
2017,SC,8,A,1,42,0.53
2017,SC,8,A,2,53,0.53
2017,SC,8,A,3,86,0.53
2017,SC,8,A,4,71,0.53
2017,SC,9,E,1,77,0.53
2017,SC,9,E,2,95,0.53
2017,SC,9,E,3,79,0.53
2017,SC,9,E,4,98,0.53
2017,SC,10,E,1,79,0.53
2017,SC,10,E,2,86,0.53
2017,SC,10,E,3,95,0.53
2017,SC,10,E,4,128,0.53
2017,SC,11,C,1,22,0.47
2017,SC,11,C,2,24,0.47
2017,SC,11,C,3,30,0.47
2017,SC,11,C,4,49,0.47
2017,SC,12,A,1,69,0.53
2017,SC,12,A,2,58,0.53
2017,SC,12,A,3,51,0.53
2017,SC,12,A,4,46,0.53
2017,SC,13,C,1,50,0.47
2017,SC,13,C,2,28,0.47
2017,SC,13,C,3,32,0.47
2017,SC,13,C,4,42,0.47
2017,SC,14,E,1,56,0.53
2017,SC,14,E,2,80,0.53
2017,SC,14,E,3,102,0.53
2017,SC,14,E,4,96,0.53
2017,SC,15,A,1,55,0.53
2017,SC,15,A,2,69,0.53
2017,SC,15,A,3,82,0.53
2017,SC,15,A,4,88,0.53
2017,SP,1,E,1,18,0.53
2017,SP,1,E,2,13,0.53
2017,SP,1,E,3,17,0.53
2017,SP,1,E,4,23,0.53
2017,SP,2,A,1,5,0.53
2017,SP,2,A,2,4,0.53
2017,SP,2,A,3,0,0.53
2017,SP,2,A,4,0,0.53
2017,SP,3,C,1,17,0.47
2017,SP,3,C,2,19,0.47
2017,SP,3,C,3,15,0.47
2017,SP,3,C,4,40,0.47
2017,SP,4,E,1,1,0.53
2017,SP,4,E,2,1,0.53
2017,SP,4,E,3,0,0.53
2017,SP,4,E,4,0,0.53
2017,SP,5,A,1,0,0.53
2017,SP,5,A,2,0,0.53
2017,SP,5,A,3,0,0.53
2017,SP,5,A,4,0,0.53
2017,SP,6,C,1,25,0.47
2017,SP,6,C,2,12,0.47
2017,SP,6,C,3,9,0.47
2017,SP,6,C,4,9,0.47
2017,SP,7,C,1,21,0.47
2017,SP,7,C,2,18,0.47
2017,SP,7,C,3,28,0.47
2017,SP,7,C,4,11,0.47
2017,SP,8,E,1,31,0.53
2017,SP,8,E,2,20,0.53
2017,SP,8,E,3,13,0.53
2017,SP,8,E,4,22,0.53
2017,SP,9,A,1,56,0.53
2017,SP,9,A,2,67,0.53
2017,SP,9,A,3,58,0.53
2017,SP,9,A,4,53,0.53
2017,SP,10,E,1,68,0.53
2017,SP,10,E,2,81,0.53
2017,SP,10,E,3,91,0.53
2017,SP,10,E,4,75,0.53
2017,SP,11,A,1,59,0.53
2017,SP,11,A,2,42,0.53
2017,SP,11,A,3,56,0.53
2017,SP,11,A,4,61,0.53
2017,SP,12,C,1,16,0.47
2017,SP,12,C,2,12,0.47
2017,SP,12,C,3,20,0.47
2017,SP,12,C,4,15,0.47
2017,SP,13,A,1,69,0.53
2017,SP,13,A,2,83,0.53
2017,SP,13,A,3,41,0.53
2017,SP,13,A,4,58,0.53
2017,SP,14,E,1,62,0.53
2017,SP,14,E,2,59,0.53
2017,SP,14,E,3,49,0.53
2017,SP,14,E,4,59,0.53
2017,SP,15,C,1,62,0.47
2017,SP,15,C,2,16,0.47
2017,SP,15,C,3,16,0.47
2017,SP,15,C,4,22,0.47
2018,MX,1,E,1,147,0.53
2018,MX,1,E,2,139,0.53
2018,MX,1,E,3,122,0.53
2018,MX,1,E,4,151,0.53
2018,MX,2,A,1,132,0.53
2018,MX,2,A,2,87,0.53
2018,MX,2,A,3,114,0.53
2018,MX,2,A,4,143,0.53
2018,MX,3,C,1,74,0.47
2018,MX,3,C,2,61,0.47
2018,MX,3,C,3,62,0.47
2018,MX,3,C,4,94,0.47
2018,MX,4,E,1,109,0.53
2018,MX,4,E,2,138,0.53
2018,MX,4,E,3,126,0.53
2018,MX,4,E,4,101,0.53
2018,MX,5,C,1,88,0.47
2018,MX,5,C,2,84,0.47
2018,MX,5,C,3,73,0.47
2018,MX,5,C,4,56,0.47
2018,MX,6,A,1,157,0.53
2018,MX,6,A,2,155,0.53
2018,MX,6,A,3,128,0.53
2018,MX,6,A,4,131,0.53
2018,MX,7,C,1,70,0.47
2018,MX,7,C,2,58,0.47
2018,MX,7,C,3,40,0.47
2018,MX,7,C,4,40,0.47
2018,MX,8,E,1,111,0.53
2018,MX,8,E,2,123,0.53
2018,MX,8,E,3,73,0.53
2018,MX,8,E,4,86,0.53
2018,MX,9,A,1,70,0.53
2018,MX,9,A,2,74,0.53
2018,MX,9,A,3,48,0.53
2018,MX,9,A,4,47,0.53
2018,MX,10,C,1,59,0.47
2018,MX,10,C,2,37,0.47
2018,MX,10,C,3,35,0.47
2018,MX,10,C,4,40,0.47
2018,MX,11,E,1,75,0.53
2018,MX,11,E,2,126,0.53
2018,MX,11,E,3,96,0.53
2018,MX,11,E,4,74,0.53
2018,MX,12,A,1,106,0.53
2018,MX,12,A,2,136,0.53
2018,MX,12,A,3,92,0.53
2018,MX,12,A,4,88,0.53
2018,MX,13,E,1,100,0.53
2018,MX,13,E,2,105,0.53
2018,MX,13,E,3,101,0.53
2018,MX,13,E,4,79,0.53
2018,MX,14,C,1,48,0.47
2018,MX,14,C,2,60,0.47
2018,MX,14,C,3,33,0.47
2018,MX,14,C,4,27,0.47
2018,MX,15,A,1,95,0.53
2018,MX,15,A,2,139,0.53
2018,MX,15,A,3,76,0.53
2018,MX,15,A,4,75,0.53
2018,SC,1,E,1,103,0.53
2018,SC,1,E,2,42,0.53
2018,SC,1,E,3,94,0.53
2018,SC,1,E,4,106,0.53
2018,SC,2,A,1,98,0.53
2018,SC,2,A,2,133,0.53
2018,SC,2,A,3,104,0.53
2018,SC,2,A,4,70,0.53
2018,SC,3,C,1,64,0.47
2018,SC,3,C,2,47,0.47
2018,SC,3,C,3,45,0.47
2018,SC,3,C,4,56,0.47
2018,SC,4,A,1,100,0.53
2018,SC,4,A,2,140,0.53
2018,SC,4,A,3,64,0.53
2018,SC,4,A,4,66,0.53
2018,SC,5,C,1,52,0.47
2018,SC,5,C,2,30,0.47
2018,SC,5,C,3,52,0.47
2018,SC,5,C,4,57,0.47
2018,SC,6,E,1,85,0.53
2018,SC,6,E,2,117,0.53
2018,SC,6,E,3,90,0.53
2018,SC,6,E,4,97,0.53
2018,SC,7,C,1,64,0.47
2018,SC,7,C,2,57,0.47
2018,SC,7,C,3,36,0.47
2018,SC,7,C,4,64,0.47
2018,SC,8,A,1,74,0.53
2018,SC,8,A,2,104,0.53
2018,SC,8,A,3,106,0.53
2018,SC,8,A,4,47,0.53
2018,SC,9,E,1,84,0.53
2018,SC,9,E,2,107,0.53
2018,SC,9,E,3,105,0.53
2018,SC,9,E,4,94,0.53
2018,SC,10,E,1,122,0.53
2018,SC,10,E,2,114,0.53
2018,SC,10,E,3,105,0.53
2018,SC,10,E,4,102,0.53
2018,SC,11,C,1,56,0.47
2018,SC,11,C,2,48,0.47
2018,SC,11,C,3,21,0.47
2018,SC,11,C,4,60,0.47
2018,SC,12,A,1,85,0.53
2018,SC,12,A,2,75,0.53
2018,SC,12,A,3,80,0.53
2018,SC,12,A,4,72,0.53
2018,SC,13,C,1,56,0.47
2018,SC,13,C,2,49,0.47
2018,SC,13,C,3,53,0.47
2018,SC,13,C,4,47,0.47
2018,SC,14,E,1,87,0.53
2018,SC,14,E,2,154,0.53
2018,SC,14,E,3,80,0.53
2018,SC,14,E,4,107,0.53
2018,SC,15,A,1,139,0.53
2018,SC,15,A,2,130,0.53
2018,SC,15,A,3,103,0.53
2018,SC,15,A,4,94,0.53
2018,SP,1,E,1,39,0.53
2018,SP,1,E,2,21,0.53
2018,SP,1,E,3,13,0.53
2018,SP,1,E,4,22,0.53
2018,SP,2,A,1,0,0.53
2018,SP,2,A,2,4,0.53
2018,SP,2,A,3,0,0.53
2018,SP,2,A,4,0,0.53
2018,SP,3,C,1,43,0.47
2018,SP,3,C,2,31,0.47
2018,SP,3,C,3,24,0.47
2018,SP,3,C,4,38,0.47
2018,SP,4,E,1,3,0.53
2018,SP,4,E,2,13,0.53
2018,SP,4,E,3,0,0.53
2018,SP,4,E,4,0,0.53
2018,SP,5,A,1,0,0.53
2018,SP,5,A,2,0,0.53
2018,SP,5,A,3,0,0.53
2018,SP,5,A,4,0,0.53
2018,SP,6,C,1,24,0.47
2018,SP,6,C,2,22,0.47
2018,SP,6,C,3,18,0.47
2018,SP,6,C,4,22,0.47
2018,SP,7,C,1,30,0.47
2018,SP,7,C,2,32,0.47
2018,SP,7,C,3,10,0.47
2018,SP,7,C,4,32,0.47
2018,SP,8,E,1,47,0.53
2018,SP,8,E,2,39,0.53
2018,SP,8,E,3,51,0.53
2018,SP,8,E,4,43,0.53
2018,SP,9,A,1,90,0.53
2018,SP,9,A,2,83,0.53
2018,SP,9,A,3,56,0.53
2018,SP,9,A,4,63,0.53
2018,SP,10,E,1,106,0.53
2018,SP,10,E,2,101,0.53
2018,SP,10,E,3,102,0.53
2018,SP,10,E,4,118,0.53
2018,SP,11,A,1,67,0.53
2018,SP,11,A,2,82,0.53
2018,SP,11,A,3,67,0.53
2018,SP,11,A,4,80,0.53
2018,SP,12,C,1,41,0.47
2018,SP,12,C,2,54,0.47
2018,SP,12,C,3,12,0.47
2018,SP,12,C,4,49,0.47
2018,SP,13,A,1,73,0.53
2018,SP,13,A,2,75,0.53
2018,SP,13,A,3,56,0.53
2018,SP,13,A,4,79,0.53
2018,SP,14,E,1,91,0.53
2018,SP,14,E,2,105,0.53
2018,SP,14,E,3,93,0.53
2018,SP,14,E,4,50,0.53
2018,SP,15,C,1,40,0.47
2018,SP,15,C,2,39,0.47
2018,SP,15,C,3,30,0.47
2018,SP,15,C,4,34,0.47
2019,MX,1,E,1,206,0.53
2019,MX,1,E,2,127,0.53
2019,MX,1,E,3,126,0.53
2019,MX,1,E,4,143,0.53
2019,MX,2,A,1,94,0.53
2019,MX,2,A,2,117,0.53
2019,MX,2,A,3,113,0.53
2019,MX,2,A,4,136,0.53
2019,MX,3,C,1,78,0.47
2019,MX,3,C,2,80,0.47
2019,MX,3,C,3,88,0.47
2019,MX,3,C,4,47,0.47
2019,MX,4,E,1,116,0.53
2019,MX,4,E,2,115,0.53
2019,MX,4,E,3,132,0.53
2019,MX,4,E,4,153,0.53
2019,MX,5,C,1,59,0.47
2019,MX,5,C,2,100,0.47
2019,MX,5,C,3,102,0.47
2019,MX,5,C,4,54,0.47
2019,MX,6,A,1,151,0.53
2019,MX,6,A,2,122,0.53
2019,MX,6,A,3,143,0.53
2019,MX,6,A,4,136,0.53
2019,MX,7,C,1,44,0.47
2019,MX,7,C,2,36,0.47
2019,MX,7,C,3,35,0.47
2019,MX,7,C,4,51,0.47
2019,MX,8,E,1,112,0.53
2019,MX,8,E,2,78,0.53
2019,MX,8,E,3,94,0.53
2019,MX,8,E,4,124,0.53
2019,MX,9,A,1,86,0.53
2019,MX,9,A,2,63,0.53
2019,MX,9,A,3,44,0.53
2019,MX,9,A,4,77,0.53
2019,MX,10,C,1,35,0.47
2019,MX,10,C,2,84,0.47
2019,MX,10,C,3,56,0.47
2019,MX,10,C,4,44,0.47
2019,MX,11,E,1,120,0.53
2019,MX,11,E,2,85,0.53
2019,MX,11,E,3,95,0.53
2019,MX,11,E,4,112,0.53
2019,MX,12,A,1,113,0.53
2019,MX,12,A,2,110,0.53
2019,MX,12,A,3,78,0.53
2019,MX,12,A,4,101,0.53
2019,MX,13,E,1,109,0.53
2019,MX,13,E,2,85,0.53
2019,MX,13,E,3,94,0.53
2019,MX,13,E,4,146,0.53
2019,MX,14,C,1,37,0.47
2019,MX,14,C,2,36,0.47
2019,MX,14,C,3,43,0.47
2019,MX,14,C,4,37,0.47
2019,MX,15,A,1,128,0.53
2019,MX,15,A,2,66,0.53
2019,MX,15,A,3,65,0.53
2019,MX,15,A,4,114,0.53
2019,SC,1,E,1,86,0.53
2019,SC,1,E,2,99,0.53
2019,SC,1,E,3,51,0.53
2019,SC,1,E,4,91,0.53
2019,SC,2,A,1,119,0.53
2019,SC,2,A,2,88,0.53
2019,SC,2,A,3,73,0.53
2019,SC,2,A,4,80,0.53
2019,SC,3,C,1,63,0.47
2019,SC,3,C,2,38,0.47
2019,SC,3,C,3,50,0.47
2019,SC,3,C,4,57,0.47
2019,SC,4,A,1,88,0.53
2019,SC,4,A,2,84,0.53
2019,SC,4,A,3,69,0.53
2019,SC,4,A,4,98,0.53
2019,SC,5,C,1,51,0.47
2019,SC,5,C,2,55,0.47
2019,SC,5,C,3,66,0.47
2019,SC,5,C,4,43,0.47
2019,SC,6,E,1,103,0.53
2019,SC,6,E,2,78,0.53
2019,SC,6,E,3,99,0.53
2019,SC,6,E,4,90,0.53
2019,SC,7,C,1,36,0.47
2019,SC,7,C,2,44,0.47
2019,SC,7,C,3,31,0.47
2019,SC,7,C,4,28,0.47
2019,SC,8,A,1,64,0.53
2019,SC,8,A,2,102,0.53
2019,SC,8,A,3,61,0.53
2019,SC,8,A,4,69,0.53
2019,SC,9,E,1,109,0.53
2019,SC,9,E,2,91,0.53
2019,SC,9,E,3,89,0.53
2019,SC,9,E,4,93,0.53
2019,SC,10,E,1,87,0.53
2019,SC,10,E,2,107,0.53
2019,SC,10,E,3,109,0.53
2019,SC,10,E,4,115,0.53
2019,SC,11,C,1,59,0.47
2019,SC,11,C,2,50,0.47
2019,SC,11,C,3,41,0.47
2019,SC,11,C,4,63,0.47
2019,SC,12,A,1,40,0.53
2019,SC,12,A,2,48,0.53
2019,SC,12,A,3,63,0.53
2019,SC,12,A,4,67,0.53
2019,SC,13,C,1,55,0.47
2019,SC,13,C,2,44,0.47
2019,SC,13,C,3,43,0.47
2019,SC,13,C,4,56,0.47
2019,SC,14,E,1,127,0.53
2019,SC,14,E,2,109,0.53
2019,SC,14,E,3,75,0.53
2019,SC,14,E,4,87,0.53
2019,SC,15,A,1,104,0.53
2019,SC,15,A,2,92,0.53
2019,SC,15,A,3,137,0.53
2019,SC,15,A,4,119,0.53
2019,SP,1,E,1,16,0.53
2019,SP,1,E,2,18,0.53
2019,SP,1,E,3,13,0.53
2019,SP,1,E,4,15,0.53
2019,SP,2,A,1,9,0.53
2019,SP,2,A,2,4,0.53
2019,SP,2,A,3,0,0.53
2019,SP,2,A,4,0,0.53
2019,SP,3,C,1,32,0.47
2019,SP,3,C,2,39,0.47
2019,SP,3,C,3,33,0.47
2019,SP,3,C,4,21,0.47
2019,SP,4,E,1,31,0.53
2019,SP,4,E,2,17,0.53
2019,SP,4,E,3,48,0.53
2019,SP,4,E,4,43,0.53
2019,SP,5,A,1,0,0.53
2019,SP,5,A,2,0,0.53
2019,SP,5,A,3,1,0.53
2019,SP,5,A,4,0,0.53
2019,SP,6,C,1,15,0.47
2019,SP,6,C,2,12,0.47
2019,SP,6,C,3,30,0.47
2019,SP,6,C,4,18,0.47
2019,SP,7,C,1,34,0.47
2019,SP,7,C,2,28,0.47
2019,SP,7,C,3,13,0.47
2019,SP,7,C,4,14,0.47
2019,SP,8,E,1,79,0.53
2019,SP,8,E,2,45,0.53
2019,SP,8,E,3,40,0.53
2019,SP,8,E,4,58,0.53
2019,SP,9,A,1,90,0.53
2019,SP,9,A,2,107,0.53
2019,SP,9,A,3,125,0.53
2019,SP,9,A,4,134,0.53
2019,SP,10,E,1,149,0.53
2019,SP,10,E,2,135,0.53
2019,SP,10,E,3,145,0.53
2019,SP,10,E,4,84,0.53
2019,SP,11,A,1,68,0.53
2019,SP,11,A,2,86,0.53
2019,SP,11,A,3,74,0.53
2019,SP,11,A,4,77,0.53
2019,SP,12,C,1,25,0.47
2019,SP,12,C,2,24,0.47
2019,SP,12,C,3,26,0.47
2019,SP,12,C,4,48,0.47
2019,SP,13,A,1,88,0.53
2019,SP,13,A,2,74,0.53
2019,SP,13,A,3,78,0.53
2019,SP,13,A,4,83,0.53
2019,SP,14,E,1,115,0.53
2019,SP,14,E,2,117,0.53
2019,SP,14,E,3,81,0.53
2019,SP,14,E,4,92,0.53
2019,SP,15,C,1,19,0.47
2019,SP,15,C,2,44,0.47
2019,SP,15,C,3,24,0.47
2019,SP,15,C,4,35,0.47
2020,MX,1,E,1,155,0.53
2020,MX,1,E,2,84,0.53
2020,MX,1,E,3,135,0.53
2020,MX,1,E,4,185,0.53
2020,MX,2,A,1,102,0.53
2020,MX,2,A,2,93,0.53
2020,MX,2,A,3,103,0.53
2020,MX,2,A,4,113,0.53
2020,MX,3,C,1,71,0.53
2020,MX,3,C,2,73,0.53
2020,MX,3,C,3,60,0.53
2020,MX,3,C,4,91,0.53
2020,MX,4,E,1,133,0.53
2020,MX,4,E,2,126,0.53
2020,MX,4,E,3,117,0.53
2020,MX,4,E,4,104,0.53
2020,MX,5,C,1,81,0.53
2020,MX,5,C,2,103,0.53
2020,MX,5,C,3,118,0.53
2020,MX,5,C,4,109,0.53
2020,MX,6,A,1,112,0.53
2020,MX,6,A,2,130,0.53
2020,MX,6,A,3,108,0.53
2020,MX,6,A,4,150,0.53
2020,MX,7,C,1,55,0.53
2020,MX,7,C,2,41,0.53
2020,MX,7,C,3,53,0.53
2020,MX,7,C,4,75,0.53
2020,MX,8,E,1,116,0.53
2020,MX,8,E,2,43,0.53
2020,MX,8,E,3,106,0.53
2020,MX,8,E,4,80,0.53
2020,MX,9,A,1,80,0.53
2020,MX,9,A,2,52,0.53
2020,MX,9,A,3,56,0.53
2020,MX,9,A,4,95,0.53
2020,MX,10,C,1,63,0.53
2020,MX,10,C,2,62,0.53
2020,MX,10,C,3,63,0.53
2020,MX,10,C,4,66,0.53
2020,MX,11,E,1,133,0.53
2020,MX,11,E,2,139,0.53
2020,MX,11,E,3,122,0.53
2020,MX,11,E,4,120,0.53
2020,MX,12,A,1,127,0.53
2020,MX,12,A,2,85,0.53
2020,MX,12,A,3,84,0.53
2020,MX,12,A,4,122,0.53
2020,MX,13,E,1,133,0.53
2020,MX,13,E,2,105,0.53
2020,MX,13,E,3,128,0.53
2020,MX,13,E,4,129,0.53
2020,MX,14,C,1,48,0.53
2020,MX,14,C,2,73,0.53
2020,MX,14,C,3,52,0.53
2020,MX,14,C,4,45,0.53
2020,MX,15,A,1,86,0.53
2020,MX,15,A,2,61,0.53
2020,MX,15,A,3,77,0.53
2020,MX,15,A,4,98,0.53
2020,SC,1,E,1,89,0.53
2020,SC,1,E,2,96,0.53
2020,SC,1,E,3,82,0.53
2020,SC,1,E,4,97,0.53
2020,SC,2,A,1,94,0.53
2020,SC,2,A,2,80,0.53
2020,SC,2,A,3,60,0.53
2020,SC,2,A,4,71,0.53
2020,SC,3,C,1,66,0.53
2020,SC,3,C,2,53,0.53
2020,SC,3,C,3,64,0.53
2020,SC,3,C,4,86,0.53
2020,SC,4,A,1,88,0.53
2020,SC,4,A,2,61,0.53
2020,SC,4,A,3,48,0.53
2020,SC,4,A,4,84,0.53
2020,SC,5,C,1,61,0.53
2020,SC,5,C,2,55,0.53
2020,SC,5,C,3,70,0.53
2020,SC,5,C,4,77,0.53
2020,SC,6,E,1,102,0.53
2020,SC,6,E,2,86,0.53
2020,SC,6,E,3,65,0.53
2020,SC,6,E,4,107,0.53
2020,SC,7,C,1,49,0.53
2020,SC,7,C,2,64,0.53
2020,SC,7,C,3,77,0.53
2020,SC,7,C,4,54,0.53
2020,SC,8,A,1,73,0.53
2020,SC,8,A,2,67,0.53
2020,SC,8,A,3,71,0.53
2020,SC,8,A,4,78,0.53
2020,SC,9,E,1,89,0.53
2020,SC,9,E,2,93,0.53
2020,SC,9,E,3,116,0.53
2020,SC,9,E,4,106,0.53
2020,SC,10,E,1,105,0.53
2020,SC,10,E,2,124,0.53
2020,SC,10,E,3,92,0.53
2020,SC,10,E,4,97,0.53
2020,SC,11,C,1,80,0.53
2020,SC,11,C,2,88,0.53
2020,SC,11,C,3,74,0.53
2020,SC,11,C,4,64,0.53
2020,SC,12,A,1,76,0.53
2020,SC,12,A,2,88,0.53
2020,SC,12,A,3,52,0.53
2020,SC,12,A,4,87,0.53
2020,SC,13,C,1,61,0.53
2020,SC,13,C,2,77,0.53
2020,SC,13,C,3,59,0.53
2020,SC,13,C,4,81,0.53
2020,SC,14,E,1,97,0.53
2020,SC,14,E,2,71,0.53
2020,SC,14,E,3,66,0.53
2020,SC,14,E,4,77,0.53
2020,SC,15,A,1,74,0.53
2020,SC,15,A,2,85,0.53
2020,SC,15,A,3,85,0.53
2020,SC,15,A,4,77,0.53
2020,SP,1,E,1,27,0.53
2020,SP,1,E,2,34,0.53
2020,SP,1,E,3,21,0.53
2020,SP,1,E,4,42,0.53
2020,SP,2,A,1,7,0.53
2020,SP,2,A,2,22,0.53
2020,SP,2,A,3,1,0.53
2020,SP,2,A,4,0,0.53
2020,SP,3,C,1,25,0.53
2020,SP,3,C,2,33,0.53
2020,SP,3,C,3,44,0.53
2020,SP,3,C,4,55,0.53
2020,SP,4,E,1,75,0.53
2020,SP,4,E,2,65,0.53
2020,SP,4,E,3,53,0.53
2020,SP,4,E,4,70,0.53
2020,SP,5,A,1,0,0.53
2020,SP,5,A,2,0,0.53
2020,SP,5,A,3,0,0.53
2020,SP,5,A,4,1,0.53
2020,SP,6,C,1,21,0.53
2020,SP,6,C,2,11,0.53
2020,SP,6,C,3,27,0.53
2020,SP,6,C,4,43,0.53
2020,SP,7,C,1,39,0.53
2020,SP,7,C,2,41,0.53
2020,SP,7,C,3,34,0.53
2020,SP,7,C,4,35,0.53
2020,SP,8,E,1,91,0.53
2020,SP,8,E,2,54,0.53
2020,SP,8,E,3,95,0.53
2020,SP,8,E,4,94,0.53
2020,SP,9,A,1,77,0.53
2020,SP,9,A,2,89,0.53
2020,SP,9,A,3,111,0.53
2020,SP,9,A,4,120,0.53
2020,SP,10,E,1,93,0.53
2020,SP,10,E,2,133,0.53
2020,SP,10,E,3,103,0.53
2020,SP,10,E,4,138,0.53
2020,SP,11,A,1,65,0.53
2020,SP,11,A,2,79,0.53
2020,SP,11,A,3,59,0.53
2020,SP,11,A,4,61,0.53
2020,SP,12,C,1,42,0.53
2020,SP,12,C,2,40,0.53
2020,SP,12,C,3,55,0.53
2020,SP,12,C,4,35,0.53
2020,SP,13,A,1,71,0.53
2020,SP,13,A,2,63,0.53
2020,SP,13,A,3,60,0.53
2020,SP,13,A,4,59,0.53
2020,SP,14,E,1,86,0.53
2020,SP,14,E,2,86,0.53
2020,SP,14,E,3,63,0.53
2020,SP,14,E,4,88,0.53
2020,SP,15,C,1,61,0.53
2020,SP,15,C,2,54,0.53
2020,SP,15,C,3,27,0.53
2020,SP,15,C,4,45,0.53
2021,MX,1,E,1,129,0.53
2021,MX,1,E,2,100,0.53
2021,MX,1,E,3,107,0.53
2021,MX,1,E,4,119,0.53
2021,MX,2,A,1,101,0.53
2021,MX,2,A,2,91,0.53
2021,MX,2,A,3,103,0.53
2021,MX,2,A,4,91,0.53
2021,MX,3,C,1,34,0.53
2021,MX,3,C,2,54,0.53
2021,MX,3,C,3,57,0.53
2021,MX,3,C,4,57,0.53
2021,MX,4,E,1,104,0.53
2021,MX,4,E,2,95,0.53
2021,MX,4,E,3,79,0.53
2021,MX,4,E,4,110,0.53
2021,MX,5,C,1,89,0.53
2021,MX,5,C,2,73,0.53
2021,MX,5,C,3,62,0.53
2021,MX,5,C,4,85,0.53
2021,MX,6,A,1,108,0.53
2021,MX,6,A,2,106,0.53
2021,MX,6,A,3,105,0.53
2021,MX,6,A,4,143,0.53
2021,MX,7,C,1,36,0.53
2021,MX,7,C,2,54,0.53
2021,MX,7,C,3,25,0.53
2021,MX,7,C,4,95,0.53
2021,MX,8,E,1,104,0.53
2021,MX,8,E,2,72,0.53
2021,MX,8,E,3,97,0.53
2021,MX,8,E,4,88,0.53
2021,MX,9,A,1,88,0.53
2021,MX,9,A,2,61,0.53
2021,MX,9,A,3,66,0.53
2021,MX,9,A,4,89,0.53
2021,MX,10,C,1,69,0.53
2021,MX,10,C,2,71,0.53
2021,MX,10,C,3,61,0.53
2021,MX,10,C,4,55,0.53
2021,MX,11,E,1,152,0.53
2021,MX,11,E,2,114,0.53
2021,MX,11,E,3,102,0.53
2021,MX,11,E,4,126,0.53
2021,MX,12,A,1,93,0.53
2021,MX,12,A,2,79,0.53
2021,MX,12,A,3,90,0.53
2021,MX,12,A,4,105,0.53
2021,MX,13,E,1,123,0.53
2021,MX,13,E,2,110,0.53
2021,MX,13,E,3,126,0.53
2021,MX,13,E,4,141,0.53
2021,MX,14,C,1,46,0.53
2021,MX,14,C,2,60,0.53
2021,MX,14,C,3,68,0.53
2021,MX,14,C,4,24,0.53
2021,MX,15,A,1,86,0.53
2021,MX,15,A,2,53,0.53
2021,MX,15,A,3,82,0.53
2021,MX,15,A,4,93,0.53
2021,SC,1,E,1,99,0.53
2021,SC,1,E,2,73,0.53
2021,SC,1,E,3,78,0.53
2021,SC,1,E,4,64,0.53
2021,SC,2,A,1,78,0.53
2021,SC,2,A,2,78,0.53
2021,SC,2,A,3,56,0.53
2021,SC,2,A,4,74,0.53
2021,SC,3,C,1,40,0.53
2021,SC,3,C,2,55,0.53
2021,SC,3,C,3,53,0.53
2021,SC,3,C,4,68,0.53
2021,SC,4,A,1,55,0.53
2021,SC,4,A,2,65,0.53
2021,SC,4,A,3,77,0.53
2021,SC,4,A,4,83,0.53
2021,SC,5,C,1,42,0.53
2021,SC,5,C,2,30,0.53
2021,SC,5,C,3,31,0.53
2021,SC,5,C,4,35,0.53
2021,SC,6,E,1,100,0.53
2021,SC,6,E,2,80,0.53
2021,SC,6,E,3,89,0.53
2021,SC,6,E,4,121,0.53
2021,SC,7,C,1,37,0.53
2021,SC,7,C,2,32,0.53
2021,SC,7,C,3,44,0.53
2021,SC,7,C,4,34,0.53
2021,SC,8,A,1,74,0.53
2021,SC,8,A,2,72,0.53
2021,SC,8,A,3,75,0.53
2021,SC,8,A,4,90,0.53
2021,SC,9,E,1,89,0.53
2021,SC,9,E,2,90,0.53
2021,SC,9,E,3,114,0.53
2021,SC,9,E,4,112,0.53
2021,SC,10,E,1,111,0.53
2021,SC,10,E,2,78,0.53
2021,SC,10,E,3,62,0.53
2021,SC,10,E,4,138,0.53
2021,SC,11,C,1,46,0.53
2021,SC,11,C,2,64,0.53
2021,SC,11,C,3,51,0.53
2021,SC,11,C,4,58,0.53
2021,SC,12,A,1,65,0.53
2021,SC,12,A,2,79,0.53
2021,SC,12,A,3,61,0.53
2021,SC,12,A,4,88,0.53
2021,SC,13,C,1,56,0.53
2021,SC,13,C,2,23,0.53
2021,SC,13,C,3,19,0.53
2021,SC,13,C,4,53,0.53
2021,SC,14,E,1,83,0.53
2021,SC,14,E,2,60,0.53
2021,SC,14,E,3,81,0.53
2021,SC,14,E,4,53,0.53
2021,SC,15,A,1,66,0.53
2021,SC,15,A,2,63,0.53
2021,SC,15,A,3,99,0.53
2021,SC,15,A,4,55,0.53
2021,SP,1,E,1,55,0.53
2021,SP,1,E,2,36,0.53
2021,SP,1,E,3,27,0.53
2021,SP,1,E,4,55,0.53
2021,SP,2,A,1,9,0.53
2021,SP,2,A,2,38,0.53
2021,SP,2,A,3,4,0.53
2021,SP,2,A,4,10,0.53
2021,SP,3,C,1,32,0.53
2021,SP,3,C,2,30,0.53
2021,SP,3,C,3,26,0.53
2021,SP,3,C,4,50,0.53
2021,SP,4,E,1,56,0.53
2021,SP,4,E,2,65,0.53
2021,SP,4,E,3,42,0.53
2021,SP,4,E,4,54,0.53
2021,SP,5,A,1,0,0.53
2021,SP,5,A,2,0,0.53
2021,SP,5,A,3,0,0.53
2021,SP,5,A,4,0,0.53
2021,SP,6,C,1,16,0.53
2021,SP,6,C,2,23,0.53
2021,SP,6,C,3,47,0.53
2021,SP,6,C,4,17,0.53
2021,SP,7,C,1,30,0.53
2021,SP,7,C,2,36,0.53
2021,SP,7,C,3,39,0.53
2021,SP,7,C,4,37,0.53
2021,SP,8,E,1,90,0.53
2021,SP,8,E,2,58,0.53
2021,SP,8,E,3,87,0.53
2021,SP,8,E,4,100,0.53
2021,SP,9,A,1,84,0.53
2021,SP,9,A,2,100,0.53
2021,SP,9,A,3,83,0.53
2021,SP,9,A,4,81,0.53
2021,SP,10,E,1,110,0.53
2021,SP,10,E,2,109,0.53
2021,SP,10,E,3,114,0.53
2021,SP,10,E,4,126,0.53
2021,SP,11,A,1,33,0.53
2021,SP,11,A,2,55,0.53
2021,SP,11,A,3,38,0.53
2021,SP,11,A,4,42,0.53
2021,SP,12,C,1,30,0.53
2021,SP,12,C,2,28,0.53
2021,SP,12,C,3,40,0.53
2021,SP,12,C,4,32,0.53
2021,SP,13,A,1,65,0.53
2021,SP,13,A,2,74,0.53
2021,SP,13,A,3,55,0.53
2021,SP,13,A,4,63,0.53
2021,SP,14,E,1,88,0.53
2021,SP,14,E,2,78,0.53
2021,SP,14,E,3,57,0.53
2021,SP,14,E,4,66,0.53
2021,SP,15,C,1,53,0.53
2021,SP,15,C,2,40,0.53
2021,SP,15,C,3,31,0.53
2021,SP,15,C,4,38,0.53
2022,MX,1,E,1,134,0.53
2022,MX,1,E,2,99,0.53
2022,MX,1,E,3,126,0.53
2022,MX,1,E,4,123,0.53
2022,MX,2,A,1,125,0.53
2022,MX,2,A,2,84,0.53
2022,MX,2,A,3,102,0.53
2022,MX,2,A,4,88,0.53
2022,MX,3,C,1,36,0.53
2022,MX,3,C,2,36,0.53
2022,MX,3,C,3,67,0.53
2022,MX,3,C,4,53,0.53
2022,MX,4,E,1,124,0.53
2022,MX,4,E,2,111,0.53
2022,MX,4,E,3,115,0.53
2022,MX,4,E,4,128,0.53
2022,MX,5,C,1,90,0.53
2022,MX,5,C,2,44,0.53
2022,MX,5,C,3,85,0.53
2022,MX,5,C,4,71,0.53
2022,MX,6,A,1,140,0.53
2022,MX,6,A,2,110,0.53
2022,MX,6,A,3,95,0.53
2022,MX,6,A,4,137,0.53
2022,MX,7,C,1,79,0.53
2022,MX,7,C,2,50,0.53
2022,MX,7,C,3,22,0.53
2022,MX,7,C,4,30,0.53
2022,MX,8,E,1,117,0.53
2022,MX,8,E,2,62,0.53
2022,MX,8,E,3,77,0.53
2022,MX,8,E,4,82,0.53
2022,MX,9,A,1,117,0.53
2022,MX,9,A,2,95,0.53
2022,MX,9,A,3,99,0.53
2022,MX,9,A,4,100,0.53
2022,MX,10,C,1,71,0.53
2022,MX,10,C,2,48,0.53
2022,MX,10,C,3,65,0.53
2022,MX,10,C,4,53,0.53
2022,MX,11,E,1,158,0.53
2022,MX,11,E,2,121,0.53
2022,MX,11,E,3,112,0.53
2022,MX,11,E,4,142,0.53
2022,MX,12,A,1,99,0.53
2022,MX,12,A,2,93,0.53
2022,MX,12,A,3,82,0.53
2022,MX,12,A,4,109,0.53
2022,MX,13,E,1,153,0.53
2022,MX,13,E,2,142,0.53
2022,MX,13,E,3,174,0.53
2022,MX,13,E,4,150,0.53
2022,MX,14,C,1,90,0.53
2022,MX,14,C,2,73,0.53
2022,MX,14,C,3,85,0.53
2022,MX,14,C,4,67,0.53
2022,MX,15,A,1,81,0.53
2022,MX,15,A,2,73,0.53
2022,MX,15,A,3,77,0.53
2022,MX,15,A,4,88,0.53
2022,SC,1,E,1,92,0.53
2022,SC,1,E,2,79,0.53
2022,SC,1,E,3,87,0.53
2022,SC,1,E,4,68,0.53
2022,SC,2,A,1,66,0.53
2022,SC,2,A,2,70,0.53
2022,SC,2,A,3,66,0.53
2022,SC,2,A,4,86,0.53
2022,SC,3,C,1,60,0.53
2022,SC,3,C,2,63,0.53
2022,SC,3,C,3,56,0.53
2022,SC,3,C,4,70,0.53
2022,SC,4,A,1,89,0.53
2022,SC,4,A,2,59,0.53
2022,SC,4,A,3,57,0.53
2022,SC,4,A,4,76,0.53
2022,SC,5,C,1,67,0.53
2022,SC,5,C,2,50,0.53
2022,SC,5,C,3,45,0.53
2022,SC,5,C,4,54,0.53
2022,SC,6,E,1,88,0.53
2022,SC,6,E,2,94,0.53
2022,SC,6,E,3,100,0.53
2022,SC,6,E,4,108,0.53
2022,SC,7,C,1,47,0.53
2022,SC,7,C,2,25,0.53
2022,SC,7,C,3,41,0.53
2022,SC,7,C,4,38,0.53
2022,SC,8,A,1,72,0.53
2022,SC,8,A,2,95,0.53
2022,SC,8,A,3,71,0.53
2022,SC,8,A,4,78,0.53
2022,SC,9,E,1,90,0.53
2022,SC,9,E,2,67,0.53
2022,SC,9,E,3,85,0.53
2022,SC,9,E,4,114,0.53
2022,SC,10,E,1,97,0.53
2022,SC,10,E,2,72,0.53
2022,SC,10,E,3,81,0.53
2022,SC,10,E,4,116,0.53
2022,SC,11,C,1,50,0.53
2022,SC,11,C,2,73,0.53
2022,SC,11,C,3,67,0.53
2022,SC,11,C,4,56,0.53
2022,SC,12,A,1,55,0.53
2022,SC,12,A,2,80,0.53
2022,SC,12,A,3,76,0.53
2022,SC,12,A,4,102,0.53
2022,SC,13,C,1,61,0.53
2022,SC,13,C,2,63,0.53
2022,SC,13,C,3,61,0.53
2022,SC,13,C,4,36,0.53
2022,SC,14,E,1,71,0.53
2022,SC,14,E,2,72,0.53
2022,SC,14,E,3,88,0.53
2022,SC,14,E,4,109,0.53
2022,SC,15,A,1,89,0.53
2022,SC,15,A,2,62,0.53
2022,SC,15,A,3,82,0.53
2022,SC,15,A,4,75,0.53
2022,SP,1,E,1,81,0.53
2022,SP,1,E,2,47,0.53
2022,SP,1,E,3,37,0.53
2022,SP,1,E,4,55,0.53
2022,SP,2,A,1,25,0.53
2022,SP,2,A,2,24,0.53
2022,SP,2,A,3,34,0.53
2022,SP,2,A,4,36,0.53
2022,SP,3,C,1,32,0.53
2022,SP,3,C,2,45,0.53
2022,SP,3,C,3,57,0.53
2022,SP,3,C,4,36,0.53
2022,SP,4,E,1,68,0.53
2022,SP,4,E,2,81,0.53
2022,SP,4,E,3,82,0.53
2022,SP,4,E,4,81,0.53
2022,SP,5,A,1,0,0.53
2022,SP,5,A,2,0,0.53
2022,SP,5,A,3,0,0.53
2022,SP,5,A,4,0,0.53
2022,SP,6,C,1,55,0.53
2022,SP,6,C,2,50,0.53
2022,SP,6,C,3,34,0.53
2022,SP,6,C,4,42,0.53
2022,SP,7,C,1,60,0.53
2022,SP,7,C,2,47,0.53
2022,SP,7,C,3,39,0.53
2022,SP,7,C,4,62,0.53
2022,SP,8,E,1,110,0.53
2022,SP,8,E,2,71,0.53
2022,SP,8,E,3,91,0.53
2022,SP,8,E,4,91,0.53
2022,SP,9,A,1,72,0.53
2022,SP,9,A,2,92,0.53
2022,SP,9,A,3,95,0.53
2022,SP,9,A,4,134,0.53
2022,SP,10,E,1,173,0.53
2022,SP,10,E,2,129,0.53
2022,SP,10,E,3,133,0.53
2022,SP,10,E,4,141,0.53
2022,SP,11,A,1,129,0.53
2022,SP,11,A,2,123,0.53
2022,SP,11,A,3,86,0.53
2022,SP,11,A,4,94,0.53
2022,SP,12,C,1,57,0.53
2022,SP,12,C,2,68,0.53
2022,SP,12,C,3,35,0.53
2022,SP,12,C,4,36,0.53
2022,SP,13,A,1,82,0.53
2022,SP,13,A,2,72,0.53
2022,SP,13,A,3,66,0.53
2022,SP,13,A,4,81,0.53
2022,SP,14,E,1,113,0.53
2022,SP,14,E,2,92,0.53
2022,SP,14,E,3,69,0.53
2022,SP,14,E,4,91,0.53
2022,SP,15,C,1,81,0.53
2022,SP,15,C,2,51,0.53
2022,SP,15,C,3,54,0.53
2022,SP,15,C,4,82,0.53
2023,MX,1,E,1,136,0.53
2023,MX,1,E,2,76,0.53
2023,MX,1,E,3,109,0.53
2023,MX,1,E,4,102,0.53
2023,MX,2,A,1,97,0.53
2023,MX,2,A,2,58,0.53
2023,MX,2,A,3,103,0.53
2023,MX,2,A,4,70,0.53
2023,MX,3,C,1,31,0.53
2023,MX,3,C,2,44,0.53
2023,MX,3,C,3,41,0.53
2023,MX,3,C,4,62,0.53
2023,MX,4,E,1,92,0.53
2023,MX,4,E,2,82,0.53
2023,MX,4,E,3,103,0.53
2023,MX,4,E,4,126,0.53
2023,MX,5,C,1,57,0.53
2023,MX,5,C,2,53,0.53
2023,MX,5,C,3,73,0.53
2023,MX,5,C,4,82,0.53
2023,MX,6,A,1,113,0.53
2023,MX,6,A,2,91,0.53
2023,MX,6,A,3,73,0.53
2023,MX,6,A,4,107,0.53
2023,MX,7,C,1,52,0.53
2023,MX,7,C,2,47,0.53
2023,MX,7,C,3,42,0.53
2023,MX,7,C,4,48,0.53
2023,MX,8,E,1,89,0.53
2023,MX,8,E,2,45,0.53
2023,MX,8,E,3,64,0.53
2023,MX,8,E,4,71,0.53
2023,MX,9,A,1,50,0.53
2023,MX,9,A,2,56,0.53
2023,MX,9,A,3,45,0.53
2023,MX,9,A,4,57,0.53
2023,MX,10,C,1,38,0.53
2023,MX,10,C,2,53,0.53
2023,MX,10,C,3,49,0.53
2023,MX,10,C,4,39,0.53
2023,MX,11,E,1,101,0.53
2023,MX,11,E,2,107,0.53
2023,MX,11,E,3,45,0.53
2023,MX,11,E,4,86,0.53
2023,MX,12,A,1,81,0.53
2023,MX,12,A,2,69,0.53
2023,MX,12,A,3,66,0.53
2023,MX,12,A,4,81,0.53
2023,MX,13,E,1,105,0.53
2023,MX,13,E,2,96,0.53
2023,MX,13,E,3,101,0.53
2023,MX,13,E,4,98,0.53
2023,MX,14,C,1,52,0.53
2023,MX,14,C,2,62,0.53
2023,MX,14,C,3,57,0.53
2023,MX,14,C,4,41,0.53
2023,MX,15,A,1,54,0.53
2023,MX,15,A,2,77,0.53
2023,MX,15,A,3,52,0.53
2023,MX,15,A,4,50,0.53
2023,SC,1,E,1,68,0.53
2023,SC,1,E,2,85,0.53
2023,SC,1,E,3,55,0.53
2023,SC,1,E,4,98,0.53
2023,SC,2,A,1,66,0.53
2023,SC,2,A,2,54,0.53
2023,SC,2,A,3,45,0.53
2023,SC,2,A,4,70,0.53
2023,SC,3,C,1,44,0.53
2023,SC,3,C,2,58,0.53
2023,SC,3,C,3,35,0.53
2023,SC,3,C,4,52,0.53
2023,SC,4,A,1,65,0.53
2023,SC,4,A,2,69,0.53
2023,SC,4,A,3,43,0.53
2023,SC,4,A,4,74,0.53
2023,SC,5,C,1,39,0.53
2023,SC,5,C,2,21,0.53
2023,SC,5,C,3,36,0.53
2023,SC,5,C,4,44,0.53
2023,SC,6,E,1,73,0.53
2023,SC,6,E,2,72,0.53
2023,SC,6,E,3,65,0.53
2023,SC,6,E,4,62,0.53
2023,SC,7,C,1,45,0.53
2023,SC,7,C,2,19,0.53
2023,SC,7,C,3,22,0.53
2023,SC,7,C,4,25,0.53
2023,SC,8,A,1,64,0.53
2023,SC,8,A,2,47,0.53
2023,SC,8,A,3,54,0.53
2023,SC,8,A,4,53,0.53
2023,SC,9,E,1,71,0.53
2023,SC,9,E,2,37,0.53
2023,SC,9,E,3,101,0.53
2023,SC,9,E,4,106,0.53
2023,SC,10,E,1,57,0.53
2023,SC,10,E,2,85,0.53
2023,SC,10,E,3,78,0.53
2023,SC,10,E,4,88,0.53
2023,SC,11,C,1,40,0.53
2023,SC,11,C,2,56,0.53
2023,SC,11,C,3,54,0.53
2023,SC,11,C,4,60,0.53
2023,SC,12,A,1,62,0.53
2023,SC,12,A,2,71,0.53
2023,SC,12,A,3,70,0.53
2023,SC,12,A,4,76,0.53
2023,SC,13,C,1,36,0.53
2023,SC,13,C,2,34,0.53
2023,SC,13,C,3,57,0.53
2023,SC,13,C,4,69,0.53
2023,SC,14,E,1,69,0.53
2023,SC,14,E,2,69,0.53
2023,SC,14,E,3,105,0.53
2023,SC,14,E,4,63,0.53
2023,SC,15,A,1,63,0.53
2023,SC,15,A,2,53,0.53
2023,SC,15,A,3,62,0.53
2023,SC,15,A,4,57,0.53
2023,SP,1,E,1,57,0.53
2023,SP,1,E,2,58,0.53
2023,SP,1,E,3,40,0.53
2023,SP,1,E,4,64,0.53
2023,SP,2,A,1,21,0.53
2023,SP,2,A,2,36,0.53
2023,SP,2,A,3,23,0.53
2023,SP,2,A,4,40,0.53
2023,SP,3,C,1,28,0.53
2023,SP,3,C,2,27,0.53
2023,SP,3,C,3,30,0.53
2023,SP,3,C,4,37,0.53
2023,SP,4,E,1,52,0.53
2023,SP,4,E,2,62,0.53
2023,SP,4,E,3,70,0.53
2023,SP,4,E,4,50,0.53
2023,SP,5,A,1,0,0.53
2023,SP,5,A,2,0,0.53
2023,SP,5,A,3,0,0.53
2023,SP,5,A,4,0,0.53
2023,SP,6,C,1,47,0.53
2023,SP,6,C,2,51,0.53
2023,SP,6,C,3,35,0.53
2023,SP,6,C,4,47,0.53
2023,SP,7,C,1,42,0.53
2023,SP,7,C,2,36,0.53
2023,SP,7,C,3,27,0.53
2023,SP,7,C,4,60,0.53
2023,SP,8,E,1,88,0.53
2023,SP,8,E,2,68,0.53
2023,SP,8,E,3,85,0.53
2023,SP,8,E,4,87,0.53
2023,SP,9,A,1,62,0.53
2023,SP,9,A,2,87,0.53
2023,SP,9,A,3,75,0.53
2023,SP,9,A,4,104,0.53
2023,SP,10,E,1,69,0.53
2023,SP,10,E,2,114,0.53
2023,SP,10,E,3,108,0.53
2023,SP,10,E,4,91,0.53
2023,SP,11,A,1,76,0.53
2023,SP,11,A,2,84,0.53
2023,SP,11,A,3,49,0.53
2023,SP,11,A,4,45,0.53
2023,SP,12,C,1,41,0.53
2023,SP,12,C,2,39,0.53
2023,SP,12,C,3,39,0.53
2023,SP,12,C,4,31,0.53
2023,SP,13,A,1,60,0.53
2023,SP,13,A,2,48,0.53
2023,SP,13,A,3,51,0.53
2023,SP,13,A,4,51,0.53
2023,SP,14,E,1,65,0.53
2023,SP,14,E,2,90,0.53
2023,SP,14,E,3,50,0.53
2023,SP,14,E,4,56,0.53
2023,SP,15,C,1,35,0.53
2023,SP,15,C,2,34,0.53
2023,SP,15,C,3,42,0.53
2023,SP,15,C,4,51,0.53
2024,MX,1,E,1,129,0.53
2024,MX,1,E,2,88,0.53
2024,MX,1,E,3,125,0.53
2024,MX,1,E,4,120,0.53
2024,MX,2,A,1,105,0.53
2024,MX,2,A,2,52,0.53
2024,MX,2,A,3,97,0.53
2024,MX,2,A,4,85,0.53
2024,MX,3,C,1,42,0.53
2024,MX,3,C,2,59,0.53
2024,MX,3,C,3,72,0.53
2024,MX,3,C,4,47,0.53
2024,MX,4,E,1,126,0.53
2024,MX,4,E,2,95,0.53
2024,MX,4,E,3,113,0.53
2024,MX,4,E,4,118,0.53
2024,MX,5,C,1,68,0.53
2024,MX,5,C,2,60,0.53
2024,MX,5,C,3,74,0.53
2024,MX,5,C,4,87,0.53
2024,MX,6,A,1,133,0.53
2024,MX,6,A,2,76,0.53
2024,MX,6,A,3,108,0.53
2024,MX,6,A,4,112,0.53
2024,MX,7,C,1,58,0.53
2024,MX,7,C,2,43,0.53
2024,MX,7,C,3,84,0.53
2024,MX,7,C,4,23,0.53
2024,MX,8,E,1,113,0.53
2024,MX,8,E,2,68,0.53
2024,MX,8,E,3,80,0.53
2024,MX,8,E,4,98,0.53
2024,MX,9,A,1,74,0.53
2024,MX,9,A,2,44,0.53
2024,MX,9,A,3,56,0.53
2024,MX,9,A,4,69,0.53
2024,MX,10,C,1,43,0.53
2024,MX,10,C,2,16,0.53
2024,MX,10,C,3,70,0.53
2024,MX,10,C,4,55,0.53
2024,MX,11,E,1,167,0.53
2024,MX,11,E,2,140,0.53
2024,MX,11,E,3,129,0.53
2024,MX,11,E,4,131,0.53
2024,MX,12,A,1,78,0.53
2024,MX,12,A,2,61,0.53
2024,MX,12,A,3,78,0.53
2024,MX,12,A,4,109,0.53
2024,MX,13,E,1,142,0.53
2024,MX,13,E,2,141,0.53
2024,MX,13,E,3,131,0.53
2024,MX,13,E,4,125,0.53
2024,MX,14,C,1,78,0.53
2024,MX,14,C,2,75,0.53
2024,MX,14,C,3,89,0.53
2024,MX,14,C,4,120,0.53
2024,MX,15,A,1,59,0.53
2024,MX,15,A,2,102,0.53
2024,MX,15,A,3,47,0.53
2024,MX,15,A,4,50,0.53
2024,SC,1,E,1,76,0.53
2024,SC,1,E,2,87,0.53
2024,SC,1,E,3,104,0.53
2024,SC,1,E,4,78,0.53
2024,SC,2,A,1,84,0.53
2024,SC,2,A,2,79,0.53
2024,SC,2,A,3,70,0.53
2024,SC,2,A,4,79,0.53
2024,SC,3,C,1,66,0.53
2024,SC,3,C,2,55,0.53
2024,SC,3,C,3,52,0.53
2024,SC,3,C,4,75,0.53
2024,SC,4,A,1,99,0.53
2024,SC,4,A,2,76,0.53
2024,SC,4,A,3,58,0.53
2024,SC,4,A,4,61,0.53
2024,SC,5,C,1,48,0.53
2024,SC,5,C,2,53,0.53
2024,SC,5,C,3,58,0.53
2024,SC,5,C,4,58,0.53
2024,SC,6,E,1,126,0.53
2024,SC,6,E,2,73,0.53
2024,SC,6,E,3,90,0.53
2024,SC,6,E,4,65,0.53
2024,SC,7,C,1,45,0.53
2024,SC,7,C,2,44,0.53
2024,SC,7,C,3,39,0.53
2024,SC,7,C,4,47,0.53
2024,SC,8,A,1,72,0.53
2024,SC,8,A,2,77,0.53
2024,SC,8,A,3,70,0.53
2024,SC,8,A,4,59,0.53
2024,SC,9,E,1,99,0.53
2024,SC,9,E,2,95,0.53
2024,SC,9,E,3,100,0.53
2024,SC,9,E,4,116,0.53
2024,SC,10,E,1,63,0.53
2024,SC,10,E,2,98,0.53
2024,SC,10,E,3,68,0.53
2024,SC,10,E,4,109,0.53
2024,SC,11,C,1,65,0.53
2024,SC,11,C,2,61,0.53
2024,SC,11,C,3,64,0.53
2024,SC,11,C,4,64,0.53
2024,SC,12,A,1,52,0.53
2024,SC,12,A,2,89,0.53
2024,SC,12,A,3,81,0.53
2024,SC,12,A,4,78,0.53
2024,SC,13,C,1,66,0.53
2024,SC,13,C,2,68,0.53
2024,SC,13,C,3,68,0.53
2024,SC,13,C,4,54,0.53
2024,SC,14,E,1,109,0.53
2024,SC,14,E,2,74,0.53
2024,SC,14,E,3,103,0.53
2024,SC,14,E,4,83,0.53
2024,SC,15,A,1,59,0.53
2024,SC,15,A,2,94,0.53
2024,SC,15,A,3,79,0.53
2024,SC,15,A,4,56,0.53
2024,SP,1,E,1,81,0.53
2024,SP,1,E,2,78,0.53
2024,SP,1,E,3,49,0.53
2024,SP,1,E,4,65,0.53
2024,SP,2,A,1,40,0.53
2024,SP,2,A,2,52,0.53
2024,SP,2,A,3,37,0.53
2024,SP,2,A,4,40,0.53
2024,SP,3,C,1,48,0.53
2024,SP,3,C,2,28,0.53
2024,SP,3,C,3,22,0.53
2024,SP,3,C,4,50,0.53
2024,SP,4,E,1,72,0.53
2024,SP,4,E,2,112,0.53
2024,SP,4,E,3,105,0.53
2024,SP,4,E,4,90,0.53
2024,SP,5,A,1,0,0.53
2024,SP,5,A,2,0,0.53
2024,SP,5,A,3,0,0.53
2024,SP,5,A,4,0,0.53
2024,SP,6,C,1,55,0.53
2024,SP,6,C,2,62,0.53
2024,SP,6,C,3,71,0.53
2024,SP,6,C,4,56,0.53
2024,SP,7,C,1,70,0.53
2024,SP,7,C,2,49,0.53
2024,SP,7,C,3,75,0.53
2024,SP,7,C,4,78,0.53
2024,SP,8,E,1,77,0.53
2024,SP,8,E,2,61,0.53
2024,SP,8,E,3,66,0.53
2024,SP,8,E,4,68,0.53
2024,SP,9,A,1,72,0.53
2024,SP,9,A,2,77,0.53
2024,SP,9,A,3,80,0.53
2024,SP,9,A,4,95,0.53
2024,SP,10,E,1,111,0.53
2024,SP,10,E,2,103,0.53
2024,SP,10,E,3,103,0.53
2024,SP,10,E,4,146,0.53
2024,SP,11,A,1,64,0.53
2024,SP,11,A,2,68,0.53
2024,SP,11,A,3,57,0.53
2024,SP,11,A,4,76,0.53
2024,SP,12,C,1,28,0.53
2024,SP,12,C,2,53,0.53
2024,SP,12,C,3,45,0.53
2024,SP,12,C,4,61,0.53
2024,SP,13,A,1,71,0.53
2024,SP,13,A,2,52,0.53
2024,SP,13,A,3,96,0.53
2024,SP,13,A,4,64,0.53
2024,SP,14,E,1,95,0.53
2024,SP,14,E,2,99,0.53
2024,SP,14,E,3,84,0.53
2024,SP,14,E,4,93,0.53
2024,SP,15,C,1,91,0.53
2024,SP,15,C,2,65,0.53
2024,SP,15,C,3,67,0.53
2024,SP,15,C,4,76,0.53
2025,MX,1,E,1,144,0.53
2025,MX,1,E,2,101,0.53
2025,MX,1,E,3,120,0.53
2025,MX,1,E,4,131,0.53
2025,MX,2,A,1,94,0.53
2025,MX,2,A,2,95,0.53
2025,MX,2,A,3,114,0.53
2025,MX,2,A,4,97,0.53
2025,MX,3,C,1,56,0.53
2025,MX,3,C,2,51,0.53
2025,MX,3,C,3,50,0.53
2025,MX,3,C,4,86,0.53
2025,MX,4,E,1,143,0.53
2025,MX,4,E,2,81,0.53
2025,MX,4,E,3,127,0.53
2025,MX,4,E,4,153,0.53
2025,MX,5,C,1,58,0.53
2025,MX,5,C,2,40,0.53
2025,MX,5,C,3,80,0.53
2025,MX,5,C,4,85,0.53
2025,MX,6,A,1,130,0.53
2025,MX,6,A,2,109,0.53
2025,MX,6,A,3,93,0.53
2025,MX,6,A,4,127,0.53
2025,MX,7,C,1,62,0.53
2025,MX,7,C,2,72,0.53
2025,MX,7,C,3,56,0.53
2025,MX,7,C,4,32,0.53
2025,MX,8,E,1,133,0.53
2025,MX,8,E,2,83,0.53
2025,MX,8,E,3,86,0.53
2025,MX,8,E,4,109,0.53
2025,MX,9,A,1,91,0.53
2025,MX,9,A,2,85,0.53
2025,MX,9,A,3,87,0.53
2025,MX,9,A,4,104,0.53
2025,MX,10,C,1,46,0.53
2025,MX,10,C,2,50,0.53
2025,MX,10,C,3,56,0.53
2025,MX,10,C,4,61,0.53
2025,MX,11,E,1,188,0.53
2025,MX,11,E,2,101,0.53
2025,MX,11,E,3,132,0.53
2025,MX,11,E,4,190,0.53
2025,MX,12,A,1,105,0.53
2025,MX,12,A,2,74,0.53
2025,MX,12,A,3,82,0.53
2025,MX,12,A,4,146,0.53
2025,MX,13,E,1,151,0.53
2025,MX,13,E,2,153,0.53
2025,MX,13,E,3,157,0.53
2025,MX,13,E,4,126,0.53
2025,MX,14,C,1,67,0.53
2025,MX,14,C,2,78,0.53
2025,MX,14,C,3,99,0.53
2025,MX,14,C,4,60,0.53
2025,MX,15,A,1,67,0.53
2025,MX,15,A,2,85,0.53
2025,MX,15,A,3,90,0.53
2025,MX,15,A,4,113,0.53
2025,SC,1,E,1,69,0.53
2025,SC,1,E,2,85,0.53
2025,SC,1,E,3,92,0.53
2025,SC,1,E,4,94,0.53
2025,SC,2,A,1,79,0.53
2025,SC,2,A,2,72,0.53
2025,SC,2,A,3,76,0.53
2025,SC,2,A,4,86,0.53
2025,SC,3,C,1,92,0.53
2025,SC,3,C,2,65,0.53
2025,SC,3,C,3,46,0.53
2025,SC,3,C,4,75,0.53
2025,SC,4,A,1,77,0.53
2025,SC,4,A,2,68,0.53
2025,SC,4,A,3,67,0.53
2025,SC,4,A,4,104,0.53
2025,SC,5,C,1,57,0.53
2025,SC,5,C,2,36,0.53
2025,SC,5,C,3,59,0.53
2025,SC,5,C,4,82,0.53
2025,SC,6,E,1,125,0.53
2025,SC,6,E,2,81,0.53
2025,SC,6,E,3,100,0.53
2025,SC,6,E,4,79,0.53
2025,SC,7,C,1,52,0.53
2025,SC,7,C,2,49,0.53
2025,SC,7,C,3,31,0.53
2025,SC,7,C,4,39,0.53
2025,SC,8,A,1,76,0.53
2025,SC,8,A,2,67,0.53
2025,SC,8,A,3,78,0.53
2025,SC,8,A,4,53,0.53
2025,SC,9,E,1,106,0.53
2025,SC,9,E,2,99,0.53
2025,SC,9,E,3,132,0.53
2025,SC,9,E,4,126,0.53
2025,SC,10,E,1,87,0.53
2025,SC,10,E,2,104,0.53
2025,SC,10,E,3,93,0.53
2025,SC,10,E,4,128,0.53
2025,SC,11,C,1,60,0.53
2025,SC,11,C,2,67,0.53
2025,SC,11,C,3,73,0.53
2025,SC,11,C,4,79,0.53
2025,SC,12,A,1,88,0.53
2025,SC,12,A,2,85,0.53
2025,SC,12,A,3,87,0.53
2025,SC,12,A,4,86,0.53
2025,SC,13,C,1,47,0.53
2025,SC,13,C,2,72,0.53
2025,SC,13,C,3,63,0.53
2025,SC,13,C,4,56,0.53
2025,SC,14,E,1,95,0.53
2025,SC,14,E,2,94,0.53
2025,SC,14,E,3,126,0.53
2025,SC,14,E,4,98,0.53
2025,SC,15,A,1,74,0.53
2025,SC,15,A,2,72,0.53
2025,SC,15,A,3,81,0.53
2025,SC,15,A,4,57,0.53
2025,SP,1,E,1,92,0.53
2025,SP,1,E,2,74,0.53
2025,SP,1,E,3,73,0.53
2025,SP,1,E,4,64,0.53
2025,SP,2,A,1,38,0.53
2025,SP,2,A,2,45,0.53
2025,SP,2,A,3,34,0.53
2025,SP,2,A,4,40,0.53
2025,SP,3,C,1,26,0.53
2025,SP,3,C,2,51,0.53
2025,SP,3,C,3,36,0.53
2025,SP,3,C,4,45,0.53
2025,SP,4,E,1,91,0.53
2025,SP,4,E,2,83,0.53
2025,SP,4,E,3,116,0.53
2025,SP,4,E,4,75,0.53
2025,SP,5,A,1,0,0.53
2025,SP,5,A,2,0,0.53
2025,SP,5,A,3,0,0.53
2025,SP,5,A,4,0,0.53
2025,SP,6,C,1,55,0.53
2025,SP,6,C,2,58,0.53
2025,SP,6,C,3,62,0.53
2025,SP,6,C,4,64,0.53
2025,SP,7,C,1,52,0.53
2025,SP,7,C,2,58,0.53
2025,SP,7,C,3,64,0.53
2025,SP,7,C,4,81,0.53
2025,SP,8,E,1,118,0.53
2025,SP,8,E,2,103,0.53
2025,SP,8,E,3,88,0.53
2025,SP,8,E,4,84,0.53
2025,SP,9,A,1,118,0.53
2025,SP,9,A,2,103,0.53
2025,SP,9,A,3,75,0.53
2025,SP,9,A,4,118,0.53
2025,SP,10,E,1,145,0.53
2025,SP,10,E,2,152,0.53
2025,SP,10,E,3,148,0.53
2025,SP,10,E,4,153,0.53
2025,SP,11,A,1,122,0.53
2025,SP,11,A,2,99,0.53
2025,SP,11,A,3,80,0.53
2025,SP,11,A,4,87,0.53
2025,SP,12,C,1,65,0.53
2025,SP,12,C,2,58,0.53
2025,SP,12,C,3,45,0.53
2025,SP,12,C,4,66,0.53
2025,SP,13,A,1,69,0.53
2025,SP,13,A,2,71,0.53
2025,SP,13,A,3,91,0.53
2025,SP,13,A,4,73,0.53
2025,SP,14,E,1,108,0.53
2025,SP,14,E,2,116,0.53
2025,SP,14,E,3,86,0.53
2025,SP,14,E,4,103,0.53
2025,SP,15,C,1,56,0.53
2025,SP,15,C,2,57,0.53
2025,SP,15,C,3,62,0.53
2025,SP,15,C,4,83,0.53
