"","Site","Project","Year","Month","Sample_Date","Community","Nickname","Plot","Depth_cm","CO2_Treatment","Temp_Treatment","CO2_Conc_ppm","CO2_Conc_uM","CO2_Conc_Flag","N2O_Conc_ppm","N2O_Conc_uM","N2O_Conc_Flag","CH4_Conc_ppm","CH4_Conc_uM","CH4_Conc_Flag","QAQC_Flags","Analysis_rundate","Run_notes"
"1","GCReW","GENX","2026","April",2026-04-07,"SCAM, SPPA, DISP","GENX","Ch1",5,"Ambient",0,4706.14406017284,192.352967606554,"Within Range",0.23305751414454,0.00952569744901996,"BDL",40.3098849685284,1.64757514823941,"Within Range","; CH4 Check Standards out Of Range; CO2 Check Standards out Of Range; N2O Check Standards out Of Range","4/17/2026",""
"2","GCReW","GENX","2026","April",2026-04-07,"SCAM, SPPA, DISP","GENX","Ch1",20,"Ambient",0,14854.1881990132,607.131261800241,"Within Range",0.294622254108974,0.0120420166013176,"BDL",1022.16297900788,41.7785940837735,"Within Range","; CH4 Check Standards out Of Range; CO2 Check Standards out Of Range; N2O Check Standards out Of Range","4/17/2026",""
"3","GCReW","GENX","2026","April",2026-04-07,"SCAM, SPPA, DISP","GENX","Ch2",5,"Ambient",0,10966.6058752224,448.235149136728,"Within Range",0.0886659848465116,0.00362402108667237,"BDL",68.2982355301122,2.79153551581377,"Within Range","; CH4 Check Standards out Of Range; CO2 Check Standards out Of Range; N2O Check Standards out Of Range","4/17/2026",""
"4","GCReW","GENX","2026","April",2026-04-07,"SCAM, SPPA, DISP","GENX","Ch2",20,"Ambient",0,14771.5565295918,603.753879674182,"Within Range",0.0645478392934343,0.00263824657340112,"BDL",634.282513817582,25.9248595609877,"Within Range","; CH4 Check Standards out Of Range; CO2 Check Standards out Of Range; N2O Check Standards out Of Range","4/17/2026",""
"5","GCReW","GENX","2026","April",2026-04-07,"SCAM, SPPA, DISP","GENX","Ch3",5,"Ambient",0.75,7723.24997291087,315.670330712759,"Within Range",-0.0366849032254035,-0.00149941223888214,"BDL",151.342574675902,6.1857845811582,"Within Range","; CH4 Check Standards out Of Range; CO2 Check Standards out Of Range; N2O Check Standards out Of Range","4/17/2026",""
"6","GCReW","GENX","2026","April",2026-04-07,"SCAM, SPPA, DISP","GENX","Ch3",20,"Ambient",0.75,9681.67720372355,395.716603175245,"Within Range",0.514859004291023,0.0210436943935577,"BDL",315.081961542447,12.878260751703,"Within Range","; CH4 Check Standards out Of Range; CO2 Check Standards out Of Range; N2O Check Standards out Of Range","4/17/2026",""
"7","GCReW","GENX","2026","April",2026-04-07,"SCAM, SPPA, DISP","GENX","Ch4",5,"Ambient",1.5,33531.8151274337,1370.53691228469,"Within Range",0.360629810359502,0.0147399257955337,"BDL",364.205743536657,14.8860839559711,"Within Range","; CH4 Check Standards out Of Range; CO2 Check Standards out Of Range; N2O Check Standards out Of Range","4/17/2026",""
"8","GCReW","GENX","2026","April",2026-04-07,"SCAM, SPPA, DISP","GENX","Ch4",20,"Ambient",1.5,30893.7409762651,1262.71161300459,"Within Range",0.847118193686706,0.0346240353855971,"BDL",2456.21043884607,100.392032402189,"Within Range","; CH4 Check Standards out Of Range; CO2 Check Standards out Of Range; N2O Check Standards out Of Range","4/17/2026",""
"9","GCReW","GENX","2026","April",2026-04-07,"SCAM, SPPA, DISP","GENX","Ch5",5,"Ambient",2.25,12739.7277465258,520.707485196237,"Within Range",0.293670222047669,0.012003104449478,"BDL",206.921174114074,8.45743381260049,"Within Range","; CH4 Check Standards out Of Range; CO2 Check Standards out Of Range; N2O Check Standards out Of Range","4/17/2026",""
"10","GCReW","GENX","2026","April",2026-04-07,"SCAM, SPPA, DISP","GENX","Ch5",20,"Ambient",2.25,16689.3360940574,682.138770940476,"Within Range",0.334290256663378,0.0136633562613032,"BDL",1069.15536062276,43.6993011303377,"Within Range","; CH4 Check Standards out Of Range; CO2 Check Standards out Of Range; N2O Check Standards out Of Range","4/17/2026",""
"11","GCReW","GENX","2026","April",2026-04-07,"SCAM, SPPA, DISP","GENX","Ch6",5,"Ambient",2.25,14459.6173564069,591.004073270543,"Within Range",-0.0734968095958899,-0.00300401544334877,"BDL",134.699302997424,5.50552858875666,"Within Range","; CH4 Check Standards out Of Range; CO2 Check Standards out Of Range; N2O Check Standards out Of Range","4/17/2026",""
"12","GCReW","GENX","2026","April",2026-04-07,"SCAM, SPPA, DISP","GENX","Ch6",20,"Ambient",2.25,9533.083226188,389.643161269947,"Within Range",0.406327349302175,0.0166077090838371,"BDL",1017.89853997067,41.604294807445,"Within Range","; CH4 Check Standards out Of Range; CO2 Check Standards out Of Range; N2O Check Standards out Of Range","4/17/2026",""
"13","GCReW","GENX","2026","April",2026-04-07,"SCAM, SPPA, DISP","GENX","Ch7",5,"Ambient",3,13946.3973878264,570.02737074525,"Within Range",0.364120594584289,0.0148826036856124,"BDL",525.905473622051,21.4951937803657,"Within Range","; CH4 Check Standards out Of Range; CO2 Check Standards out Of Range; N2O Check Standards out Of Range","4/17/2026",""
"14","GCReW","GENX","2026","April",2026-04-07,"SCAM, SPPA, DISP","GENX","Ch7",20,"Ambient",3,14301.4205419358,584.538137179265,"Within Range",0.105802561950014,0.00432443981978615,"BDL",2708.24976241176,110.693568271371,"Within Range","; CH4 Check Standards out Of Range; CO2 Check Standards out Of Range; N2O Check Standards out Of Range","4/17/2026",""
"15","GCReW","GENX","2026","April",2026-04-07,"SCAM, SPPA, DISP","GENX","Ch8",5,"Ambient",3.75,15008.8820537186,613.454022353813,"Within Range",0.028053276943383,0.00114661408621437,"BDL",3254.90890705228,133.037021297117,"Within Range","; CH4 Check Standards out Of Range; CO2 Check Standards out Of Range; N2O Check Standards out Of Range","4/17/2026",""
"16","GCReW","GENX","2026","April",2026-04-07,"SCAM, SPPA, DISP","GENX","Ch8",20,"Ambient",3.75,12773.7331223829,522.09737782958,"Within Range",0.0385256296177456,0.00157464775645057,"BDL",4015.70088642135,164.132668411143,"Within Range","; CH4 Check Standards out Of Range; CO2 Check Standards out Of Range; N2O Check Standards out Of Range","4/17/2026",""
"17","GCReW","GENX","2026","April",2026-04-07,"SCAM, SPPA, DISP","GENX","Ch9",5,"Ambient",3.75,14171.7292140702,579.237298218789,"Within Range",0.0842231685604184,0.00344243104475398,"BDL",95.560828698885,3.90583219556119,"Within Range","; CH4 Check Standards out Of Range; CO2 Check Standards out Of Range; N2O Check Standards out Of Range","4/17/2026",""
"18","GCReW","GENX","2026","April",2026-04-07,"SCAM, SPPA, DISP","GENX","Ch9",20,"Ambient",3.75,10446.1709004115,426.963549591297,"Within Range",0.222585161470178,0.00909766377878377,"BDL",1369.08975727835,55.9584395133362,"Within Range","; CH4 Check Standards out Of Range; CO2 Check Standards out Of Range; N2O Check Standards out Of Range","4/17/2026",""
"19","GCReW","GENX","2026","April",2026-04-07,"SCAM, SPPA, DISP","GENX","Ch10",5,"Ambient",4.5,10582.8529965985,432.55012035583,"Within Range",0.187359975201867,0.00765791416071655,"BDL",651.35337619476,26.6225923536665,"Within Range","; CH4 Check Standards out Of Range; CO2 Check Standards out Of Range; N2O Check Standards out Of Range","4/17/2026",""
"20","GCReW","GENX","2026","April",2026-04-07,"SCAM, SPPA, DISP","GENX","Ch10",20,"Ambient",4.5,3105.78234644951,126.941811266541,"Within Range",-0.105548555659848,-0.00431405788861714,"BDL",1426.72767284014,58.3142586219759,"Within Range","; CH4 Check Standards out Of Range; CO2 Check Standards out Of Range; N2O Check Standards out Of Range","4/17/2026",""
"21","GCReW","GENX","2026","April",2026-04-07,"SCAM, SPPA, DISP","GENX","Ch11",5,"Ambient",5.25,8375.0732111139,342.312127610635,"Within Range",0.123256483073951,0.00503782927017982,"BDL",529.080457430782,21.6249640444935,"Within Range","; CH4 Check Standards out Of Range; CO2 Check Standards out Of Range; N2O Check Standards out Of Range","4/17/2026",""
"22","GCReW","GENX","2026","April",2026-04-07,"SCAM, SPPA, DISP","GENX","Ch11",20,"Ambient",5.25,8154.93824992036,333.3146102125,"Within Range",0.201323112101017,0.00822862572103148,"BDL",831.287146420076,33.9769772243677,"Within Range","; CH4 Check Standards out Of Range; CO2 Check Standards out Of Range; N2O Check Standards out Of Range","4/17/2026",""
"23","GCReW","GENX","2026","April",2026-04-07,"SCAM, SPPA, DISP","GENX","Ch12",5,"Ambient",6,7385.32041399031,301.858226223557,"Within Range",-0.00717190932492726,-0.000293135531852846,"BDL",210.025711945624,8.58432475714237,"Within Range","; CH4 Check Standards out Of Range; CO2 Check Standards out Of Range; N2O Check Standards out Of Range","4/17/2026",""
"24","GCReW","GENX","2026","April",2026-04-07,"SCAM, SPPA, DISP","GENX","Ch12",20,"Ambient",6,17901.899556071,731.699553047309,"Within Range",0.585309376827643,0.0239231936296921,"BDL",7779.34438669852,317.963062686163,"ADL","; CH4 Check Standards out Of Range; CO2 Check Standards out Of Range; N2O Check Standards out Of Range","4/17/2026",""
"25","GCReW","GENX","2026","April",2026-04-14,"SCAM, SPPA, DISP","GENX","Ch1",5,"Ambient",0,3792.92305530077,155.027129697264,"Within Range",0.1146881945222,0.00468761990362293,"BDL",79.5695918789588,3.25222664955947,"Within Range","; CH4 Check Standards out Of Range; CO2 Check Standards out Of Range; N2O Check Standards out Of Range","4/17/2026",""
"26","GCReW","GENX","2026","April",2026-04-14,"SCAM, SPPA, DISP","GENX","Ch1",20,"Ambient",0,8284.38715842499,338.605540831267,"Within Range",0.265743948249369,0.0108616813288481,"BDL",793.320041276977,32.4251578894031,"Within Range","; CH4 Check Standards out Of Range; CO2 Check Standards out Of Range; N2O Check Standards out Of Range","4/17/2026",""
"27","GCReW","GENX","2026","April",2026-04-14,"SCAM, SPPA, DISP","GENX","Ch2",5,"Ambient",0,5840.65151820295,238.723387537101,"Within Range",0.0635958072321285,0.00259933442156147,"BDL",31.8694739352061,1.30259248529496,"Within Range","; CH4 Check Standards out Of Range; CO2 Check Standards out Of Range; N2O Check Standards out Of Range","4/17/2026",""
"28","GCReW","GENX","2026","April",2026-04-14,"SCAM, SPPA, DISP","GENX","Ch2",20,"Ambient",0,9519.2350201938,389.077147249774,"Within Range",0.331751504499896,0.0135595905230641,"BDL",644.569264764444,26.3453071814513,"Within Range","; CH4 Check Standards out Of Range; CO2 Check Standards out Of Range; N2O Check Standards out Of Range","4/17/2026",""
"29","GCReW","GENX","2026","April",2026-04-14,"SCAM, SPPA, DISP","GENX","Ch3",5,"Ambient",0.75,9028.49944734121,369.019443418066,"Within Range",0.0131381079829273,0.000536990374059782,"BDL",250.232343851641,10.2276796705707,"Within Range","; CH4 Check Standards out Of Range; CO2 Check Standards out Of Range; N2O Check Standards out Of Range","4/17/2026",""
"30","GCReW","GENX","2026","April",2026-04-14,"SCAM, SPPA, DISP","GENX","Ch3",20,"Ambient",0.75,9367.35323007538,382.869323460036,"Within Range",0.0696253436203979,0.00284577804987928,"BDL",513.805148332432,21.0006204207951,"Within Range","; CH4 Check Standards out Of Range; CO2 Check Standards out Of Range; N2O Check Standards out Of Range","4/17/2026",""
"31","GCReW","GENX","2026","April",2026-04-14,"SCAM, SPPA, DISP","GENX","Ch4",5,"Ambient",1.5,17548.2278898988,717.244025618327,"Within Range",0.144835876463547,0.00591983804521198,"BDL",311.246751482469,12.7215052365723,"Within Range","; CH4 Check Standards out Of Range; CO2 Check Standards out Of Range; N2O Check Standards out Of Range","4/17/2026",""
"32","GCReW","GENX","2026","April",2026-04-14,"SCAM, SPPA, DISP","GENX","Ch4",20,"Ambient",1.5,13342.8671165663,545.35943937024,"Within Range",-0.201386449831287,-0.00823121450714236,"BDL",1523.43853155891,62.267095686987,"Within Range","; CH4 Check Standards out Of Range; CO2 Check Standards out Of Range; N2O Check Standards out Of Range","4/17/2026",""
"33","GCReW","GENX","2026","April",2026-04-14,"SCAM, SPPA, DISP","GENX","Ch5",5,"Ambient",2.25,6667.24093419797,272.50835568212,"Within Range",-0.0208177022036421,-0.000850876374887894,"BDL",125.949257320216,5.14789031181832,"Within Range","; CH4 Check Standards out Of Range; CO2 Check Standards out Of Range; N2O Check Standards out Of Range","4/17/2026",""
"34","GCReW","GENX","2026","April",2026-04-14,"SCAM, SPPA, DISP","GENX","Ch5",20,"Ambient",2.25,7752.89483051289,316.881997049597,"Within Range",0.207352648489287,0.00847506934934929,"BDL",824.873285939591,33.7148252202086,"Within Range","; CH4 Check Standards out Of Range; CO2 Check Standards out Of Range; N2O Check Standards out Of Range","4/17/2026",""
"35","GCReW","GENX","2026","April",2026-04-14,"SCAM, SPPA, DISP","GENX","Ch6",5,"Ambient",2.25,6907.20882935913,282.316499286388,"Within Range",0.133094147707443,0.00543992150585625,"BDL",82.7888092082442,3.38380485854353,"Within Range","; CH4 Check Standards out Of Range; CO2 Check Standards out Of Range; N2O Check Standards out Of Range","4/17/2026",""
"36","GCReW","GENX","2026","April",2026-04-14,"SCAM, SPPA, DISP","GENX","Ch6",20,"Ambient",2.25,4410.91970192542,180.286341363807,"Within Range",0.318105711621181,0.0130018496800291,"BDL",754.12422722957,30.8231178639865,"Within Range","; CH4 Check Standards out Of Range; CO2 Check Standards out Of Range; N2O Check Standards out Of Range","4/17/2026",""
"37","GCReW","GENX","2026","April",2026-04-14,"SCAM, SPPA, DISP","GENX","Ch7",5,"Ambient",3,6214.19551148889,253.991151277745,"Within Range",0.401567188995646,0.0164131483246388,"BDL",358.085134914667,14.6359179565999,"Within Range","; CH4 Check Standards out Of Range; CO2 Check Standards out Of Range; N2O Check Standards out Of Range","4/17/2026",""
"38","GCReW","GENX","2026","April",2026-04-14,"SCAM, SPPA, DISP","GENX","Ch7",20,"Ambient",3,7135.55877664682,291.649785614213,"Within Range",-0.0274819266327818,-0.00112326143776548,"BDL",1869.77061471969,76.422634302371,"Within Range","; CH4 Check Standards out Of Range; CO2 Check Standards out Of Range; N2O Check Standards out Of Range","4/17/2026",""
"39","GCReW","GENX","2026","April",2026-04-14,"SCAM, SPPA, DISP","GENX","Ch8",5,"Ambient",3.75,4904.39764379874,200.456133311107,"Within Range",0.0959648973165218,0.00392234758410972,"BDL",568.905370437193,23.2527170634214,"Within Range","; CH4 Check Standards out Of Range; CO2 Check Standards out Of Range; N2O Check Standards out Of Range","4/17/2026",""
"40","GCReW","GENX","2026","April",2026-04-14,"SCAM, SPPA, DISP","GENX","Ch8",20,"Ambient",3.75,9230.14084153638,377.261078198013,"Within Range",-0.0458878798180251,-0.00187556303999879,"BDL",4803.40650563036,196.328349528828,"Within Range","; CH4 Check Standards out Of Range; CO2 Check Standards out Of Range; N2O Check Standards out Of Range","4/17/2026",""
"41","GCReW","GENX","2026","April",2026-04-14,"SCAM, SPPA, DISP","GENX","Ch9",5,"Ambient",3.75,6196.47768644555,253.266975353029,"Within Range",0.0125034199420569,0.000511048939500012,"BDL",54.8004586466605,2.23984449096917,"Within Range","; CH4 Check Standards out Of Range; CO2 Check Standards out Of Range; N2O Check Standards out Of Range","4/17/2026",""
"42","GCReW","GENX","2026","April",2026-04-14,"SCAM, SPPA, DISP","GENX","Ch9",20,"Ambient",3.75,5769.84991359586,235.82953248648,"Within Range",-0.201386449831287,-0.00823121450714236,"BDL",1297.02843745853,53.0130964597114,"Within Range","; CH4 Check Standards out Of Range; CO2 Check Standards out Of Range; N2O Check Standards out Of Range","4/17/2026",""
"43","GCReW","GENX","2026","April",2026-04-14,"SCAM, SPPA, DISP","GENX","Ch10",5,"Ambient",4.5,5765.47121388872,235.650563064346,"Within Range",0.310489455130736,0.0126905524653119,"BDL",509.591495929927,20.8283969330053,"Within Range","; CH4 Check Standards out Of Range; CO2 Check Standards out Of Range; N2O Check Standards out Of Range","4/17/2026",""
"44","GCReW","GENX","2026","April",2026-04-14,"SCAM, SPPA, DISP","GENX","Ch10",20,"Ambient",4.5,8905.93524868754,364.009909703859,"Within Range",0.370784819013429,0.01515498874849,"BDL",4246.90130696999,173.58246137026,"Within Range","; CH4 Check Standards out Of Range; CO2 Check Standards out Of Range; N2O Check Standards out Of Range","4/17/2026",""
"45","GCReW","GENX","2026","April",2026-04-14,"SCAM, SPPA, DISP","GENX","Ch11",5,"Ambient",5.25,5247.23013429448,214.46863401139,"Within Range",0.305094606783337,0.0124700502715538,"BDL",559.996411741695,22.8885835771846,"Within Range","; CH4 Check Standards out Of Range; CO2 Check Standards out Of Range; N2O Check Standards out Of Range","4/17/2026",""
"46","GCReW","GENX","2026","April",2026-04-14,"SCAM, SPPA, DISP","GENX","Ch11",20,"Ambient",5.25,7183.5881125348,293.612875815469,"Within Range",0.0588356469256002,0.0024047736623632,"BDL",1735.79547235109,70.9467041373337,"Within Range","; CH4 Check Standards out Of Range; CO2 Check Standards out Of Range; N2O Check Standards out Of Range","4/17/2026",""
"47","GCReW","GENX","2026","April",2026-04-14,"SCAM, SPPA, DISP","GENX","Ch12",5,"Ambient",6,7195.84241123075,294.1137424889,"Within Range",0.446630039897449,0.0182549901783824,"BDL",629.806736848825,25.7419223259015,"Within Range","; CH4 Check Standards out Of Range; CO2 Check Standards out Of Range; N2O Check Standards out Of Range","4/17/2026",""
"48","GCReW","GENX","2026","April",2026-04-14,"SCAM, SPPA, DISP","GENX","Ch12",20,"Ambient",6,10151.8404635576,414.933460358605,"Within Range",0.181330438813598,0.00741147053239874,"BDL",7523.57961773497,307.509257683531,"ADL","; CH4 Check Standards out Of Range; CO2 Check Standards out Of Range; N2O Check Standards out Of Range","4/17/2026",""
"49","GCReW","GENX","2026","April",2026-04-21,"SCAM, SPPA, DISP","GENX","Ch1",5,"Ambient",0,8670.94780665514,354.405330828399,"Within Range",0.375805132902701,0.0153601826955028,"BDL",76.6904171010215,3.13454690883903,"Within Range","; CH4 Check Standards out Of Range; CO2 Check Standards out Of Range; N2O Check Standards out Of Range","5/1/2026",""
"50","GCReW","GENX","2026","April",2026-04-21,"SCAM, SPPA, DISP","GENX","Ch1",20,"Ambient",0,21770.5740142627,889.822849576726,"Within Range",0.449301127680997,0.01836416483503,"BDL",1244.24180239724,50.8555624415898,"Within Range","; CH4 Check Standards out Of Range; CO2 Check Standards out Of Range; N2O Check Standards out Of Range","5/1/2026",""
"51","GCReW","GENX","2026","April",2026-04-21,"SCAM, SPPA, DISP","GENX","Ch2",5,"Ambient",0,13978.6748361509,571.346638258656,"Within Range",0.345806767687069,0.0141340675365121,"BDL",64.1844904559464,2.62339551353692,"Within Range","; CH4 Check Standards out Of Range; CO2 Check Standards out Of Range; N2O Check Standards out Of Range","5/1/2026",""
"52","GCReW","GENX","2026","April",2026-04-21,"SCAM, SPPA, DISP","GENX","Ch2",20,"Ambient",0,13600.9674767551,555.908706368414,"Within Range",0.570794506804304,0.0233299312289423,"BDL",441.718671418791,18.0542491280024,"Within Range","; CH4 Check Standards out Of Range; CO2 Check Standards out Of Range; N2O Check Standards out Of Range","5/1/2026",""
"53","GCReW","GENX","2026","April",2026-04-21,"SCAM, SPPA, DISP","GENX","Ch3",5,"Ambient",0.75,15398.4969657391,629.378648458044,"Within Range",0.286809982762995,0.0117227077238304,"BDL",221.507420269752,9.05361355091928,"Within Range","; CH4 Check Standards out Of Range; CO2 Check Standards out Of Range; N2O Check Standards out Of Range","5/1/2026",""
"54","GCReW","GENX","2026","April",2026-04-21,"SCAM, SPPA, DISP","GENX","Ch3",20,"Ambient",0.75,14762.8321961132,603.397292325061,"Within Range",1.12076453575754,0.0458087091437715,"BDL",379.644040703142,15.5170893473905,"Within Range","; CH4 Check Standards out Of Range; CO2 Check Standards out Of Range; N2O Check Standards out Of Range","5/1/2026",""
"55","GCReW","GENX","2026","April",2026-04-21,"SCAM, SPPA, DISP","GENX","Ch4",5,"Ambient",1.5,28776.2760534693,1176.16503548915,"Within Range",2.46119148814266,0.100595621498005,"Within Range",270.117962120938,11.0404592280775,"Within Range","; CH4 Check Standards out Of Range; CO2 Check Standards out Of Range; N2O Check Standards out Of Range","5/1/2026",""
"56","GCReW","GENX","2026","April",2026-04-21,"SCAM, SPPA, DISP","GENX","Ch4",20,"Ambient",1.5,25329.1590913589,1035.27194575988,"Within Range",1.07476704242691,0.0439286658999858,"BDL",1603.81334778449,65.5522340559247,"Within Range","; CH4 Check Standards out Of Range; CO2 Check Standards out Of Range; N2O Check Standards out Of Range","5/1/2026",""
"57","GCReW","GENX","2026","April",2026-04-21,"SCAM, SPPA, DISP","GENX","Ch5",5,"Ambient",2.25,14973.3307496029,612.000943408184,"Within Range",-0.0186733696828502,-0.000763231645224771,"BDL",214.743824568598,8.77716691261553,"Within Range","; CH4 Check Standards out Of Range; CO2 Check Standards out Of Range; N2O Check Standards out Of Range","5/1/2026",""
"58","GCReW","GENX","2026","April",2026-04-21,"SCAM, SPPA, DISP","GENX","Ch5",20,"Ambient",2.25,12902.623451089,527.365477765622,"Within Range",0.249312026243455,0.010190063775092,"BDL",731.34935657005,29.8922466662074,"Within Range","; CH4 Check Standards out Of Range; CO2 Check Standards out Of Range; N2O Check Standards out Of Range","5/1/2026",""
"59","GCReW","GENX","2026","April",2026-04-21,"SCAM, SPPA, DISP","GENX","Ch6",5,"Ambient",2.25,15115.8433050869,617.825820976324,"Within Range",0.299309301602841,0.0122335890400765,"BDL",68.5784198016997,2.80298741261664,"Within Range","; CH4 Check Standards out Of Range; CO2 Check Standards out Of Range; N2O Check Standards out Of Range","5/1/2026",""
"60","GCReW","GENX","2026","April",2026-04-21,"SCAM, SPPA, DISP","GENX","Ch6",20,"Ambient",2.25,9765.64575629838,399.148627368912,"Within Range",0.231313007114077,0.00945439467969764,"BDL",679.70989290229,27.7816006776654,"Within Range","; CH4 Check Standards out Of Range; CO2 Check Standards out Of Range; N2O Check Standards out Of Range","5/1/2026",""
"61","GCReW","GENX","2026","April",2026-04-21,"SCAM, SPPA, DISP","GENX","Ch7",5,"Ambient",3,15022.9454702668,614.028832617405,"Within Range",0.247812107982674,0.0101287580171425,"BDL",319.386098840197,13.0541826044177,"Within Range","; CH4 Check Standards out Of Range; CO2 Check Standards out Of Range; N2O Check Standards out Of Range","5/1/2026",""
"62","GCReW","GENX","2026","April",2026-04-21,"SCAM, SPPA, DISP","GENX","Ch7",20,"Ambient",3,12694.4167467856,518.855500821383,"Within Range",0.198814778130476,0.00812610325745772,"BDL",1699.54155828889,69.4649076032598,"Within Range","; CH4 Check Standards out Of Range; CO2 Check Standards out Of Range; N2O Check Standards out Of Range","5/1/2026",""
"63","GCReW","GENX","2026","April",2026-04-21,"SCAM, SPPA, DISP","GENX","Ch8",5,"Ambient",3.75,13266.062308025,542.220216970652,"Within Range",0.0358236604588799,0.00146421089360831,"BDL",1575.01368163052,64.3751130031131,"Within Range","; CH4 Check Standards out Of Range; CO2 Check Standards out Of Range; N2O Check Standards out Of Range","5/1/2026",""
"64","GCReW","GENX","2026","April",2026-04-21,"SCAM, SPPA, DISP","GENX","Ch8",20,"Ambient",3.75,16624.9546849587,679.507326823915,"Within Range",0.10981962799077,0.00448862828578534,"BDL",4902.75590557754,200.389030983842,"Within Range","; CH4 Check Standards out Of Range; CO2 Check Standards out Of Range; N2O Check Standards out Of Range","5/1/2026",""
"65","GCReW","GENX","2026","April",2026-04-21,"SCAM, SPPA, DISP","GENX","Ch9",5,"Ambient",3.75,16789.8384745411,686.246577860617,"Within Range",0.24731213522908,0.0101083227644927,"BDL",54.5298021656175,2.22878202100121,"Within Range","; CH4 Check Standards out Of Range; CO2 Check Standards out Of Range; N2O Check Standards out Of Range","5/1/2026",""
"66","GCReW","GENX","2026","April",2026-04-21,"SCAM, SPPA, DISP","GENX","Ch9",20,"Ambient",3.75,13217.58522017,540.23882592299,"Within Range",0.286809982762995,0.0117227077238304,"BDL",1353.8442682621,55.3353147178784,"Within Range","; CH4 Check Standards out Of Range; CO2 Check Standards out Of Range; N2O Check Standards out Of Range","5/1/2026",""
"67","GCReW","GENX","2026","April",2026-04-21,"SCAM, SPPA, DISP","GENX","Ch10",5,"Ambient",4.5,16395.6470479149,670.134897098804,"Within Range",0.220813579288606,0.00902525437405089,"BDL",733.390225491415,29.9756625558404,"Within Range","; CH4 Check Standards out Of Range; CO2 Check Standards out Of Range; N2O Check Standards out Of Range","5/1/2026",""
"68","GCReW","GENX","2026","April",2026-04-21,"SCAM, SPPA, DISP","GENX","Ch10",20,"Ambient",4.5,14258.1676686198,582.770274055344,"Within Range",0.117819192048272,0.00481559232818286,"BDL",3912.34662875785,159.908297477709,"Within Range","; CH4 Check Standards out Of Range; CO2 Check Standards out Of Range; N2O Check Standards out Of Range","5/1/2026",""
"69","GCReW","GENX","2026","April",2026-04-21,"SCAM, SPPA, DISP","GENX","Ch11",5,"Ambient",5.25,9502.53748964798,388.394673549198,"Within Range",0.231812979867671,0.00947482993234748,"BDL",251.427986767025,10.2765488637002,"Within Range","; CH4 Check Standards out Of Range; CO2 Check Standards out Of Range; N2O Check Standards out Of Range","5/1/2026",""
"70","GCReW","GENX","2026","April",2026-04-21,"SCAM, SPPA, DISP","GENX","Ch11",20,"Ambient",5.25,12991.8032498195,531.010499829767,"Within Range",0.153817230307029,0.00628693051897169,"BDL",2328.89804067506,95.1884267989208,"Within Range","; CH4 Check Standards out Of Range; CO2 Check Standards out Of Range; N2O Check Standards out Of Range","5/1/2026",""
"71","GCReW","GENX","2026","April",2026-04-21,"SCAM, SPPA, DISP","GENX","Ch12",5,"Ambient",6,17053.6996352078,697.031304516115,"Within Range",0.250311971750643,0.0102309342803917,"BDL",586.190271222474,23.9591981907143,"Within Range","; CH4 Check Standards out Of Range; CO2 Check Standards out Of Range; N2O Check Standards out Of Range","5/1/2026",""
"72","GCReW","GENX","2026","April",2026-04-21,"SCAM, SPPA, DISP","GENX","Ch12",20,"Ambient",6,20159.122115586,823.95840707296,"Within Range",0.288309901023776,0.0117840134817799,"BDL",9216.37232658489,376.698321368518,"Within Range","; CH4 Check Standards out Of Range; CO2 Check Standards out Of Range; N2O Check Standards out Of Range","5/1/2026",""
"73","GCReW","GENX","2026","April",2026-04-29,"SCAM, SPPA, DISP","GENX","Ch1",5,"Ambient",0,12921.0643794192,528.119208897601,"Within Range",0.219313661027824,0.00896394861610136,"BDL",210.150624050702,8.58943025620793,"Within Range","; CH4 Check Standards out Of Range; CO2 Check Standards out Of Range; N2O Check Standards out Of Range","5/1/2026",""
"74","GCReW","GENX","2026","April",2026-04-29,"SCAM, SPPA, DISP","GENX","Ch1",20,"Ambient",0,13459.665521782,550.133309351203,"Within Range",0.162316767118125,0.00663432981401905,"BDL",934.776993245344,38.2068900573499,"Within Range","; CH4 Check Standards out Of Range; CO2 Check Standards out Of Range; N2O Check Standards out Of Range","5/1/2026",""
"75","GCReW","GENX","2026","April",2026-04-29,"SCAM, SPPA, DISP","GENX","Ch2",5,"Ambient",0,10321.3478746451,421.861691440588,"Within Range",1.25775707024226,0.051407968369829,"Within Range",88.7811954707987,3.62873005970806,"Within Range","; CH4 Check Standards out Of Range; CO2 Check Standards out Of Range; N2O Check Standards out Of Range","5/1/2026",""
"76","GCReW","GENX","2026","April",2026-04-29,"SCAM, SPPA, DISP","GENX","Ch2",20,"Ambient",0,11003.9010262501,449.759503870835,"Within Range",1.14226336416208,0.0466874250077149,"BDL",525.970523000856,21.4978525262294,"Within Range","; CH4 Check Standards out Of Range; CO2 Check Standards out Of Range; N2O Check Standards out Of Range","5/1/2026",""
"77","GCReW","GENX","2026","April",2026-04-29,"SCAM, SPPA, DISP","GENX","Ch3",5,"Ambient",0.75,12005.9432611754,490.715708162614,"Within Range",0.41980273521896,0.0171584849286891,"BDL",257.721634620542,10.5337874493057,"Within Range","; CH4 Check Standards out Of Range; CO2 Check Standards out Of Range; N2O Check Standards out Of Range","5/1/2026",""
"78","GCReW","GENX","2026","April",2026-04-29,"SCAM, SPPA, DISP","GENX","Ch3",20,"Ambient",0.75,11215.8556170666,458.422667178227,"Within Range",0.525796958980857,0.0214907584904562,"BDL",422.344531707187,17.2623750967994,"Within Range","; CH4 Check Standards out Of Range; CO2 Check Standards out Of Range; N2O Check Standards out Of Range","5/1/2026",""
"79","GCReW","GENX","2026","April",2026-04-29,"SCAM, SPPA, DISP","GENX","Ch4",5,"Ambient",1.5,20622.5598914347,842.900375347983,"Within Range",0.432302054058806,0.0176693662449353,"BDL",327.064681340107,13.368027253452,"Within Range","; CH4 Check Standards out Of Range; CO2 Check Standards out Of Range; N2O Check Standards out Of Range","5/1/2026",""
"80","GCReW","GENX","2026","April",2026-04-29,"SCAM, SPPA, DISP","GENX","Ch4",20,"Ambient",1.5,18505.6607208247,756.376921670337,"Within Range",0.166316549146876,0.00679781183521781,"BDL",1602.9946753856,65.5187726779027,"Within Range","; CH4 Check Standards out Of Range; CO2 Check Standards out Of Range; N2O Check Standards out Of Range","5/1/2026",""
"81","GCReW","GENX","2026","April",2026-04-29,"SCAM, SPPA, DISP","GENX","Ch5",5,"Ambient",2.25,9681.9053680825,395.725928876071,"Within Range",0.0953204181365485,0.00389600595893985,"BDL",115.71767616523,4.72969763150404,"Within Range","; CH4 Check Standards out Of Range; CO2 Check Standards out Of Range; N2O Check Standards out Of Range","5/1/2026",""
"82","GCReW","GENX","2026","April",2026-04-29,"SCAM, SPPA, DISP","GENX","Ch5",20,"Ambient",2.25,10462.4773605043,427.63003917383,"Within Range",0.470299983331939,0.0192224454463235,"BDL",733.335425919075,29.9734227475752,"Within Range","; CH4 Check Standards out Of Range; CO2 Check Standards out Of Range; N2O Check Standards out Of Range","5/1/2026",""
"83","GCReW","GENX","2026","April",2026-04-29,"SCAM, SPPA, DISP","GENX","Ch6",5,"Ambient",2.25,11751.3921159444,480.311507278242,"Within Range",0.187815377551411,0.00767652769916114,"BDL",42.289570416733,1.72849030213627,"Within Range","; CH4 Check Standards out Of Range; CO2 Check Standards out Of Range; N2O Check Standards out Of Range","5/1/2026",""
"84","GCReW","GENX","2026","April",2026-04-29,"SCAM, SPPA, DISP","GENX","Ch6",20,"Ambient",2.25,8141.5903454535,332.769044882859,"Within Range",0.129818538134524,0.00530603839177914,"BDL",708.509559056258,28.958721730477,"Within Range","; CH4 Check Standards out Of Range; CO2 Check Standards out Of Range; N2O Check Standards out Of Range","5/1/2026",""
"85","GCReW","GENX","2026","April",2026-04-29,"SCAM, SPPA, DISP","GENX","Ch7",5,"Ambient",3,11063.2270847108,452.184321992724,"Within Range",0.60929240883103,0.0249034456829803,"BDL",282.225346421728,11.5353211087239,"Within Range","; CH4 Check Standards out Of Range; CO2 Check Standards out Of Range; N2O Check Standards out Of Range","5/1/2026",""
"86","GCReW","GENX","2026","April",2026-04-29,"SCAM, SPPA, DISP","GENX","Ch7",20,"Ambient",3,9360.46274037614,382.587690317284,"Within Range",0.433301999565994,0.0177102367502349,"BDL",1805.64515448954,73.8016515154665,"Within Range","; CH4 Check Standards out Of Range; CO2 Check Standards out Of Range; N2O Check Standards out Of Range","5/1/2026",""
"87","GCReW","GENX","2026","April",2026-04-29,"SCAM, SPPA, DISP","GENX","Ch8",5,"Ambient",3.75,9627.50131279475,393.50228647358,"Within Range",-0.0186733696828502,-0.000763231645224771,"BDL",1279.61409604572,52.301324740266,"Within Range","; CH4 Check Standards out Of Range; CO2 Check Standards out Of Range; N2O Check Standards out Of Range","5/1/2026",""
"88","GCReW","GENX","2026","April",2026-04-29,"SCAM, SPPA, DISP","GENX","Ch8",20,"Ambient",3.75,11564.0906582714,472.655984888835,"Within Range",0.851279221570456,0.0347941079655052,"BDL",4935.57586762949,201.730472515744,"Within Range","; CH4 Check Standards out Of Range; CO2 Check Standards out Of Range; N2O Check Standards out Of Range","5/1/2026",""
"89","GCReW","GENX","2026","April",2026-04-29,"SCAM, SPPA, DISP","GENX","Ch9",5,"Ambient",3.75,9466.62743011006,386.926931289138,"Within Range",0.773783444763408,0.0316266438047793,"BDL",53.7924988286883,2.19864641888806,"Within Range","; CH4 Check Standards out Of Range; CO2 Check Standards out Of Range; N2O Check Standards out Of Range","5/1/2026",""
"90","GCReW","GENX","2026","April",2026-04-29,"SCAM, SPPA, DISP","GENX","Ch9",20,"Ambient",3.75,8013.85374962974,327.548101162373,"Within Range",0.0193245595902827,0.000789847556163435,"BDL",1300.93611146502,53.172813774349,"Within Range","; CH4 Check Standards out Of Range; CO2 Check Standards out Of Range; N2O Check Standards out Of Range","5/1/2026",""
"91","GCReW","GENX","2026","April",2026-04-29,"SCAM, SPPA, DISP","GENX","Ch10",5,"Ambient",4.5,11346.8193753481,463.775513846809,"Within Range",-0.0186733696828502,-0.000763231645224771,"BDL",588.244424888648,24.0431570641692,"Within Range","; CH4 Check Standards out Of Range; CO2 Check Standards out Of Range; N2O Check Standards out Of Range","5/1/2026",""
"92","GCReW","GENX","2026","April",2026-04-29,"SCAM, SPPA, DISP","GENX","Ch10",20,"Ambient",4.5,9338.94390170596,381.708156579104,"Within Range",0.236812707403609,0.00967918245884593,"BDL",3514.51335772604,143.647764583444,"Within Range","; CH4 Check Standards out Of Range; CO2 Check Standards out Of Range; N2O Check Standards out Of Range","5/1/2026",""
"93","GCReW","GENX","2026","April",2026-04-29,"SCAM, SPPA, DISP","GENX","Ch11",5,"Ambient",5.25,8124.87410826212,332.085806590561,"Within Range",0.0153247775615319,0.000626365534964676,"BDL",287.162289711571,11.7371074715221,"Within Range","; CH4 Check Standards out Of Range; CO2 Check Standards out Of Range; N2O Check Standards out Of Range","5/1/2026",""
"94","GCReW","GENX","2026","April",2026-04-29,"SCAM, SPPA, DISP","GENX","Ch11",20,"Ambient",5.25,7529.14920535421,307.736901948816,"Within Range",0.134818265670463,0.00551039091827759,"BDL",1975.68988805157,80.7518444352561,"Within Range","; CH4 Check Standards out Of Range; CO2 Check Standards out Of Range; N2O Check Standards out Of Range","5/1/2026",""
"95","GCReW","GENX","2026","April",2026-04-29,"SCAM, SPPA, DISP","GENX","Ch12",5,"Ambient",6,9736.40560806837,397.953502610005,"Within Range",-0.0186733696828502,-0.000763231645224771,"BDL",545.459243636442,22.2944097928959,"Within Range","; CH4 Check Standards out Of Range; CO2 Check Standards out Of Range; N2O Check Standards out Of Range","5/1/2026",""
"96","GCReW","GENX","2026","April",2026-04-29,"SCAM, SPPA, DISP","GENX","Ch12",20,"Ambient",6,12759.109248059,521.499660125204,"Within Range",-0.0186733696828502,-0.000763231645224771,"BDL",8648.95596687317,353.506464242272,"Within Range","; CH4 Check Standards out Of Range; CO2 Check Standards out Of Range; N2O Check Standards out Of Range","5/1/2026",""
"97","GCReW","GENX","2026","April",2026-04-07,"SCAM, SPPA, DISP","GENX","Ch12",20,"Ambient",6,9251.98630117348,378.153961827626,"Within Range",0.517297422169761,0.0211433591954089,"BDL",7498.72124643618,306.493228121314,"Within Range","; CH4 Check Standards out Of Range; CO2 Check Standards out Of Range; N2O Check Standards out Of Range","5/1/2026",""
