"","Year","Community","Treatment","Chamber","RootMass_m2","C3RhizMass_m2","C4RhizMass_m2","RhizMass_m2","TotalBelowMass_m2"
"1",2000,"MX","A",2,259.1675288,2.821581967,110.9038468,113.7254287,372.8929575
"2",2000,"MX","A",6,251.1338579,93.17751931,10.42417782,103.6016971,354.7355551
"3",2000,"MX","A",9,291.1715835,0,50.17452007,50.17452007,341.3461036
"4",2000,"MX","A",12,303.4115016,352.58018,39.9070968,392.4872768,695.8987784
"5",2000,"MX","A",15,224.6292755,53.3357369,50.29208599,103.6278229,328.2570984
"6",2000,"MX","C",3,185.3491969,32.44819262,22.86003908,55.3082317,240.6574286
"7",2000,"MX","C",5,148.2375563,120.5965033,25.3942377,145.990741,294.2282973
"8",2000,"MX","C",7,281.0739777,12.39667262,52.3168323,64.71350493,345.7874826
"9",2000,"MX","C",10,128.434231,83.53711425,12.26604383,95.80315808,224.2373891
"10",2000,"MX","C",14,147.4407207,25.4595521,74.21021831,99.66977041,247.1104911
"11",2000,"MX","E",1,331.1570576,229.0967803,6.4922511,235.5890314,566.746089
"12",2000,"MX","E",4,428.3840696,438.6645557,42.78093029,481.445486,909.8295555
"13",2000,"MX","E",8,515.8792363,526.747552,15.9105872,542.6581392,1058.537376
"14",2000,"MX","E",11,271.6033901,194.9373504,19.08486692,214.0222173,485.6256074
"15",2000,"MX","E",13,210.3646111,82.67496421,0,82.67496421,293.0395753
"16",2000,"SC","A",2,232.1926827,46.29484487,0,46.29484487,278.4875276
"17",2000,"SC","A",4,190.757229,41.40932794,6.47918822,47.88851616,238.6457452
"18",2000,"SC","A",8,174.7552016,0.339634866,0,0.339634866,175.0948365
"19",2000,"SC","A",12,238.9070027,155.3306999,0,155.3306999,394.2377026
"20",2000,"SC","A",15,196.1913869,129.0743121,0,129.0743121,325.265699
"21",2000,"SC","C",3,99.16031811,66.01979287,0,66.01979287,165.180111
"22",2000,"SC","C",5,172.1687515,19.52900482,15.0223114,34.55131622,206.7200677
"23",2000,"SC","C",7,85.43123178,0,0,0,85.43123178
"24",2000,"SC","C",11,148.6947571,54.61589909,0,54.61589909,203.3106562
"25",2000,"SC","C",13,90.53881765,6.871074605,0,6.871074605,97.40989226
"26",2000,"SC","E",1,202.2264372,76.16965023,0,76.16965023,278.3960874
"27",2000,"SC","E",6,464.0587934,471.4393203,44.29622431,515.7355446,979.794338
"28",2000,"SC","E",9,252.3487057,115.4627917,9.666530813,125.1293225,377.4780282
"29",2000,"SC","E",10,317.571663,68.8675006,0,68.8675006,386.4391636
"30",2000,"SC","E",14,285.0973446,8.046733758,0,8.046733758,293.1440783
"31",2000,"SP","A",2,99.10806659,0,20.09070864,20.09070864,119.1987752
"32",2000,"SP","A",5,119.3163411,0,23.66993761,23.66993761,142.9862788
"33",2000,"SP","A",9,161.4441275,0,7.720161771,7.720161771,169.1642892
"34",2000,"SP","A",11,102.8440501,0,16.91642892,16.91642892,119.760479
"35",2000,"SP","A",13,61.83967144,0,7.014766279,7.014766279,68.85443772
"36",2000,"SP","C",3,137.4868065,0,19.89476544,19.89476544,157.3815719
"37",2000,"SP","C",6,235.7065973,0,20.61322381,20.61322381,256.3198211
"38",2000,"SP","C",7,112.0795059,0,1.606734176,1.606734176,113.6862401
"39",2000,"SP","C",12,146.6046964,0,23.8658808,23.8658808,170.4705772
"40",2000,"SP","C",15,109.0227921,0,5.786855608,5.786855608,114.8096477
"41",2000,"SP","E",1,444.1509651,0,6.505313979,6.505313979,450.6562791
"42",2000,"SP","E",4,113.7646174,0,19.26774723,19.26774723,133.0323646
"43",2000,"SP","E",8,115.7763008,0,51.82044288,51.82044288,167.5967437
"44",2000,"SP","E",10,245.164122,0,30.34506902,30.34506902,275.509191
"45",2000,"SP","E",14,77.22774347,0,4.441379022,4.441379022,81.66912249
"46",2001,"MX","A",2,215.4068826,24.92397404,9.170141393,34.09411543,249.500998
"47",2001,"MX","A",6,268.4552361,0,0,0,268.4552361
"48",2001,"MX","A",9,211.5272074,0,0,0,211.5272074
"49",2001,"MX","A",12,175.6826661,27.73249313,1.619797055,29.35229018,205.0349563
"50",2001,"MX","A",15,201.4557273,0,0,0,201.4557273
"51",2001,"MX","C",3,230.2593765,0,0,0,230.2593765
"52",2001,"MX","C",5,144.3317553,3.213468351,0,3.213468351,147.5452237
"53",2001,"MX","C",7,290.8450115,14.60429925,16.22409631,30.82839556,321.6734071
"54",2001,"MX","C",10,197.4454233,23.34336562,0,23.34336562,220.7887889
"55",2001,"MX","C",14,158.5049796,0,0,0,158.5049796
"56",2001,"MX","E",1,202.9775527,0,21.0051102,21.0051102,223.9826629
"57",2001,"MX","E",4,259.7031069,11.75659153,0,11.75659153,271.4596984
"58",2001,"MX","E",8,298.8003051,138.4926482,0,138.4926482,437.2929534
"59",2001,"MX","E",11,190.7049775,20.10377151,12.14847791,32.25224943,222.9572269
"60",2001,"MX","E",13,183.2721991,84.85646508,0,84.85646508,268.1286641
"61",2001,"SC","A",2,175.3169055,0,0,0,175.3169055
"62",2001,"SC","A",4,143.3781651,0,0,0,143.3781651
"63",2001,"SC","A",8,170.1178794,0,0,0,170.1178794
"64",2001,"SC","A",12,161.3526873,0,0,0,161.3526873
"65",2001,"SC","A",15,197.589115,76.77054268,0,76.77054268,274.3596576
"66",2001,"SC","C",3,74.45841302,0,0,0,74.45841302
"67",2001,"SC","C",5,102.5174781,0,0,0,102.5174781
"68",2001,"SC","C",7,70.44810902,0,0,0,70.44810902
"69",2001,"SC","C",11,143.3259136,0,0,0,143.3259136
"70",2001,"SC","C",13,91.20502451,0,0,0,91.20502451
"71",2001,"SC","E",1,181.7960937,88.59244861,0,88.59244861,270.3885423
"72",2001,"SC","E",6,202.5007576,38.19585959,0,38.19585959,240.6966172
"73",2001,"SC","E",9,195.6558088,80.7677838,0,80.7677838,276.4235926
"74",2001,"SC","E",10,182.8933756,50.38352614,0,50.38352614,233.2769017
"75",2001,"SC","E",14,209.1236375,134.2994639,0,134.2994639,343.4231014
"76",2001,"SP","A",2,87.22084627,0,0,0,87.22084627
"77",2001,"SP","A",5,98.03691047,0,0,0,98.03691047
"78",2001,"SP","A",9,135.4881859,0,0,0,135.4881859
"79",2001,"SP","A",11,130.8116751,0,0,0,130.8116751
"80",2001,"SP","A",13,75.81695248,0,0,0,75.81695248
"81",2001,"SP","C",3,132.2877805,0,0,0,132.2877805
"82",2001,"SP","C",6,152.1433573,0,0,0,152.1433573
"83",2001,"SP","C",7,151.8690368,0,0,0,151.8690368
"84",2001,"SP","C",12,155.1086309,0,0,0,155.1086309
"85",2001,"SP","C",15,99.91796512,0,0.587829576,0.587829576,100.5057947
"86",2001,"SP","E",1,148.8776374,0,0,0,148.8776374
"87",2001,"SP","E",4,139.2241695,0,0,0,139.2241695
"88",2001,"SP","E",8,67.83553312,0,0,0,67.83553312
"89",2001,"SP","E",10,108.3435224,0,0,0,108.3435224
"90",2001,"SP","E",14,181.1429497,0,6.98864052,6.98864052,188.1315902
"91",2002,"MX","A",2,175.042585,0,50.55334357,50.55334357,225.5959286
"92",2002,"MX","A",6,181.8352823,167.4661149,31.35091074,198.8170256,380.6523079
"93",2002,"MX","A",9,219.9788904,0,87.78255008,87.78255008,307.7614405
"94",2002,"MX","A",12,251.5910587,92.74644428,51.46774514,144.2141894,395.8052481
"95",2002,"MX","A",15,174.1281834,36.57606253,32.78782749,69.36389002,243.4920734
"96",2002,"MX","C",3,152.3131747,0,22.20689511,22.20689511,174.5200698
"97",2002,"MX","C",5,79.68356481,0,0,0,79.68356481
"98",2002,"MX","C",7,288.6896364,0,29.913994,29.913994,318.6036304
"99",2002,"MX","C",10,148.916826,72.76023868,0,72.76023868,221.6770647
"100",2002,"MX","C",14,233.4336562,185.884775,59.30547282,245.1902478,478.623904
"101",2002,"MX","E",1,122.6604383,11.88722032,9.013386839,20.90060716,143.5610454
"102",2002,"MX","E",4,199.0782832,45.58944937,10.45030358,56.03975295,255.1180362
"103",2002,"MX","E",8,201.9521167,81.64299673,7.968356481,89.61135321,291.5634699
"104",2002,"MX","E",11,179.0920776,21.68437993,27.30141811,48.98579804,228.0778757
"105",2002,"MX","E",13,163.8085086,65.31439738,21.81500873,87.12940611,250.9379147
"106",2002,"SC","A",2,45.98133576,30.43650918,0,30.43650918,76.41784494
"107",2002,"SC","A",4,131.8044539,165.2454254,3.265719869,168.5111452,300.3155992
"108",2002,"SC","A",8,178.83082,61.26490475,53.03529068,114.3001954,293.1310155
"109",2002,"SC","A",12,114.1695666,0,61.26490475,61.26490475,175.4344714
"110",2002,"SC","A",15,209.7898444,0,61.78741992,61.78741992,271.5772643
"111",2002,"SC","C",3,63.68153745,116.7821425,0.391886384,117.1740289,180.8555664
"112",2002,"SC","C",5,86.47626214,58.26044247,0,58.26044247,144.7367046
"113",2002,"SC","C",7,61.91804872,0,0,0,61.91804872
"114",2002,"SC","C",11,151.3987731,9.144015634,0,9.144015634,160.5427888
"115",2002,"SC","C",13,84.12494383,0.522515179,8.882758044,9.405273223,93.53021705
"116",2002,"SC","E",1,153.4888339,71.97646592,20.63934957,92.61581549,246.1046493
"117",2002,"SC","E",6,120.30912,12.80162189,12.01784912,24.81947101,138.3358937
"118",2002,"SC","E",9,106.8543541,0.391886384,1.045030358,1.436916742,108.2912709
"119",2002,"SC","E",10,115.7371122,147.6105381,13.97728104,161.5878191,277.3249313
"120",2002,"SC","E",14,198.8170256,48.20202527,19.9862056,68.18823087,267.0052565
"121",2002,"SP","A",2,49.9001996,84.64745901,0,84.64745901,134.5476586
"122",2002,"SP","A",5,81.77362552,0,0,0,81.77362552
"123",2002,"SP","A",9,97.3184521,0,0,0,97.3184521
"124",2002,"SP","A",11,172.0381227,0,24.42758462,24.42758462,196.4657073
"125",2002,"SP","A",13,116.7821425,0,8.621500455,8.621500455,125.403643
"126",2002,"SP","C",3,114.3001954,11.10344756,2.873833485,13.97728104,128.2774765
"127",2002,"SP","C",6,93.39958826,0,0,0,93.39958826
"128",2002,"SP","C",7,151.9212883,0,0,0,151.9212883
"129",2002,"SP","C",12,121.4847791,0,0,0,121.4847791
"130",2002,"SP","C",15,166.6823421,0,1.959431921,1.959431921,168.641774
"131",2002,"SP","E",1,98.10222487,3.396348664,0,3.396348664,101.4985735
"132",2002,"SP","E",4,117.6965441,0,0,0,117.6965441
"133",2002,"SP","E",8,166.1598269,20.37809198,2.74320469,23.12129667,189.2811236
"134",2002,"SP","E",10,171.5156075,0,3.526977459,3.526977459,175.042585
"135",2002,"SP","E",14,208.0916701,0,10.31967479,10.31967479,218.4113448
"136",2003,"MX","A",2,224.028383,42.58498709,9.535902018,52.12088911,276.1492721
"137",2003,"MX","A",6,219.7176328,15.15294019,19.9862056,35.13914579,254.8567786
"138",2003,"MX","A",9,366.4137693,330.4908508,56.17038175,386.6612325,753.0750018
"139",2003,"MX","A",12,441.2640687,155.1870082,113.2551651,268.4421732,709.706242
"140",2003,"MX","A",15,328.1395325,110.6425892,140.1646968,250.807286,578.9468184
"141",2003,"MX","C",3,237.8750353,7.576470096,85.16997419,92.74644428,330.6214796
"142",2003,"MX","C",5,357.5310113,21.29249355,14.8916826,36.18417615,393.7151874
"143",2003,"MX","C",7,156.7545537,0,116.9127713,116.9127713,273.667325
"144",2003,"MX","C",10,244.1452174,135.2008026,15.80608417,151.0068868,395.1521042
"145",2003,"MX","C",14,385.093687,269.7484612,122.9216959,392.6701571,777.763844
"146",2003,"MX","E",1,287.5139773,187.8442069,44.41379022,232.2579971,519.7719744
"147",2003,"MX","E",4,367.0669133,160.8040464,25.21135739,186.0154037,553.082317
"148",2003,"MX","E",8,505.1415494,832.3666803,87.91317888,920.2798591,1425.421408
"149",2003,"MX","E",11,386.5306037,166.9435997,66.09817015,233.0417699,619.5723736
"150",2003,"MX","E",13,420.2328328,136.1152041,61.26490475,197.3801089,617.6129417
"151",2003,"SC","A",2,141.2097271,36.83732012,0,36.83732012,178.0470473
"152",2003,"SC","A",4,266.3521125,93.00770187,29.26085003,122.2685519,388.6206644
"153",2003,"SC","A",8,234.217429,16.19797055,29.39147882,45.58944937,279.8068784
"154",2003,"SC","A",12,155.0563794,0,136.8989769,136.8989769,291.9553563
"155",2003,"SC","A",15,260.9963319,402.7285743,112.2101347,514.938709,775.9350409
"156",2003,"SC","C",3,153.4888339,38.14360807,45.45882058,83.60242865,237.0912625
"157",2003,"SC","C",5,124.097355,0,23.12129667,23.12129667,147.2186517
"158",2003,"SC","C",7,206.2628669,72.3683523,0,72.3683523,278.6312192
"159",2003,"SC","C",11,126.9711885,4.310750227,19.59431921,23.90506944,150.876258
"160",2003,"SC","C",13,46.63447973,0,0,0,46.63447973
"161",2003,"SC","E",1,331.1439947,150.0924852,42.97687348,193.0693587,524.2133534
"162",2003,"SC","E",6,348.6482532,139.9034392,35.66166097,175.5651002,524.2133534
"163",2003,"SC","E",9,275.7573858,168.641774,0,168.641774,444.3991598
"164",2003,"SC","E",10,262.0413623,86.47626214,36.83732012,123.3135823,385.3549446
"165",2003,"SC","E",14,375.9496713,431.4669091,69.75577641,501.2226855,877.1723569
"166",2003,"SP","A",2,111.4263619,0,42.3237295,42.3237295,153.7500914
"167",2003,"SP","A",5,54.60283621,0,20.83529277,20.83529277,75.43812898
"168",2003,"SP","A",9,64.13873823,0,64.53062461,64.53062461,128.6693628
"169",2003,"SP","A",11,255.9018089,0,141.2097271,141.2097271,397.1115361
"170",2003,"SP","A",13,103.1967479,0,65.83691256,65.83691256,169.0336604
"171",2003,"SP","C",3,426.5030149,0,79.8141936,79.8141936,506.3172085
"172",2003,"SP","C",6,93.53021705,24.68884221,47.4182525,72.10709471,165.6373118
"173",2003,"SP","C",7,69.49451882,268.8340596,81.64299673,350.4770564,419.9715752
"174",2003,"SP","C",12,56.69289693,0,40.88681276,40.88681276,97.57970969
"175",2003,"SP","C",15,49.37768442,38.79675205,37.75172169,76.54847373,125.9261582
"176",2003,"SP","E",1,219.3257464,90.39512598,76.54847373,166.9435997,386.2693461
"177",2003,"SP","E",4,75.89532976,0,51.07585875,51.07585875,126.9711885
"178",2003,"SP","E",8,146.9573941,0,90.65638357,90.65638357,237.6137777
"179",2003,"SP","E",10,105.1561798,0,83.60242865,83.60242865,188.7586084
"180",2003,"SP","E",14,53.03529068,0,3.657606253,3.657606253,56.69289693
"181",2004,"MX","A",2,138.3358937,93.00770187,46.63447973,139.6421816,277.9780753
"182",2004,"MX","A",6,297.5723945,67.14320051,129.3225068,196.4657073,494.0381018
"183",2004,"MX","A",9,438.7821216,20.90060716,42.84624468,63.74685185,502.5289735
"184",2004,"MX","A",12,363.8011934,16.45922814,54.47220742,70.93143556,434.732629
"185",2004,"MX","A",15,241.4020127,190.8486692,11.36470514,202.2133743,443.615387
"186",2004,"MX","C",3,303.581319,0,12.4097355,12.4097355,315.9910545
"187",2004,"MX","C",5,322.6531231,235.1318306,0,235.1318306,557.7849537
"188",2004,"MX","C",7,305.0182358,59.04421523,44.67504781,103.719263,408.7374988
"189",2004,"MX","C",10,202.8665183,40.23366879,18.81054645,59.04421523,261.9107335
"190",2004,"MX","C",14,271.3160067,40.88681276,100.9760584,141.8628711,413.1788778
"191",2004,"MX","E",1,255.6405514,394.2377026,53.16591947,447.4036221,703.0441734
"192",2004,"MX","E",4,382.3504823,57.99918488,34.74725941,92.74644428,475.0969266
"193",2004,"MX","E",8,198.6863968,40.62555517,20.37809198,61.00364716,259.690044
"194",2004,"MX","E",11,286.2076893,87.78255008,18.67991765,106.4624677,392.6701571
"195",2004,"MX","E",13,292.0859851,394.1070738,36.70669133,430.8137651,722.8997502
"196",2004,"SC","A",2,186.1460325,102.6742327,0,102.6742327,288.8202652
"197",2004,"SC","A",4,275.2348706,73.67464025,27.95456208,101.6292023,376.8640729
"198",2004,"SC","A",8,149.9618564,17.89614488,104.1111494,122.0072943,271.9691507
"199",2004,"SC","A",12,268.572802,0,150.6150004,150.6150004,419.1878024
"200",2004,"SC","A",15,296.9192505,236.9606337,65.96754136,302.9281751,599.8474256
"201",2004,"SC","C",3,117.5659153,3.788235048,18.02677368,21.81500873,139.380924
"202",2004,"SC","C",5,85.82311816,0,3.918863843,3.918863843,89.741982
"203",2004,"SC","C",7,196.7269649,54.9947226,23.12129667,78.11601927,274.8429842
"204",2004,"SC","C",11,165.2454254,205.0872078,0,205.0872078,370.3326332
"205",2004,"SC","C",13,69.10263243,0,4.572007817,4.572007817,73.67464025
"206",2004,"SC","E",1,294.1760458,22.20689511,30.0446228,52.25151791,346.4275637
"207",2004,"SC","E",6,386.5306037,439.174008,53.55780585,492.7318139,879.2624176
"208",2004,"SC","E",9,246.4965357,104.6336646,9.666530813,114.3001954,360.7967311
"209",2004,"SC","E",10,246.3659069,27.69330449,12.27910671,39.9724112,286.3383181
"210",2004,"SC","E",14,249.8928844,26.77890293,50.55334357,77.3322465,327.2251309
"211",2004,"SP","A",2,89.61135321,0,53.03529068,53.03529068,142.6466439
"212",2004,"SP","A",5,73.54401145,0,61.00364716,61.00364716,134.5476586
"213",2004,"SP","A",9,69.10263243,0,50.29208599,50.29208599,119.3947184
"214",2004,"SP","A",11,274.5817266,0,117.9578017,117.9578017,392.5395283
"215",2004,"SP","A",13,71.84583712,0,77.20161771,77.20161771,149.0474548
"216",2004,"SP","C",3,135.7233178,40.36429758,63.09370787,103.4580055,239.1813232
"217",2004,"SP","C",6,66.22879895,0,15.80608417,15.80608417,82.03488311
"218",2004,"SP","C",7,0,0,0,0,0
"219",2004,"SP","C",12,92.3545579,25.34198618,32.26531231,57.60729849,149.9618564
"220",2004,"SP","C",15,130.498166,3.526977459,47.94076768,51.46774514,181.9659111
"221",2004,"SP","E",1,172.2993803,46.24259335,27.4320469,73.67464025,245.9740205
"222",2004,"SP","E",4,50.55334357,0,54.47220742,54.47220742,105.025551
"223",2004,"SP","E",8,104.6336646,0,13.32413707,13.32413707,117.9578017
"224",2004,"SP","E",10,95.48964897,0,64.13873823,64.13873823,159.6283872
"225",2004,"SP","E",14,163.9391374,19.72494801,38.14360807,57.86855608,221.8076935
"226",2005,"MX","A",2,317.9504865,100.584172,43.49938866,144.0835606,462.0340471
"227",2005,"MX","A",6,219.7176328,206.9160109,17.5042585,224.4202694,444.1379022
"228",2005,"MX","A",9,374.5127546,0,70.40892038,70.40892038,444.921675
"229",2005,"MX","A",12,444.268531,261.3882183,29.78336521,291.1715835,735.4401145
"230",2005,"MX","A",15,280.3293936,95.62027777,20.63934957,116.2596273,396.5890209
"231",2005,"MX","C",3,360.274216,134.1557722,93.92210344,228.0778757,588.3520916
"232",2005,"MX","C",5,261.2575895,135.592689,6.531439738,142.1241287,403.3817182
"233",2005,"MX","C",7,243.4920734,84.7780878,45.58944937,130.3675372,373.8596106
"234",2005,"MX","C",10,329.4458204,244.2758462,69.10263243,313.3784786,642.824299
"235",2005,"MX","C",14,254.8567786,77.72413289,48.46328286,126.1874157,381.0441943
"236",2005,"MX","E",1,450.9305995,179.7452216,19.33306163,199.0782832,650.0088828
"237",2005,"MX","E",4,408.0843549,163.2859935,0,163.2859935,571.3703483
"238",2005,"MX","E",8,366.8056557,139.5115528,48.72454045,188.2360933,555.041749
"239",2005,"MX","E",11,440.2190384,340.2880104,42.97687348,383.2648838,823.4839222
"240",2005,"MX","E",13,347.7338517,220.3707768,25.86450136,246.2352781,593.9691298
"241",2005,"SC","A",2,380.6523079,165.506683,0,165.506683,546.1589909
"242",2005,"SC","A",4,265.3070822,0,0,0,265.3070822
"243",2005,"SC","A",8,271.4466355,20.90060716,16.85111452,37.75172169,309.1983572
"244",2005,"SC","A",12,157.7995841,0,76.54847373,76.54847373,234.3480578
"245",2005,"SC","A",15,347.7338517,146.6961365,119.2640896,265.9602261,613.6940778
"246",2005,"SC","C",3,141.4709847,0,0,0,141.4709847
"247",2005,"SC","C",5,156.6239249,55.64786657,27.69330449,83.34117106,239.965096
"248",2005,"SC","C",7,228.0778757,83.47179986,15.93671296,99.40851282,327.4863885
"249",2005,"SC","C",11,176.2182441,0,16.32859935,16.32859935,192.5468435
"250",2005,"SC","C",13,201.4296015,76.67910253,10.71156117,87.3906637,288.8202652
"251",2005,"SC","E",1,312.0721907,36.83732012,6.662068533,43.49938866,355.5715794
"252",2005,"SC","E",6,378.0397321,61.91804872,54.8640938,116.7821425,494.8218746
"253",2005,"SC","E",9,385.8774597,108.2912709,64.39999582,172.6912667,558.5687264
"254",2005,"SC","E",10,261.9107335,47.4182525,8.360242865,55.77849537,317.6892289
"255",2005,"SC","E",14,321.2162063,81.64299673,36.44543374,118.0884305,439.3046368
"256",2005,"SP","A",2,102.4129751,0,38.01297928,38.01297928,140.4259544
"257",2005,"SP","A",5,112.8632787,0,56.95415452,56.95415452,169.8174332
"258",2005,"SP","A",9,157.0158113,53.81906344,49.24705563,103.0661191,260.0819304
"259",2005,"SP","A",11,374.3821258,0,305.9326373,305.9326373,680.3147631
"260",2005,"SP","A",13,111.1651043,0,51.07585875,51.07585875,162.2409631
"261",2005,"SP","C",3,180.137108,18.15740247,55.77849537,73.93589784,254.0730058
"262",2005,"SP","C",6,117.8271729,0,52.25151791,52.25151791,170.0786908
"263",2005,"SP","C",7,111.9488771,0,98.49411125,98.49411125,210.4429884
"264",2005,"SP","C",12,112.3407635,0,70.40892038,70.40892038,182.7496839
"265",2005,"SP","C",15,136.1152041,14.10790983,36.83732012,50.94522996,187.0604341
"266",2005,"SP","E",1,284.9014014,0,48.46328286,48.46328286,333.3646842
"267",2005,"SP","E",4,45.32819178,0,9.797159607,9.797159607,55.12535139
"268",2005,"SP","E",8,106.0705814,0,76.41784494,76.41784494,182.4884263
"269",2005,"SP","E",10,74.45841302,0,40.36429758,40.36429758,114.8227106
"270",2005,"SP","E",14,276.6717873,0,17.89614488,17.89614488,294.5679322
"271",2006,"MX","A",2,294.6332466,27.09241203,62.78019876,89.8726108,384.5058574
"272",2006,"MX","A",6,193.1085473,45.36738042,6.309370787,51.67675121,244.7852985
"273",2006,"MX","A",9,333.0250494,0,89.37622138,89.37622138,422.4012708
"274",2006,"MX","A",12,829.6496013,307.3042397,93.21670795,400.5209476,1230.170549
"275",2006,"MX","A",15,164.9841678,82.68802709,16.06734176,98.75536884,263.7395366
"276",2006,"MX","C",3,304.8614812,66.98644596,55.73930673,122.7257527,427.5872339
"277",2006,"MX","C",5,312.5163286,33.10133659,112.82409,145.9254266,458.4417552
"278",2006,"MX","C",7,215.2631909,0,49.0119238,49.0119238,264.2751147
"279",2006,"MX","C",10,310.1127588,115.214597,69.23326123,184.4478582,494.560617
"280",2006,"MX","C",14,369.6011119,34.47293894,144.0835606,178.5564996,548.1576115
"281",2006,"MX","E",1,358.8503621,44.89711676,53.24429675,98.14141351,456.9917756
"282",2006,"MX","E",4,312.359574,88.25281374,24.61046493,112.8632787,425.2228527
"283",2006,"MX","E",8,312.1636309,149.6352844,33.25809115,182.8933756,495.0570064
"284",2006,"MX","E",11,326.3107293,126.1874157,19.59431921,145.781735,472.0924643
"285",2006,"MX","E",13,282.236574,24.12713839,128.434231,152.5613694,434.7979434
"286",2006,"SC","A",2,307.5001829,424.543583,0,424.543583,732.0437659
"287",2006,"SC","A",4,273.6020106,56.15731887,5.786855608,61.94417448,335.5461851
"288",2006,"SC","A",8,153.3059535,25.04153996,55.89606128,80.93760124,234.2435548
"289",2006,"SC","A",12,182.0442884,159.6937016,66.37249062,226.0661922,408.1104806
"290",2006,"SC","A",15,309.4465519,50.22677159,122.0595458,172.2863174,481.7328693
"291",2006,"SC","C",3,97.71033849,162.8941071,20.24746319,183.1415703,280.8519087
"292",2006,"SC","C",5,137.0557315,51.12811027,36.24949055,87.37760082,224.4333323
"293",2006,"SC","C",7,211.566396,31.41622514,64.7918822,96.20810735,307.7745033
"294",2006,"SC","C",11,209.9727247,116.6515137,0,116.6515137,326.6242384
"295",2006,"SC","C",13,141.8889969,0,3.304908508,3.304908508,145.1939054
"296",2006,"SC","E",1,293.2616443,6.178741992,44.9363054,51.11504739,344.3766916
"297",2006,"SC","E",6,303.3069986,106.8935428,0,106.8935428,410.2005413
"298",2006,"SC","E",9,202.0958084,119.7996677,20.79610413,140.5957718,342.6915802
"299",2006,"SC","E",10,207.778161,138.1791391,9.535902018,147.7150411,355.4932021
"300",2006,"SC","E",14,265.3854594,8.281865588,25.19829451,33.4801601,298.8656195
"301",2006,"SP","A",2,102.9354903,0,50.74928677,50.74928677,153.684777
"302",2006,"SP","A",5,104.0719608,0,98.42879686,98.42879686,202.5007576
"303",2006,"SP","A",9,127.8333386,103.4318797,37.98685352,141.4187332,269.2520718
"304",2006,"SP","A",11,375.8190425,0,153.5541482,153.5541482,529.3731908
"305",2006,"SP","A",13,83.56324001,0,42.49354694,42.49354694,126.0567869
"306",2006,"SP","C",3,189.1896835,0,46.3993479,46.3993479,235.5890314
"307",2006,"SP","C",6,173.6579198,0,45.06693419,45.06693419,218.724854
"308",2006,"SP","C",7,150.0271708,0,67.87472176,67.87472176,217.9018925
"309",2006,"SP","C",12,104.1634009,66.85581716,29.92705688,96.78287404,200.946275
"310",2006,"SP","C",15,251.6824989,54.13257255,44.00884096,98.14141351,349.8239124
"311",2006,"SP","E",1,409.7955921,395.4656133,0,395.4656133,805.2612053
"312",2006,"SP","E",4,28.43788862,0,13.61152041,13.61152041,42.04940904
"313",2006,"SP","E",8,96.2342331,0,63.0153306,63.0153306,159.2495637
"314",2006,"SP","E",10,73.62238873,0,28.30725983,28.30725983,101.9296486
"315",2006,"SP","E",14,190.7049775,0,3.383285784,3.383285784,194.0882633
"316",2007,"MX","A",2,335.9250086,212.0497225,21.67131705,233.7210396,569.6460482
"317",2007,"MX","A",6,194.2972693,114.2479439,50.78847541,165.0364193,359.3336886
"318",2007,"MX","A",9,726.7794254,0,60.28518878,60.28518878,787.0646142
"319",2007,"MX","A",12,740.9265239,139.8381248,266.0908549,405.9289797,1146.855504
"320",2007,"MX","A",15,108.6439686,0,14.36916742,14.36916742,123.013136
"321",2007,"MX","C",3,363.7228161,40.16835439,60.52032062,100.688675,464.4114912
"322",2007,"MX","C",5,413.7928332,114.7704591,15.55788946,130.3283485,544.1211817
"323",2007,"MX","C",7,247.8289494,33.08827371,65.8761012,98.96437492,346.7933243
"324",2007,"MX","C",10,412.2122248,207.0205139,227.4377946,434.4583085,846.6705333
"325",2007,"MX","C",14,387.0139303,38.02604216,136.5070905,174.5331327,561.5470629
"326",2007,"MX","E",1,502.4244704,301.7263902,51.85963152,353.5860217,856.0104921
"327",2007,"MX","E",4,453.4125466,196.7661536,6.335496546,203.1016501,656.5141967
"328",2007,"MX","E",8,214.6100469,85.31366586,28.12437951,113.4380454,328.0480923
"329",2007,"MX","E",11,264.9674473,26.89646884,53.21817099,80.11463983,345.0820871
"330",2007,"MX","E",13,483.287352,119.2902154,112.288512,231.5787274,714.8660794
"331",2007,"SC","A",2,341.515921,68.56705437,4.663447973,73.23050235,414.7464234
"332",2007,"SC","A",4,290.9625775,4.689573732,55.45192338,60.14149711,351.1040746
"333",2007,"SC","A",8,210.4691141,2.651764534,18.62766613,21.27943067,231.7485448
"334",2007,"SC","A",12,482.1770072,0,242.4731688,242.4731688,724.6501761
"335",2007,"SC","A",15,620.6043411,106.0183298,198.7647741,304.7831039,925.387445
"336",2007,"SC","C",3,209.5677754,0,36.39318222,36.39318222,245.9609577
"337",2007,"SC","C",5,144.4885099,18.19659111,19.38531314,37.58190425,182.0704141
"338",2007,"SC","C",7,300.5376681,85.78392952,22.63797013,108.4218997,408.9595678
"339",2007,"SC","C",11,287.9711781,32.3306267,16.65517133,48.98579804,336.9569761
"340",2007,"SC","C",13,264.1575488,348.1257381,31.29865923,379.4243973,643.5819461
"341",2007,"SC","E",1,434.5366858,60.36356606,119.0942722,179.4578383,613.994524
"342",2007,"SC","E",6,496.8596838,461.171897,88.72307741,549.8949744,1046.754658
"343",2007,"SC","E",9,416.2747803,122.686564,44.97549404,167.6620581,583.9368384
"344",2007,"SC","E",10,306.4159639,109.9241308,43.09443939,153.0185702,459.4345341
"345",2007,"SC","E",14,330.5561652,37.51658986,76.40478206,113.9213719,444.4775371
"346",2007,"SP","A",2,82.46595814,0,57.90774472,57.90774472,140.3737029
"347",2007,"SP","A",5,47.52275554,0,36.62831405,36.62831405,84.15106959
"348",2007,"SP","A",9,131.8828312,49.73038217,34.17249271,83.90287488,215.7857061
"349",2007,"SP","A",11,238.5151164,0,76.8881086,76.8881086,315.403225
"350",2007,"SP","A",13,127.1801946,0,39.018821,39.018821,166.1990156
"351",2007,"SP","C",3,118.1145562,0,56.53614237,56.53614237,174.6506986
"352",2007,"SP","C",6,74.87642516,0,17.84389337,17.84389337,92.72031853
"353",2007,"SP","C",7,112.5628325,0,62.5058783,62.5058783,175.0687107
"354",2007,"SP","C",12,155.4352029,0,89.41541002,89.41541002,244.8506129
"355",2007,"SP","C",15,283.4122331,219.6392555,78.14214503,297.7814005,581.1936337
"356",2007,"SP","E",1,369.0916596,223.0617299,0,223.0617299,592.1533896
"357",2007,"SP","E",4,42.16697495,0,30.81533269,30.81533269,72.98230764
"358",2007,"SP","E",8,115.0839682,0,54.85103092,54.85103092,169.9349991
"359",2007,"SP","E",10,71.12737875,0,67.23464067,67.23464067,138.3620194
"360",2007,"SP","E",14,263.5566563,122.5167466,71.29719618,193.8139428,457.3705991
"361",2008,"MX","A",2,311.7456187,16.85111452,12.76243325,29.61354777,341.3591665
"362",2008,"MX","A",6,163.6256283,198.6341453,4.99001996,203.6241653,367.2497936
"363",2008,"MX","A",9,337.1921079,0,82.30920358,82.30920358,419.5013115
"364",2008,"MX","A",12,335.0759215,103.5494456,67.9792248,171.5286704,506.6045919
"365",2008,"MX","A",15,159.6414501,50.78847541,71.16656739,121.9550428,281.5964929
"366",2008,"MX","C",3,283.0072839,35.71391249,35.75310113,71.46701362,354.4742975
"367",2008,"MX","C",5,319.1522714,115.645672,74.18409255,189.8297646,508.9820359
"368",2008,"MX","C",7,195.9431921,0,29.11715835,29.11715835,225.0603505
"369",2008,"MX","C",10,299.4403862,83.32810818,39.13638691,122.4644951,421.9048813
"370",2008,"MX","C",14,362.7822888,67.82247024,34.27699575,102.099466,464.8817548
"371",2008,"MX","E",1,282.6937748,71.74133409,0,71.74133409,354.4351088
"372",2008,"MX","E",4,234.7138184,136.3242102,66.08510727,202.4093175,437.1231359
"373",2008,"MX","E",8,215.9293977,20.10377151,22.62490725,42.72867877,258.6580765
"374",2008,"MX","E",11,335.0106071,90.27756006,147.3362176,237.6137777,572.6243847
"375",2008,"MX","E",13,287.2657826,80.63715501,94.34011558,174.9772706,462.2430532
"376",2008,"SC","A",2,185.884775,14.26466439,0,14.26466439,200.1494393
"377",2008,"SC","A",4,241.1276923,34.90401396,4.781013888,39.68502785,280.8127201
"378",2008,"SC","A",8,151.8951626,5.303529068,43.31650834,48.62003741,200.5152
"379",2008,"SC","A",12,210.5344285,14.78717957,125.1031967,139.8903763,350.4248048
"380",2008,"SC","A",15,183.1415703,8.660689093,35.58328369,44.24397279,227.3855431
"381",2008,"SC","C",3,152.5352436,2.547261498,0,2.547261498,155.0825051
"382",2008,"SC","C",5,143.1822219,9.353021705,11.41695666,20.76997837,163.9522003
"383",2008,"SC","C",7,199.4832325,0,12.93225068,12.93225068,212.4154832
"384",2008,"SC","C",11,159.0405576,6.283245028,40.20754303,46.49078806,205.5313457
"385",2008,"SC","C",13,227.4377946,90.9568298,23.50012018,114.45695,341.8947445
"386",2008,"SC","E",1,249.1613631,124.7113104,13.5592689,138.2705793,387.4319424
"387",2008,"SC","E",6,326.5327983,61.23877899,40.25979455,101.4985735,428.0313718
"388",2008,"SC","E",9,255.7450544,15.04843716,114.4700129,129.51845,385.2635044
"389",2008,"SC","E",10,360.8489827,197.9679385,30.07074856,228.038687,588.8876697
"390",2008,"SC","E",14,247.8420123,70.78774388,11.88722032,82.67496421,330.5169765
"391",2008,"SP","A",2,113.3204795,0,64.36080718,64.36080718,177.6812866
"392",2008,"SP","A",5,61.21265323,0,38.3787399,38.3787399,99.59139313
"393",2008,"SP","A",9,152.7834384,62.16624343,41.14807035,103.3143138,256.0977521
"394",2008,"SP","A",11,188.8369857,16.23715919,56.67983405,72.91699324,261.753979
"395",2008,"SP","A",13,95.71171793,0,80.92453836,80.92453836,176.6362563
"396",2008,"SP","C",3,99.2256325,0,22.24608375,22.24608375,121.4717163
"397",2008,"SP","C",6,94.94100804,0,19.11099267,19.11099267,114.0520007
"398",2008,"SP","C",7,148.5380025,18.69298053,88.56632285,107.2593034,255.7973059
"399",2008,"SP","C",12,118.4803169,42.78093029,22.21995799,65.00088828,183.4812051
"400",2008,"SP","C",15,248.1424585,37.12470347,86.89427428,124.0189778,372.1614363
"401",2008,"SP","E",1,347.2374622,41.84040296,0,41.84040296,389.0778652
"402",2008,"SP","E",4,105.9138268,0,102.1517175,102.1517175,208.0655443
"403",2008,"SP","E",8,145.7033577,0,35.9621072,35.9621072,181.6654649
"404",2008,"SP","E",10,172.6259523,0,70.40892038,70.40892038,243.0348727
"405",2008,"SP","E",14,223.7409997,0,173.0309015,173.0309015,396.7719012
"406",2009,"MX","A",2,112.8632787,18.28803127,24.42758462,42.71561589,155.5788946
"407",2009,"MX","A",6,192.8081011,74.06652663,32.78782749,106.8543541,299.6624552
"408",2009,"MX","A",9,324.612555,0,64.00810944,64.00810944,388.6206644
"409",2009,"MX","A",12,221.5464359,73.93589784,73.15212507,147.0880229,368.6344588
"410",2009,"MX","A",15,78.63853445,171.2543499,10.97281876,182.2271687,260.8657031
"411",2009,"MX","C",3,247.9334525,24.16632703,48.07139647,72.23772351,320.171176
"412",2009,"MX","C",5,204.956579,12.93225068,36.70669133,49.63894201,254.595521
"413",2009,"MX","C",7,182.0965399,75.24218579,28.21581967,103.4580055,285.5545454
"414",2009,"MX","C",10,110.120074,11.88722032,41.53995674,53.42717706,163.547251
"415",2009,"MX","C",14,277.4555601,304.234463,255.7711802,560.0056432,837.4612032
"416",2009,"MX","E",1,224.1590118,95.09776259,38.79675205,133.8945146,358.0535265
"417",2009,"MX","E",4,237.4831489,158.0608417,103.8498918,261.9107335,499.3938824
"418",2009,"MX","E",8,180.5289944,95.22839138,13.06287948,108.2912709,288.8202652
"419",2009,"MX","E",11,131.5431963,31.87342592,33.31034267,65.18376859,196.7269649
"420",2009,"MX","E",13,180.137108,157.4076977,25.73387257,183.1415703,363.2786782
"421",2009,"SC","A",2,172.2993803,41.67058553,48.98579804,90.65638357,262.9557639
"422",2009,"SC","A",4,204.956579,54.21094983,56.43163934,110.6425892,315.5991682
"423",2009,"SC","A",8,186.0154037,0,53.68843465,53.68843465,239.7038384
"424",2009,"SC","A",12,216.4519129,35.40040338,80.20607999,115.6064834,332.0583963
"425",2009,"SC","A",15,201.9521167,79.8141936,43.63001745,123.4442111,325.3963278
"426",2009,"SC","C",3,122.3991807,71.06206435,0,71.06206435,193.461245
"427",2009,"SC","C",5,91.57078513,0,6.792697328,6.792697328,98.36348246
"428",2009,"SC","C",7,164.0697662,21.16186475,10.58093238,31.74279713,195.8125634
"429",2009,"SC","C",11,158.1914705,48.85516924,13.97728104,62.83245028,221.0239207
"430",2009,"SC","C",13,129.7143932,0,3.788235048,3.788235048,133.5026283
"431",2009,"SC","E",1,185.231631,66.62068533,20.50872078,87.12940611,272.3610371
"432",2009,"SC","E",6,236.5687473,122.3991807,11.23407635,133.633257,370.2020044
"433",2009,"SC","E",9,184.3172294,8.882758044,0,8.882758044,193.1999875
"434",2009,"SC","E",10,302.6669175,154.011349,42.3237295,196.3350785,499.001996
"435",2009,"SC","E",14,286.3383181,242.9695583,21.03123596,264.0007942,550.3391124
"436",2009,"SP","A",2,82.4267695,0,32.13468351,32.13468351,114.561453
"437",2009,"SP","A",5,90.91764116,0,47.02636612,47.02636612,137.9440073
"438",2009,"SP","A",9,139.380924,0,11.62596273,11.62596273,151.0068868
"439",2009,"SP","A",11,137.9440073,0,150.7456292,150.7456292,288.6896364
"440",2009,"SP","A",13,50.0308284,0,0.783772769,0.783772769,50.81460116
"441",2009,"SP","C",3,143.5610454,0,77.07098891,77.07098891,220.6320344
"442",2009,"SP","C",6,68.05760207,10.45030358,119.5253472,129.9756508,198.0332529
"443",2009,"SP","C",7,101.2373159,0,74.9809282,74.9809282,176.2182441
"444",2009,"SP","C",12,92.74644428,0,121.7460367,121.7460367,214.492481
"445",2009,"SP","C",15,188.4973508,53.03529068,54.8640938,107.8993845,296.3967353
"446",2009,"SP","E",1,214.1005946,0,8.621500455,8.621500455,222.7220951
"447",2009,"SP","E",4,61.52616234,0,18.67991765,18.67991765,80.20607999
"448",2009,"SP","E",8,41.67058553,0,24.68884221,24.68884221,66.35942774
"449",2009,"SP","E",10,130.7594236,0,3.657606253,3.657606253,134.4170298
"450",2009,"SP","E",14,232.3886259,16.06734176,47.67951009,63.74685185,296.1354777
"451",2010,"MX","A",2,142.3853863,101.8904599,64.00810944,165.8985694,308.2839556
"452",2010,"MX","A",6,137.1602345,41.80121433,74.45841302,116.2596273,253.4198618
"453",2010,"MX","A",9,167.2048573,0,131.9350827,131.9350827,299.13994
"454",2010,"MX","A",12,189.4117524,150.223114,143.6916742,293.9147882,483.3265406
"455",2010,"MX","A",15,112.3407635,193.3306163,64.00810944,257.3387257,369.6794892
"456",2010,"MX","C",3,201.1683439,26.12575895,83.60242865,109.7281876,310.8965315
"457",2010,"MX","C",5,125.403643,0,19.59431921,19.59431921,144.9979622
"458",2010,"MX","C",7,116.2596273,0,92.74644428,92.74644428,209.0060716
"459",2010,"MX","C",10,165.8985694,0,91.44015634,91.44015634,257.3387257
"460",2010,"MX","C",14,150.223114,49.63894201,35.26977459,84.9087166,235.1318306
"461",2010,"MX","E",1,97.97159607,116.2596273,64.00810944,180.2677368,278.2393329
"462",2010,"MX","E",4,155.4482658,220.7626632,19.59431921,240.3569824,395.8052481
"463",2010,"MX","E",8,118.8722032,14.36916742,57.4766697,71.84583712,190.7180404
"464",2010,"MX","E",11,169.8174332,117.5659153,60.08924559,177.6551609,347.4725941
"465",2010,"MX","E",13,212.9249355,160.6734176,40.49492638,201.1683439,414.0932794
"466",2010,"SC","A",2,139.7728104,99.27788402,15.67545537,114.9533394,254.7261498
"467",2010,"SC","A",4,143.6916742,7.837727686,16.98174332,24.81947101,168.5111452
"468",2010,"SC","A",8,87.52129249,129.3225068,7.837727686,137.1602345,224.681527
"469",2010,"SC","A",12,111.0344756,0,37.88235048,37.88235048,148.916826
"470",2010,"SC","A",15,188.1054645,122.7910671,36.57606253,159.3671296,347.4725941
"471",2010,"SC","C",3,37.88235048,14.36916742,1.306287948,15.67545537,53.55780585
"472",2010,"SC","C",5,75.76470096,0,0,0,75.76470096
"473",2010,"SC","C",7,108.4218997,43.10750227,36.57606253,79.68356481,188.1054645
"474",2010,"SC","C",11,82.2961407,20.90060716,1.306287948,22.20689511,104.5030358
"475",2010,"SC","C",13,87.52129249,13.06287948,1.306287948,14.36916742,101.8904599
"476",2010,"SC","E",1,108.4218997,92.74644428,178.9614488,271.7078931,380.1297928
"477",2010,"SC","E",6,125.403643,129.3225068,35.26977459,164.5922814,289.9959244
"478",2010,"SC","E",9,146.3042501,321.3468351,32.65719869,354.0040338,500.308284
"479",2010,"SC","E",10,144.9979622,116.2596273,65.31439738,181.5740247,326.5719869
"480",2010,"SC","E",14,214.2312234,407.5618397,30.0446228,437.6064625,651.8376859
"481",2010,"SP","A",2,82.2961407,0,58.78295764,58.78295764,141.0790983
"482",2010,"SP","A",5,53.55780585,0,75.76470096,75.76470096,129.3225068
"483",2010,"SP","A",9,78.37727686,3.918863843,64.00810944,67.92697328,146.3042501
"484",2010,"SP","A",11,103.1967479,14.36916742,77.07098891,91.44015634,194.6369042
"485",2010,"SP","A",13,88.82758044,0,71.84583712,71.84583712,160.6734176
"486",2010,"SP","C",3,109.7281876,0,33.96348664,33.96348664,143.6916742
"487",2010,"SP","C",6,75.76470096,0,54.8640938,54.8640938,130.6287948
"488",2010,"SP","C",7,71.84583712,0,92.74644428,92.74644428,164.5922814
"489",2010,"SP","C",12,105.8093238,50.94522996,87.52129249,138.4665225,244.2758462
"490",2010,"SP","C",15,126.7099309,69.23326123,19.59431921,88.82758044,215.5375114
"491",2010,"SP","E",1,83.60242865,0,10.45030358,10.45030358,94.05273223
"492",2010,"SP","E",4,53.55780585,0,19.59431921,19.59431921,73.15212507
"493",2010,"SP","E",8,158.0608417,0,117.5659153,117.5659153,275.626757
"494",2010,"SP","E",10,50.94522996,0,13.06287948,13.06287948,64.00810944
"495",2010,"SP","E",14,146.3042501,0,44.41379022,44.41379022,190.7180404
"496",2011,"MX","A",2,73.54401145,215.5375114,13.84665225,229.3841636,302.9281751
"497",2011,"MX","A",6,80.72859517,85.56186057,40.62555517,126.1874157,206.9160109
"498",2011,"MX","A",9,99.53914161,0,29.39147882,29.39147882,128.9306204
"499",2011,"MX","A",12,97.71033849,254.8567786,30.17525159,285.0320302,382.7423687
"500",2011,"MX","A",15,117.1740289,100.7148008,49.24705563,149.9618564,267.1358853
"501",2011,"MX","C",3,89.48072442,100.3229144,10.97281876,111.2957331,200.7764576
"502",2011,"MX","C",5,131.2819387,437.6064625,85.43123178,523.0376942,654.319633
"503",2011,"MX","C",7,117.3046577,509.7135572,12.80162189,522.5151791,639.8198368
"504",2011,"MX","C",10,78.37727686,171.3849787,105.2868086,276.6717873,355.0490642
"505",2011,"MX","C",14,103.9805206,62.72794725,34.61663061,97.34457786,201.3250985
"506",2011,"MX","E",1,125.403643,263.6089078,0,263.6089078,389.0125508
"507",2011,"MX","E",4,84.64745901,271.0547491,0,271.0547491,355.7022081
"508",2011,"MX","E",8,100.3229144,87.2600349,11.88722032,99.14725523,199.4701696
"509",2011,"MX","E",11,51.46774514,99.931028,69.10263243,169.0336604,220.5014056
"510",2011,"MX","E",13,145.3898486,444.5297886,78.89979204,523.4295806,668.8194292
"511",2011,"SC","A",2,84.25557262,79.55293601,3.657606253,83.21054227,167.4661149
"512",2011,"SC","A",4,93.92210344,54.73346501,5.355780585,60.08924559,154.011349
"513",2011,"SC","A",8,43.76064625,0,7.445841302,7.445841302,51.20648755
"514",2011,"SC","A",12,44.28316143,112.3407635,10.84218997,123.1829535,167.4661149
"515",2011,"SC","A",15,62.17930631,105.678695,10.71156117,116.3902561,178.5695624
"516",2011,"SC","C",3,35.40040338,0,0,0,35.40040338
"517",2011,"SC","C",5,77.07098891,238.0056641,9.666530813,247.6721949,324.7431838
"518",2011,"SC","C",7,89.8726108,0,12.93225068,12.93225068,102.8048615
"519",2011,"SC","C",11,69.23326123,102.0210887,0,102.0210887,171.2543499
"520",2011,"SC","C",13,28.73833485,0,0,0,28.73833485
"521",2011,"SC","E",1,59.827988,115.7371122,3.265719869,119.002832,178.83082
"522",2011,"SC","E",6,127.7549613,158.3220993,11.10344756,169.4255468,297.1805081
"523",2011,"SC","E",9,61.65679113,28.86896364,0,28.86896364,90.52575477
"524",2011,"SC","E",10,136.3764617,86.34563334,38.66612325,125.0117566,261.3882183
"525",2011,"SC","E",14,80.20607999,11.36470514,0,11.36470514,91.57078513
"526",2011,"SP","A",2,51.07585875,0,26.77890293,26.77890293,77.85476168
"527",2011,"SP","A",5,51.33711634,0,20.63934957,20.63934957,71.97646592
"528",2011,"SP","A",9,71.19269315,64.13873823,7.053954917,71.19269315,142.3853863
"529",2011,"SP","A",11,40.75618397,35.53103218,51.59837393,87.12940611,127.8855901
"530",2011,"SP","A",13,69.36389002,0,42.58498709,42.58498709,111.9488771
"531",2011,"SP","C",3,163.6778798,657.8466104,11.62596273,669.4725732,833.150453
"532",2011,"SP","C",6,53.16591947,0,16.98174332,16.98174332,70.14766279
"533",2011,"SP","C",7,40.62555517,27.17078931,22.99066788,50.16145719,90.78701236
"534",2011,"SP","C",12,80.85922396,66.62068533,0,66.62068533,147.4799093
"535",2011,"SP","C",15,108.9444148,88.30506526,60.08924559,148.3943109,257.3387257
"536",2011,"SP","E",1,226.6409589,88.17443647,41.93184312,130.1062796,356.7472385
"537",2011,"SP","E",4,37.88235048,0,12.27910671,12.27910671,50.16145719
"538",2011,"SP","E",8,32.78782749,0,33.57160025,33.57160025,66.35942774
"539",2011,"SP","E",10,17.11237211,0,6.662068533,6.662068533,23.77444065
"540",2011,"SP","E",14,96.14279295,0,51.07585875,51.07585875,147.2186517
"541",2012,"MX","A",2,69.23326123,103.5886342,24.29695583,127.8855901,197.1188513
"542",2012,"MX","A",6,135.592689,179.3533352,59.69735921,239.0506944,374.6433834
"543",2012,"MX","A",9,94.18336103,0,62.96307908,62.96307908,157.1464401
"544",2012,"MX","A",12,175.3038426,231.0823379,27.5626757,258.6450136,433.9488562
"545",2012,"MX","A",15,92.61581549,88.17443647,14.63042501,102.8048615,195.420677
"546",2012,"MX","C",3,95.35902018,163.9391374,8.882758044,172.8218955,268.1809157
"547",2012,"MX","C",5,94.836505,29.26085003,90.13386839,119.3947184,214.2312234
"548",2012,"MX","C",7,121.7460367,305.540751,110.5119604,416.0527113,537.7987481
"549",2012,"MX","C",10,108.6831572,101.6292023,97.84096728,199.4701696,308.1533269
"550",2012,"MX","C",14,53.55780585,101.3679447,61.39553354,162.7634783,216.3212841
"551",2012,"MX","E",1,135.8539466,163.8085086,4.963894201,168.7724028,304.6263494
"552",2012,"MX","E",4,139.6421816,177.7857897,60.61176077,238.3975504,378.0397321
"553",2012,"MX","E",8,128.1468477,73.67464025,24.9500998,98.62474005,226.7715877
"554",2012,"MX","E",11,91.70141393,59.17484403,44.41379022,103.5886342,195.2900482
"555",2012,"MX","E",13,66.75131413,98.23285366,5.225151791,103.4580055,170.2093196
"556",2012,"SC","A",2,70.80080676,184.4478582,19.20243283,203.650291,274.4510978
"557",2012,"SC","A",4,80.07545119,0,38.01297928,38.01297928,118.0884305
"558",2012,"SC","A",8,37.88235048,25.47261498,0,25.47261498,63.35496546
"559",2012,"SC","A",12,71.97646592,0,59.17484403,59.17484403,131.1513099
"560",2012,"SC","A",15,149.5307814,180.5289944,8.882758044,189.4117524,338.9425338
"561",2012,"SC","C",3,69.62514761,0,1.959431921,1.959431921,71.58457953
"562",2012,"SC","C",5,38.27423687,31.08965315,3.513914579,34.60356773,72.8778046
"563",2012,"SC","C",7,56.69289693,56.03975295,5.643163934,61.68291689,118.3758138
"564",2012,"SC","C",11,93.79147464,118.6109456,9.013386839,127.6243325,221.4158071
"565",2012,"SC","C",13,82.4267695,50.42271478,23.38255426,73.80526904,156.2320385
"566",2012,"SC","E",1,133.3719995,282.0275679,38.66612325,320.6936912,454.0656906
"567",2012,"SC","E",6,58.65232885,44.54441902,4.572007817,49.11642683,107.7687557
"568",2012,"SC","E",9,40.36429758,7.576470096,36.70669133,44.28316143,84.64745901
"569",2012,"SC","E",10,138.9890376,220.240148,12.5403643,232.7805123,371.7695499
"570",2012,"SC","E",14,54.45914454,61.13427595,31.22028195,92.3545579,146.8137024
"571",2012,"SP","A",2,66.35942774,0,23.25192547,23.25192547,89.61135321
"572",2012,"SP","A",5,63.09370787,0,103.719263,103.719263,166.8129709
"573",2012,"SP","A",9,106.2012101,183.2721991,7.053954917,190.326154,296.5273641
"574",2012,"SP","A",11,110.6425892,0,69.36389002,69.36389002,180.0064792
"575",2012,"SP","A",13,38.27423687,0,43.23813107,43.23813107,81.51236793
"576",2012,"SP","C",3,73.41338266,47.5488813,67.53508689,115.0839682,188.4973508
"577",2012,"SP","C",6,63.61622305,73.41338266,27.5626757,100.9760584,164.5922814
"578",2012,"SP","C",7,78.50790565,19.9862056,69.10263243,89.08883803,167.5967437
"579",2012,"SP","C",12,127.3630749,94.31398982,63.22433667,157.5383265,284.9014014
"580",2012,"SP","C",15,87.91317888,79.55293601,36.70669133,116.2596273,204.1728062
"581",2012,"SP","E",1,283.5951134,1052.828897,21.42312234,1074.25202,1357.847133
"582",2012,"SP","E",4,62.3099351,0,78.37727686,78.37727686,140.687212
"583",2012,"SP","E",8,66.35942774,0,110.3813316,110.3813316,176.7407593
"584",2012,"SP","E",10,63.87748064,0,64.39999582,64.39999582,128.2774765
"585",2012,"SP","E",14,62.96307908,0,38.01297928,38.01297928,100.9760584
"586",2013,"MX","A",2,91.29646466,288.9639569,0,288.9639569,380.2604216
"587",2013,"MX","A",6,82.77946724,288.193247,22.16770647,310.3609535,393.1404207
"588",2013,"MX","A",9,95.31983154,152.7573126,118.5586941,271.3160067,366.6358383
"589",2013,"MX","A",12,67.60040129,73.07374779,51.59837393,124.6721217,192.272523
"590",2013,"MX","A",15,185.558203,431.6628523,95.58108913,527.2439414,712.8021444
"591",2013,"MX","C",3,119.3555298,331.4705667,101.7859569,433.2565236,552.6120534
"592",2013,"MX","C",5,107.9777618,142.0196257,43.82596064,185.8455863,293.8233481
"593",2013,"MX","C",7,110.6034005,172.7827068,50.80153828,223.5842451,334.1876457
"594",2013,"MX","C",10,112.4844552,305.1488646,61.14733883,366.2962034,478.7806586
"595",2013,"MX","C",14,206.7070048,114.7312704,157.1464401,271.8777105,478.5847154
"596",2013,"MX","E",1,136.2588958,173.8016114,57.54198409,231.3435955,367.6024914
"597",2013,"MX","E",4,111.4394248,257.7306121,11.91334608,269.6439582,381.083383
"598",2013,"MX","E",8,112.0533802,120.0086738,30.34506902,150.3537428,262.4071229
"599",2013,"MX","E",11,78.40340262,0,78.24664807,78.24664807,156.6500507
"600",2013,"MX","E",13,98.07609911,34.17249271,194.114389,228.2868817,326.3629808
"601",2013,"SC","A",2,71.4800765,0,20.69160109,20.69160109,92.17167759
"602",2013,"SC","A",4,88.2789395,95.80315808,76.73135405,172.5345121,260.8134516
"603",2013,"SC","A",8,119.8519192,273.889394,13.14125675,287.0306507,406.8825699
"604",2013,"SC","A",12,124.7896876,167.0611656,36.57606253,203.6372282,328.4269158
"605",2013,"SC","A",15,227.5684234,575.9162304,35.60940945,611.5256398,839.0940632
"606",2013,"SC","C",3,23.64381185,0,15.58401522,15.58401522,39.22782707
"607",2013,"SC","C",5,33.58466313,14.47367046,31.46847666,45.94214712,79.52681025
"608",2013,"SC","C",7,61.68291689,0,90.09467975,90.09467975,151.7775966
"609",2013,"SC","C",11,93.73922312,0,50.71009813,50.71009813,144.4493213
"610",2013,"SC","C",13,82.02182023,51.07585875,49.29930714,100.3751659,182.3969861
"611",2013,"SC","E",1,116.8997084,209.0452603,5.74766697,214.7929272,331.6926357
"612",2013,"SC","E",6,115.4758546,432.7340084,52.40827246,485.1422809,600.6181355
"613",2013,"SC","E",9,115.4105402,196.5440846,2.063934957,198.6080196,314.0185597
"614",2013,"SC","E",10,64.11261247,0,0,0,64.11261247
"615",2013,"SC","E",14,62.8847018,247.8158866,27.41898402,275.2348706,338.1195724
"616",2013,"SP","A",2,47.97995632,0,81.72137401,81.72137401,129.7013303
"617",2013,"SP","A",5,34.21168135,0,93.08607915,93.08607915,127.2977605
"618",2013,"SP","A",9,210.8479376,406.660501,2.978336521,409.6388375,620.4867751
"619",2013,"SP","A",11,69.03731803,6.387748064,135.0179223,141.4056703,210.4429884
"620",2013,"SP","A",13,42.15391207,0,123.9406005,123.9406005,166.0945125
"621",2013,"SP","C",3,115.5019803,156.728428,140.5173945,297.2458225,412.7478028
"622",2013,"SP","C",6,66.20267319,71.42782498,95.12388835,166.5517133,232.7543865
"623",2013,"SP","C",7,79.93175952,79.09573523,58.22125383,137.3169891,217.2487486
"624",2013,"SP","C",12,100.9891212,0,32.93151916,32.93151916,133.9206404
"625",2013,"SP","C",15,87.03796595,84.24250974,96.73062252,180.9731323,268.0110982
"626",2013,"SP","E",1,190.0387706,34.29005863,20.50872078,54.7987794,244.83755
"627",2013,"SP","E",4,26.77890293,0,38.53549446,38.53549446,65.31439738
"628",2013,"SP","E",8,53.06141643,0,77.03180027,77.03180027,130.0932167
"629",2013,"SP","E",10,62.76713589,2.690953172,55.83074688,58.52170006,121.2888359
"630",2013,"SP","E",14,57.52892122,20.8744814,41.29176203,62.16624343,119.6951646
"631",2014,"MX","A",2,80.07545119,7.315212507,6.531439738,13.84665225,93.92210344
"632",2014,"MX","A",6,87.91317888,126.1874157,13.58539466,139.7728104,227.6859893
"633",2014,"MX","A",9,87.12940611,36.05354736,175.8263578,211.8799051,299.0093112
"634",2014,"MX","A",12,26.51764534,0.391886384,0,0.391886384,26.90953172
"635",2014,"MX","A",15,112.3407635,78.89979204,47.94076768,126.8405597,239.1813232
"636",2014,"MX","C",3,86.73751972,120.8316352,77.85476168,198.6863968,285.4239166
"637",2014,"MX","C",5,129.7143932,148.0024245,3.00446228,151.0068868,280.72128
"638",2014,"MX","C",7,96.14279295,316.9054561,13.32413707,330.2295932,426.3723861
"639",2014,"MX","C",10,88.69695165,344.2068742,34.35537302,378.5622472,467.2591989
"640",2014,"MX","C",14,40.88681276,0,60.21987439,60.21987439,101.1066871
"641",2014,"MX","E",1,143.0385303,223.3752391,3.657606253,227.0328453,370.0713756
"642",2014,"MX","E",4,129.191878,157.9302129,0,157.9302129,287.1220909
"643",2014,"MX","E",8,85.69248937,54.73346501,0.391886384,55.12535139,140.8178408
"644",2014,"MX","E",11,66.49005654,259.1675288,3.265719869,262.4332487,328.9233052
"645",2014,"MX","E",13,60.21987439,155.0563794,12.01784912,167.0742285,227.2941029
"646",2014,"SC","A",2,25.73387257,0,0,0,25.73387257
"647",2014,"SC","A",4,57.99918488,63.61622305,6.139553354,69.75577641,127.7549613
"648",2014,"SC","A",8,28.47707726,5.74766697,5.617038175,11.36470514,39.8417824
"649",2014,"SC","A",12,88.30506526,0,26.90953172,26.90953172,115.214597
"650",2014,"SC","A",15,77.59350409,179.6145928,0,179.6145928,257.2080969
"651",2014,"SC","C",3,27.69330449,48.33265406,0,48.33265406,76.02595855
"652",2014,"SC","C",5,67.01257172,245.059619,0.26125759,245.3208766,312.3334483
"653",2014,"SC","C",7,36.70669133,11.49533394,0,11.49533394,48.20202527
"654",2014,"SC","C",11,113.5164227,67.79634448,6.139553354,73.93589784,187.4523205
"655",2014,"SC","C",13,68.71074605,0,17.76551609,17.76551609,86.47626214
"656",2014,"SC","E",1,99.27788402,92.22392911,0,92.22392911,191.5018131
"657",2014,"SC","E",6,53.42717706,9.405273223,2.220689511,11.62596273,65.05313979
"658",2014,"SC","E",9,76.15658735,23.12129667,0,23.12129667,99.27788402
"659",2014,"SC","E",10,68.97200364,4.833265406,25.47261498,30.30588039,99.27788402
"660",2014,"SC","E",14,62.17930631,0,0,0,62.17930631
"661",2014,"SP","A",2,53.16591947,0,71.97646592,71.97646592,125.1423854
"662",2014,"SP","A",5,88.95820924,0,143.1691591,143.1691591,232.1273683
"663",2014,"SP","A",9,164.853539,186.7991765,23.77444065,210.5736172,375.4271562
"664",2014,"SP","A",11,101.1066871,64.39999582,57.21541211,121.6154079,222.7220951
"665",2014,"SP","A",13,81.12048155,283.3338558,29.78336521,313.1172211,394.2377026
"666",2014,"SP","C",3,118.4803169,145.781735,138.8584088,284.6401438,403.1204606
"667",2014,"SP","C",6,51.59837393,34.74725941,15.93671296,50.68397237,102.2823463
"668",2014,"SP","C",7,46.63447973,58.39107126,79.03042083,137.4214921,184.0559718
"669",2014,"SP","C",12,89.61135321,167.0742285,22.59878149,189.67301,279.2843632
"670",2014,"SP","C",15,97.97159607,210.051102,31.22028195,241.2713839,339.24298
"671",2014,"SP","E",1,228.469762,73.80526904,30.56713798,104.372407,332.8421691
"672",2014,"SP","E",4,73.54401145,0,39.05800964,39.05800964,112.6020211
"673",2014,"SP","E",8,64.66125341,0,80.59796637,80.59796637,145.2592198
"674",2014,"SP","E",10,73.67464025,126.3180445,58.26044247,184.578487,258.2531273
"675",2014,"SP","E",14,66.09817015,0,11.62596273,11.62596273,77.72413289
"676",2015,"MX","A",2,114.0389378,76.94036012,38.01297928,114.9533394,228.9922772
"677",2015,"MX","A",6,54.47220742,111.9488771,16.85111452,128.7999916,183.2721991
"678",2015,"MX","A",9,46.11196455,0,9.274644428,9.274644428,55.38660898
"679",2015,"MX","A",12,68.97200364,331.2746235,16.45922814,347.7338517,416.7058553
"680",2015,"MX","A",15,70.14766279,101.3679447,37.4904641,138.8584088,209.0060716
"681",2015,"MX","C",3,104.6336646,25.73387257,27.17078931,52.90466188,157.5383265
"682",2015,"MX","C",5,67.14320051,0,12.01784912,12.01784912,79.16104963
"683",2015,"MX","C",7,94.05273223,25.47261498,86.34563334,111.8182483,205.8709806
"684",2015,"MX","C",10,89.8726108,54.8640938,6.008924559,60.87301836,150.7456292
"685",2015,"MX","C",14,42.19310071,82.55739829,93.13833067,175.695729,217.8888297
"686",2015,"MX","E",1,75.76470096,40.36429758,2.481947101,42.84624468,118.6109456
"687",2015,"MX","E",4,105.8093238,215.798769,8.360242865,224.1590118,329.9683356
"688",2015,"MX","E",8,105.9399526,32.13468351,10.58093238,42.71561589,148.6555684
"689",2015,"MX","E",11,54.21094983,75.50344338,33.83285784,109.3363012,163.547251
"690",2015,"MX","E",13,63.09370787,112.6020211,59.9586168,172.5606379,235.6543458
"691",2015,"SC","A",2,61.13427595,0,6.531439738,6.531439738,67.66571569
"692",2015,"SC","A",4,76.28721614,110.120074,21.16186475,131.2819387,207.5691549
"693",2015,"SC","A",8,29.26085003,0,0,0,29.26085003
"694",2015,"SC","A",12,83.34117106,72.76023868,37.22920651,109.9894452,193.3306163
"695",2015,"SC","A",15,136.3764617,352.3058595,111.4263619,463.7322214,600.1086832
"696",2015,"SC","C",3,24.81947101,37.4904641,1.436916742,38.92738084,63.74685185
"697",2015,"SC","C",5,46.63447973,48.85516924,10.45030358,59.30547282,105.9399526
"698",2015,"SC","C",7,28.60770605,54.73346501,8.49087166,63.22433667,91.83204272
"699",2015,"SC","C",11,50.81460116,0,16.58985694,16.58985694,67.4044581
"700",2015,"SC","C",13,124.3586126,117.9578017,0,117.9578017,242.3164143
"701",2015,"SC","E",1,85.43123178,297.7030233,6.008924559,303.7119478,389.1431796
"702",2015,"SC","E",6,27.82393329,0,0,0,27.82393329
"703",2015,"SC","E",9,41.53995674,131.4125675,1.567545537,132.9801131,174.5200698
"704",2015,"SC","E",10,71.32332194,98.49411125,1.175659153,99.66977041,170.9930923
"705",2015,"SC","E",14,83.34117106,235.1318306,5.225151791,240.3569824,323.6981534
"706",2015,"SP","A",2,69.8864052,0,88.69695165,88.69695165,158.5833568
"707",2015,"SP","A",5,69.29857562,0,70.48729766,70.48729766,139.7858733
"708",2015,"SP","A",9,90.48656613,198.2161332,0,198.2161332,288.7026993
"709",2015,"SP","A",11,94.70587621,93.39958826,60.61176077,154.011349,248.7172252
"710",2015,"SP","A",13,52.5127755,0.522515179,43.10750227,43.63001745,96.14279295
"711",2015,"SP","C",3,68.8675006,18.05289944,0,18.05289944,86.92040004
"712",2015,"SP","C",6,41.80121433,0,9.405273223,9.405273223,51.20648755
"713",2015,"SP","C",7,70.01703399,0,53.03529068,53.03529068,123.0523247
"714",2015,"SP","C",12,39.58052481,31.48153954,27.95456208,59.43610162,99.01662643
"715",2015,"SP","C",15,55.90912416,48.59391165,26.25638775,74.8502994,130.7594236
"716",2015,"SP","E",1,94.57524741,0,50.0308284,50.0308284,144.6060758
"717",2015,"SP","E",4,88.63163725,0,52.47358686,52.47358686,141.1052241
"718",2015,"SP","E",8,74.51066453,0,72.02871743,72.02871743,146.539382
"719",2015,"SP","E",10,148.9429518,121.4455905,49.82182232,171.2674128,320.2103646
"720",2015,"SP","E",14,61.65679113,57.60729849,13.76827497,71.37557346,133.0323646
"721",2016,"MX","A",2,93.26895946,0,0,0,93.26895946
"722",2016,"MX","A",6,49.37768442,13.84665225,0,13.84665225,63.22433667
"723",2016,"MX","A",9,42.4543583,0,24.9500998,24.9500998,67.4044581
"724",2016,"MX","A",12,18.41866006,0,0,0,18.41866006
"725",2016,"MX","A",15,106.4624677,30.95902436,0,30.95902436,137.4214921
"726",2016,"MX","C",3,163.6778798,237.2218913,123.4442111,360.6661024,524.3439822
"727",2016,"MX","C",5,99.931028,4.572007817,41.01744156,45.58944937,145.5204774
"728",2016,"MX","C",7,47.15699491,0,0,0,47.15699491
"729",2016,"MX","C",10,72.23772351,9.405273223,3.00446228,12.4097355,84.64745901
"730",2016,"MX","C",14,118.2190593,125.9261582,76.15658735,202.0827455,320.3018048
"731",2016,"MX","E",1,109.3363012,66.88194292,20.24746319,87.12940611,196.4657073
"732",2016,"MX","E",4,140.2953256,239.8344672,4.963894201,244.7983614,385.093687
"733",2016,"MX","E",8,71.97646592,47.4182525,6.139553354,53.55780585,125.5342718
"734",2016,"MX","E",11,83.73305745,80.98985276,0,80.98985276,164.7229102
"735",2016,"MX","E",13,100.8454296,232.1273683,0,232.1273683,332.9727979
"736",2016,"SC","A",2,32.00405472,0,0,0,32.00405472
"737",2016,"SC","A",4,45.45882058,50.16145719,5.48640938,55.64786657,101.1066871
"738",2016,"SC","A",8,22.33752391,45.19756299,0,45.19756299,67.53508689
"739",2016,"SC","A",12,53.55780585,0,0,0,53.55780585
"740",2016,"SC","A",15,36.05354736,0,21.03123596,21.03123596,57.08478331
"741",2016,"SC","C",3,99.27788402,260.2125592,25.60324377,285.8158029,385.093687
"742",2016,"SC","C",5,62.4405639,0,45.19756299,45.19756299,107.6381269
"743",2016,"SC","C",7,69.10263243,0,40.62555517,40.62555517,109.7281876
"744",2016,"SC","C",11,69.10263243,0,14.36916742,14.36916742,83.47179986
"745",2016,"SC","C",13,45.19756299,239.311952,17.76551609,257.0774681,302.2750311
"746",2016,"SC","E",1,64.922511,81.25111034,0,81.25111034,146.1736213
"747",2016,"SC","E",6,51.85963152,61.00364716,0,61.00364716,112.8632787
"748",2016,"SC","E",9,45.85070696,0,0,0,45.85070696
"749",2016,"SC","E",10,66.75131413,38.14360807,0,38.14360807,104.8949222
"750",2016,"SC","E",14,28.60770605,0,16.58985694,16.58985694,45.19756299
"751",2016,"SP","A",2,70.80080676,0,20.50872078,20.50872078,91.30952754
"752",2016,"SP","A",5,75.11155699,0,58.12981367,58.12981367,133.2413707
"753",2016,"SP","A",9,126.5793021,237.2218913,16.06734176,253.2892331,379.8685352
"754",2016,"SP","A",11,52.64340429,0,0,0,52.64340429
"755",2016,"SP","A",13,101.4985735,42.58498709,0,42.58498709,144.0835606
"756",2016,"SP","C",3,117.3046577,92.61581549,39.9724112,132.5882267,249.8928844
"757",2016,"SP","C",6,117.5659153,19.8555768,33.70222905,53.55780585,171.1237211
"758",2016,"SP","C",7,112.7326499,103.0661191,26.90953172,129.9756508,242.7083007
"759",2016,"SP","C",12,66.88194292,31.22028195,0,31.22028195,98.10222487
"760",2016,"SP","C",15,74.71967061,0,0,0,74.71967061
"761",2016,"SP","E",1,134.1557722,0,0,0,134.1557722
"762",2016,"SP","E",4,44.54441902,0,29.65273641,29.65273641,74.19715543
"763",2016,"SP","E",8,122.2685519,210.4429884,33.31034267,243.753331,366.0218829
"764",2016,"SP","E",10,79.55293601,57.3460409,0,57.3460409,136.8989769
"765",2016,"SP","E",14,161.8490767,211.4880187,0,397.8953089,559.7443856
"766",2017,"MX","A",2,80.61102925,37.30758379,4.676510853,41.98409464,122.5951239
"767",2017,"MX","A",6,63.9036064,0,19.3461245,19.3461245,83.2497309
"768",2017,"MX","A",9,65.77159816,89.62441609,39.43683314,129.0612492,194.8328474
"769",2017,"MX","A",12,27.17078931,117.4744751,5.551723778,123.0261989,150.1969882
"770",2017,"MX","A",15,104.5814131,40.37736046,33.27115403,93.83719472,220.5536571
"771",2017,"MX","C",3,106.5930965,131.3864418,63.34190258,194.7283444,301.3214409
"772",2017,"MX","C",5,115.9069296,10.90750436,0,10.90750436,126.814434
"773",2017,"MX","C",7,72.44672958,61.52616234,42.95074772,104.4769101,176.9236396
"774",2017,"MX","C",10,75.50344338,41.22644763,5.9827988,47.20924643,122.7126898
"775",2017,"MX","C",14,59.97167968,42.97687348,66.60109101,66.60109101,128.8326488
"776",2017,"MX","E",1,114.992528,298.3692301,2.259878149,300.6291083,415.6216363
"777",2017,"MX","E",4,115.3060371,287.6054174,66.43780502,354.0432225,469.3492596
"778",2017,"MX","E",8,269.4610778,775.6084689,11.1308796,786.7393485,1056.200426
"779",2017,"MX","E",11,109.6628732,312.8429006,18.36640854,331.2093091,440.8721823
"780",2017,"MX","E",13,104.0327722,201.9521167,18.3598771,308.1990469,442.6552654
"781",2017,"SC","A",2,22.33752391,0,0,0,22.33752391
"782",2017,"SC","A",4,47.15699491,104.372407,0,104.372407,151.5294019
"783",2017,"SC","A",8,32.00405472,0,10.84218997,10.84218997,42.84624468
"784",2017,"SC","A",12,306.4551525,846.3439613,78.37727686,924.7212382,1231.176391
"785",2017,"SC","A",15,54.60283621,76.28721614,0,76.28721614,130.8900524
"786",2017,"SC","C",3,28.60770605,0,43.10750227,43.10750227,71.71520833
"787",2017,"SC","C",5,46.11196455,155.7095234,12.67099309,168.3805165,214.492481
"788",2017,"SC","C",7,50.81460116,0,36.18417615,36.18417615,86.99877731
"789",2017,"SC","C",11,24.55821342,0,8.22961407,8.22961407,32.78782749
"790",2017,"SC","C",13,68.71074605,90.78701236,1.436916742,92.22392911,160.9346752
"791",2017,"SC","E",1,46.89573732,0,5.225151791,5.225151791,52.12088911
"792",2017,"SC","E",6,52.77403309,65.96754136,0,65.96754136,118.7415744
"793",2017,"SC","E",9,55.12535139,0,38.40486566,38.40486566,93.53021705
"794",2017,"SC","E",10,79.55293601,0,0,0,79.55293601
"795",2017,"SC","E",14,58.78295764,0,85.69248937,85.69248937,144.475447
"796",2017,"SP","A",2,73.41338266,0,63.35496546,63.35496546,136.7683481
"797",2017,"SP","A",5,63.87748064,0,75.76470096,75.76470096,139.6421816
"798",2017,"SP","A",9,78.18133367,0,1.175659153,1.175659153,79.9448224
"799",2017,"SP","A",11,93.39958826,0,0,0,93.39958826
"800",2017,"SP","A",13,72.76023868,26.38701654,9.144015634,35.53103218,108.2912709
"801",2017,"SP","C",3,69.10263243,23.25192547,40.36429758,63.61622305,132.7188555
"802",2017,"SP","C",6,65.70628377,56.30101054,95.48964897,151.7906595,217.4969433
"803",2017,"SP","C",7,50.0308284,15.80608417,14.8916826,30.69776677,80.72859517
"804",2017,"SP","C",12,56.95415452,52.25151791,26.90953172,79.16104963,136.1152041
"805",2017,"SP","C",15,58.26044247,195.5513058,36.44543374,231.9967395,290.257182
"806",2017,"SP","E",1,112.0795059,0,38.53549446,38.53549446,150.6150004
"807",2017,"SP","E",4,50.42271478,0,48.20202527,48.20202527,98.62474005
"808",2017,"SP","E",8,133.2413707,504.2271478,54.9947226,559.2218704,692.4632411
"809",2017,"SP","E",10,238.1362929,693.9001578,30.82839556,724.7285534,962.8648462
"810",2017,"SP","E",14,116.3902561,134.286401,1.436916742,135.7233178,252.1135739
"811",2018,"MX","A",2,57.21541211,67.92697328,0,67.92697328,125.1423854
"812",2018,"MX","A",6,51.59837393,58.12981367,11.23407635,69.36389002,120.962264
"813",2018,"MX","A",9,79.16104963,34.61663061,25.47261498,60.08924559,139.2502952
"814",2018,"MX","A",12,10.31967479,7.184583712,0.391886384,7.576470096,17.89614488
"815",2018,"MX","A",15,79.68356481,49.11642683,26.64827413,75.76470096,155.4482658
"816",2018,"MX","C",3,42.71561589,46.37322214,33.83285784,80.20607999,122.9216959
"817",2018,"MX","C",5,55.38660898,0,85.43123178,85.43123178,140.8178408
"818",2018,"MX","C",7,54.73346501,179.8758504,0,179.8758504,234.6093154
"819",2018,"MX","C",10,73.54401145,108.1606421,27.30141811,135.4620602,209.0060716
"820",2018,"MX","C",14,43.76064625,29.26085003,43.76064625,73.02149627,116.7821425
"821",2018,"MX","E",1,75.11155699,41.27869915,4.310750227,45.58944937,120.7010064
"822",2018,"MX","E",4,98.36348246,219.4563752,3.788235048,223.2446103,321.6080927
"823",2018,"MX","E",8,186.0154037,633.6802834,25.60324377,659.2835272,845.2989309
"824",2018,"MX","E",11,39.18863843,145.128591,23.90506944,169.0336604,208.2222989
"825",2018,"MX","E",13,69.75577641,236.3074897,25.99513016,262.3026199,332.0583963
"826",2018,"SC","A",2,45.19756299,138.72778,3.788235048,142.5160151,187.7135781
"827",2018,"SC","A",4,14.49979622,65.18376859,1.698174332,66.88194292,81.38173914
"828",2018,"SC","A",8,51.72900273,336.3691465,0.914401563,337.2835481,389.0125508
"829",2018,"SC","A",12,121.0928927,5.355780585,19.07180404,24.42758462,145.5204774
"830",2018,"SC","A",15,93.79147464,191.2405555,25.99513016,217.2356857,311.0271603
"831",2018,"SC","C",3,33.17971387,68.44948846,8.621500455,77.07098891,110.2507028
"832",2018,"SC","C",5,26.51764534,110.120074,0.783772769,110.9038468,137.4214921
"833",2018,"SC","C",7,51.99026032,31.08965315,33.83285784,64.922511,116.9127713
"834",2018,"SC","C",11,90.65638357,221.2851783,17.76551609,239.0506944,329.707078
"835",2018,"SC","C",13,59.9586168,137.4214921,6.139553354,143.5610454,203.5196622
"836",2018,"SC","E",1,22.99066788,32.65719869,0,32.65719869,55.64786657
"837",2018,"SC","E",6,16.32859935,0,0,0,16.32859935
"838",2018,"SC","E",9,65.05313979,129.5837644,0,129.5837644,194.6369042
"839",2018,"SC","E",10,51.07585875,49.76957081,9.797159607,59.56673041,110.6425892
"840",2018,"SC","E",14,90.78701236,385.6162022,0,385.6162022,476.4032145
"841",2018,"SP","A",2,52.3821467,0,24.55821342,24.55821342,76.94036012
"842",2018,"SP","A",5,87.52129249,51.99026032,24.55821342,76.54847373,164.0697662
"843",2018,"SP","A",9,53.94969224,0,0,0,53.94969224
"844",2018,"SP","A",11,76.54847373,78.76916324,22.72941029,101.4985735,178.0470473
"845",2018,"SP","A",13,41.80121433,0,0.26125759,0.26125759,42.06247191
"846",2018,"SP","C",3,84.51683021,18.81054645,53.81906344,72.62960989,157.1464401
"847",2018,"SP","C",6,43.89127504,0,63.35496546,63.35496546,107.2462405
"848",2018,"SP","C",7,51.20648755,22.4681527,27.04016052,49.50831322,100.7148008
"849",2018,"SP","C",12,81.77362552,98.10222487,50.55334357,148.6555684,230.429194
"850",2018,"SP","C",15,56.95415452,23.90506944,13.45476586,37.3598353,94.31398982
"851",2018,"SP","E",1,70.01703399,33.44097146,38.27423687,71.71520833,141.7322423
"852",2018,"SP","E",4,37.75172169,0,21.81500873,21.81500873,59.56673041
"853",2018,"SP","E",8,50.81460116,25.0807286,20.50872078,45.58944937,96.40405054
"854",2018,"SP","E",10,153.4888339,63.48559426,0,63.48559426,216.9744281
"855",2018,"SP","E",14,119.9172336,115.214597,5.617038175,120.8316352,240.7488688
"856",2019,"MX","A",2,114.8227106,24.16632703,0,24.16632703,138.9890376
"857",2019,"MX","A",6,109.46693,104.7642934,0,104.7642934,214.2312234
"858",2019,"MX","A",9,109.3363012,109.7281876,42.84624468,152.5744323,261.9107335
"859",2019,"MX","A",12,84.64745901,70.93143556,42.97687348,113.908309,198.555768
"860",2019,"MX","A",15,96.40405054,60.08924559,4.310750227,64.39999582,160.8040464
"861",2019,"MX","C",3,102.9354903,0,0,0,102.9354903
"862",2019,"MX","C",5,78.50790565,35.79228977,7.184583712,42.97687348,121.4847791
"863",2019,"MX","C",7,31.48153954,35.13914579,16.45922814,51.59837393,83.07991347
"864",2019,"MX","C",10,152.3131747,629.6307908,41.67058553,671.3013763,823.614551
"865",2019,"MX","C",14,45.32819178,0,45.32819178,45.32819178,90.65638357
"866",2019,"MX","E",1,137.5521209,39.44989602,0,39.44989602,177.0020169
"867",2019,"MX","E",4,139.380924,106.7237253,0,106.7237253,246.1046493
"868",2019,"MX","E",8,129.3225068,188.4973508,0,188.4973508,317.8198577
"869",2019,"MX","E",11,121.2235215,294.698561,1.828803127,296.5273641,417.7508857
"870",2019,"MX","E",13,120.1784912,305.9326373,3.00446228,308.9370996,429.1155908
"871",2019,"SC","A",2,60.912207,176.6101305,2.325192547,178.9353231,239.8475301
"872",2019,"SC","A",4,77.4628753,243.753331,0,243.753331,321.2162063
"873",2019,"SC","A",8,30.59326373,0,0,0,30.59326373
"874",2019,"SC","A",12,68.58011725,45.58944937,1.358539466,46.94798884,115.5281061
"875",2019,"SC","A",15,68.17516799,41.80121433,4.48056766,46.28178199,114.45695
"876",2019,"SC","C",3,56.43163934,34.61663061,11.12957331,45.74620393,102.1778433
"877",2019,"SC","C",5,30.64551525,61.65679113,0,61.65679113,92.30230638
"878",2019,"SC","C",7,57.75099017,8.386368624,27.53654994,35.92291856,93.67390873
"879",2019,"SC","C",11,89.31090698,703.0441734,10.85525285,709.8042136,831.8768223
"880",2019,"SC","C",13,48.59391165,42.97687348,4.885516924,47.8623904,96.45630206
"881",2019,"SC","E",1,23.44786866,0,0.130628795,0.130628795,23.57849746
"882",2019,"SC","E",6,101.7206425,177.0020169,0,177.0020169,278.7226594
"883",2019,"SC","E",9,46.63447973,99.40851282,0,99.40851282,146.0429925
"884",2019,"SC","E",10,152.7050611,64.922511,0,64.922511,217.6275721
"885",2019,"SC","E",14,83.00153619,196.3350785,0,196.3350785,279.3366147
"886",2019,"SP","A",2,77.07098891,0,38.79675205,38.79675205,115.867741
"887",2019,"SP","A",5,28.73833485,0,19.20243283,19.20243283,47.94076768
"888",2019,"SP","A",9,213.0555643,277.9780753,15.0223114,293.0003867,506.0559509
"889",2019,"SP","A",11,51.72900273,0,5.094522996,5.094522996,56.82352572
"890",2019,"SP","A",13,90.26449718,138.9890376,11.75659153,150.7456292,241.0101263
"891",2019,"SP","C",3,49.50831322,84.38620142,35.13914579,119.5253472,169.0336604
"892",2019,"SP","C",6,74.71967061,232.3886259,35.40040338,267.7890293,342.5086999
"893",2019,"SP","C",7,59.56673041,35.79228977,15.28356899,51.07585875,110.6425892
"894",2019,"SP","C",12,84.38620142,198.0332529,4.963894201,202.9971471,287.3833485
"895",2019,"SP","C",15,88.82758044,235.2624594,0.195943192,235.4584026,324.285983
"896",2019,"SP","E",1,98.75536884,171.1237211,46.24259335,217.3663145,316.1216833
"897",2019,"SP","E",4,103.4580055,377.6478457,0.783772769,378.4316184,481.8896239
"898",2019,"SP","E",8,157.0158113,212.0105339,31.74279713,243.753331,400.7691423
"899",2019,"SP","E",10,229.122906,305.9326373,0,305.9326373,535.0555434
"900",2019,"SP","E",14,103.8498918,0,0,0,103.8498918
"901",2020,"MX","A",2,51.72900273,151.6600307,0,151.6600307,203.3890335
"902",2020,"MX","A",6,79.42230722,141.6016135,11.49533394,153.0969475,232.5192547
"903",2020,"MX","A",9,45.58944937,0,0,0,45.58944937
"904",2020,"MX","A",12,147.8717957,295.351705,2.220689511,297.5723945,445.4441902
"905",2020,"MX","A",15,36.83732012,125.403643,0.26125759,125.6649006,162.5022207
"906",2020,"MX","C",3,105.2868086,0,29.52210762,29.52210762,134.8089162
"907",2020,"MX","C",5,104.2417782,503.5740038,19.33306163,522.9070655,627.1488437
"908",2020,"MX","C",7,27.4320469,8.360242865,10.58093238,18.94117524,46.37322214
"909",2020,"MX","C",10,64.66125341,181.1821383,0.391886384,181.5740247,246.2352781
"910",2020,"MX","C",14,56.95415452,79.03042083,16.32859935,95.35902018,152.3131747
"911",2020,"MX","E",1,161.0653039,118.4803169,40.23366879,158.7139856,319.7792896
"912",2020,"MX","E",4,119.1334608,188.6279796,17.63488729,206.2628669,325.3963278
"913",2020,"MX","E",8,137.4214921,291.6940987,15.15294019,306.8470389,444.268531
"914",2020,"MX","E",11,52.12088911,466.7366837,17.76551609,484.5021998,536.6230889
"915",2020,"MX","E",13,53.42717706,131.5431963,1.045030358,132.5882267,186.0154037
"916",2020,"SC","A",2,9.144015634,0,0,0,9.144015634
"917",2020,"SC","A",4,33.17971387,1.698174332,0.391886384,2.090060716,35.26977459
"918",2020,"SC","A",8,49.76957081,128.1468477,3.526977459,131.6738251,181.4433959
"919",2020,"SC","A",12,180.0064792,470.5249187,3.526977459,474.0518962,654.0583754
"920",2020,"SC","A",15,42.71561589,155.5788946,15.41419778,170.9930923,213.7087082
"921",2020,"SC","C",3,128.0162189,124.750499,8.621500455,133.3719995,261.3882183
"922",2020,"SC","C",5,25.99513016,28.47707726,0,28.47707726,54.47220742
"923",2020,"SC","C",7,43.63001745,0,19.72494801,19.72494801,63.35496546
"924",2020,"SC","C",11,42.71561589,170.2093196,0,170.2093196,212.9249355
"925",2020,"SC","C",13,52.5127755,184.8397446,2.74320469,187.5829493,240.0957248
"926",2020,"SC","E",1,50.29208599,0,0,0,50.29208599
"927",2020,"SC","E",6,50.55334357,12.01784912,0,12.01784912,62.57119269
"928",2020,"SC","E",9,79.42230722,98.36348246,0.914401563,99.27788402,178.7001912
"929",2020,"SC","E",10,91.17889875,222.8527239,0,222.8527239,314.0316226
"930",2020,"SC","E",14,21.94563752,0,0,0,21.94563752
"931",2020,"SP","A",2,34.35537302,0,3.918863843,3.918863843,38.27423687
"932",2020,"SP","A",5,32.00405472,0,22.72941029,22.72941029,54.73346501
"933",2020,"SP","A",9,58.78295764,124.3586126,10.97281876,135.3314314,194.114389
"934",2020,"SP","A",11,43.49938866,0,0,0,43.49938866
"935",2020,"SP","A",13,296.3967353,481.3671087,20.37809198,501.7452007,798.141936
"936",2020,"SP","C",3,21.94563752,35.40040338,0.653143974,36.05354736,57.99918488
"937",2020,"SP","C",6,33.04908508,0,20.50872078,20.50872078,53.55780585
"938",2020,"SP","C",7,23.38255426,0,12.80162189,12.80162189,36.18417615
"939",2020,"SP","C",12,50.55334357,90.52575477,0,90.52575477,141.0790983
"940",2020,"SP","C",15,34.74725941,34.74725941,1.959431921,36.70669133,71.45395074
"941",2020,"SP","E",1,47.28762371,0,3.526977459,3.526977459,50.81460116
"942",2020,"SP","E",4,264.9151958,812.1192171,4.441379022,816.5605961,1081.475792
"943",2020,"SP","E",8,167.5967437,324.8738126,15.28356899,340.1573816,507.7541253
"944",2020,"SP","E",10,160.2815312,0,0,0,160.2815312
"945",2020,"SP","E",14,85.69248937,281.3744239,1.436916742,282.8113407,368.50383
"946",2021,"MX","A",2,96.27342174,263.7395366,6.923326123,270.6628628,366.9362845
"947",2021,"MX","A",6,91.96267152,183.7947142,14.23853863,198.0332529,289.9959244
"948",2021,"MX","A",9,80.20607999,0,35.79228977,35.79228977,115.9983698
"949",2021,"MX","A",12,36.83732012,0,0,0,36.83732012
"950",2021,"MX","A",15,109.5975588,26.90953172,3.918863843,30.82839556,140.4259544
"951",2021,"MX","C",3,102.4129751,142.9079015,11.75659153,154.664493,257.0774681
"952",2021,"MX","C",5,55.77849537,55.90912416,15.0223114,70.93143556,126.7099309
"953",2021,"MX","C",7,78.89979204,0,50.55334357,50.55334357,129.4531356
"954",2021,"MX","C",10,102.1517175,26.38701654,63.60316017,89.99017671,192.1418942
"955",2021,"MX","C",14,113.2551651,51.07585875,65.83691256,116.9127713,230.1679364
"956",2021,"MX","E",1,120.4397488,137.8133785,0,137.8133785,258.2531273
"957",2021,"MX","E",4,93.00770187,73.67464025,2.090060716,75.76470096,168.7724028
"958",2021,"MX","E",8,158.0608417,60.87301836,12.5403643,73.41338266,231.4742243
"959",2021,"MX","E",11,135.2008026,364.3237086,0,364.3237086,499.5245112
"960",2021,"MX","E",13,104.2417782,185.7541462,0,185.7541462,289.9959244
"961",2021,"SC","A",2,67.92697328,133.633257,15.67545537,149.3087124,217.2356857
"962",2021,"SC","A",4,52.5127755,92.22392911,0,92.22392911,144.7367046
"963",2021,"SC","A",8,147.2186517,278.1087041,3.788235048,281.8969391,429.1155908
"964",2021,"SC","A",12,82.03488311,0,0.783772769,0.783772769,82.81865588
"965",2021,"SC","A",15,37.4904641,0,0,0,38.20892247
"966",2021,"SC","C",3,111.6876195,175.5651002,23.51318306,199.0782832,310.7659027
"967",2021,"SC","C",5,44.41379022,0,7.837727686,7.837727686,52.25151791
"968",2021,"SC","C",7,87.65192129,8.49087166,36.83732012,45.32819178,132.9801131
"969",2021,"SC","C",11,56.69289693,0,0,0,56.69289693
"970",2021,"SC","C",13,33.17971387,27.69330449,36.83732012,64.53062461,97.71033849
"971",2021,"SC","E",1,137.2908633,701.8685143,6.270182149,708.1386964,845.4295597
"972",2021,"SC","E",6,105.025551,253.4198618,6.139553354,259.5594152,364.5849662
"973",2021,"SC","E",9,137.2908633,85.82311816,0,85.82311816,223.1139815
"974",2021,"SC","E",10,195.1594194,597.4961073,1.306287948,598.8023952,793.9618146
"975",2021,"SC","E",14,95.22839138,417.0977417,2.481947101,419.5796888,514.8080802
"976",2021,"SP","A",2,59.04421523,0,4.441379022,4.441379022,63.48559426
"977",2021,"SP","A",5,44.67504781,0,100.4535432,100.4535432,145.128591
"978",2021,"SP","A",9,127.4937037,385.7468309,0,385.7468309,513.2405346
"979",2021,"SP","A",11,63.61622305,0,16.06734176,16.06734176,79.68356481
"980",2021,"SP","A",13,218.2807161,477.0563585,12.27910671,489.3354652,707.6161813
"981",2021,"SP","C",3,53.81906344,0,9.274644428,9.274644428,63.09370787
"982",2021,"SP","C",6,37.4904641,29.913994,13.71602345,43.63001745,81.12048155
"983",2021,"SP","C",7,50.94522996,1.436916742,9.797159607,11.23407635,62.17930631
"984",2021,"SP","C",12,67.4044581,6.792697328,11.36470514,18.15740247,85.56186057
"985",2021,"SP","C",15,65.05313979,0,28.99959244,28.99959244,94.05273223
"986",2021,"SP","E",1,107.8993845,30.17525159,44.67504781,74.8502994,182.7496839
"987",2021,"SP","E",4,186.6685477,248.847854,0,248.847854,435.5164018
"988",2021,"SP","E",8,122.7910671,0,2.090060716,2.090060716,124.8811278
"989",2021,"SP","E",10,136.6377193,118.8722032,2.090060716,120.962264,257.5999833
"990",2021,"SP","E",14,164.853539,229.5147924,0,229.5147924,394.3683314
"991",2022,"MX","A",2,76.80973132,0,6.662068533,6.662068533,83.47179986
"992",2022,"MX","A",6,63.22433667,78.11601927,12.5403643,90.65638357,153.8807202
"993",2022,"MX","A",9,137.4214921,296.0048489,18.15740247,314.1622514,451.5837435
"994",2022,"MX","A",12,40.88681276,85.56186057,0,85.56186057,126.4486733
"995",2022,"MX","A",15,88.43569406,0,58.78295764,58.78295764,147.2186517
"996",2022,"MX","C",3,80.72859517,240.7488688,7.053954917,247.8028237,328.5314188
"997",2022,"MX","C",5,89.48072442,24.66271645,60.08924559,84.75196204,174.2326865
"998",2022,"MX","C",7,71.71520833,183.2721991,8.49087166,191.7630707,263.478279
"999",2022,"MX","C",10,79.03042083,0,64.7918822,64.7918822,143.822303
"1000",2022,"MX","C",14,180.3983656,222.8527239,50.68397237,273.5366962,453.9350618
"1001",2022,"MX","E",1,117.6965441,51.85963152,41.14807035,93.00770187,210.704246
"1002",2022,"MX","E",4,143.9529318,137.9440073,5.878295764,143.822303,287.7752349
"1003",2022,"MX","E",8,138.4665225,0,7.184583712,7.184583712,145.6511062
"1004",2022,"MX","E",11,184.0559718,467.5204565,0,467.5204565,651.5764283
"1005",2022,"MX","E",13,180.0064792,642.824299,0,642.824299,822.8307782
"1006",2022,"SC","A",2,44.67504781,91.30952754,0,91.30952754,135.9845754
"1007",2022,"SC","A",4,470.0024036,32.91845628,77.72413289,110.6425892,580.6449927
"1008",2022,"SC","A",8,141.4709847,64.13873823,1.567545537,65.70628377,207.1772685
"1009",2022,"SC","A",12,146.6961365,809.63727,0,809.63727,956.3334065
"1010",2022,"SC","A",15,73.67464025,0,0,0,73.67464025
"1011",2022,"SC","C",3,102.1517175,140.1646968,0,140.1646968,242.3164143
"1012",2022,"SC","C",5,174.6506986,134.939545,8.752129249,143.6916742,318.3423728
"1013",2022,"SC","C",7,91.96267152,243.2308159,13.45476586,256.6855817,348.6482532
"1014",2022,"SC","C",11,77.20161771,140.5565832,0,140.5565832,217.7582009
"1015",2022,"SC","C",13,68.97200364,143.5610454,5.48640938,149.0474548,218.0194585
"1016",2022,"SC","E",1,141.7322423,399.3322256,0,399.3322256,541.0644679
"1017",2022,"SC","E",6,198.555768,90.78701236,0,90.78701236,289.3427804
"1018",2022,"SC","E",9,185.6235174,366.1525117,0,366.1525117,551.7760291
"1019",2022,"SC","E",10,96.66530813,0,0,0,96.66530813
"1020",2022,"SC","E",14,95.48964897,0,0,0,95.48964897
"1021",2022,"SP","A",2,172.1687515,395.0214754,13.06287948,408.0843549,580.2531064
"1022",2022,"SP","A",5,64.00810944,0,27.04016052,27.04016052,91.04826995
"1023",2022,"SP","A",9,98.23285366,57.99918488,3.657606253,61.65679113,159.8896448
"1024",2022,"SP","A",11,154.4032354,671.1707475,53.16591947,724.336667,878.7399024
"1025",2022,"SP","A",13,154.2726066,0,0,0,154.2726066
"1026",2022,"SP","C",3,118.7415744,77.72413289,63.35496546,141.0790983,259.8206728
"1027",2022,"SP","C",6,98.49411125,202.2133743,35.79228977,238.0056641,336.4997753
"1028",2022,"SP","C",7,75.24218579,599.586168,25.21135739,624.7975254,700.0397112
"1029",2022,"SP","C",12,124.6198702,172.4300091,53.03529068,225.4652998,350.08517
"1030",2022,"SP","C",15,102.8048615,157.4076977,0,157.4076977,260.2125592
"1031",2022,"SP","E",1,183.2721991,0,9.274644428,9.274644428,192.5468435
"1032",2022,"SP","E",4,190.7180404,525.5196413,0.653143974,526.1727853,716.8908257
"1033",2022,"SP","E",8,202.2133743,0,0,0,202.2133743
"1034",2022,"SP","E",10,209.6592156,569.4109164,55.25598019,624.6668966,834.3261122
"1035",2022,"SP","E",14,244.5371038,514.938709,2.612575895,526.6953005,771.2324043
"1036",2023,"MX","A",2,67.66571569,376.6028153,0,376.6028153,444.268531
"1037",2023,"MX","A",6,35.79228977,45.85070696,14.10790983,59.9586168,95.75090656
"1038",2023,"MX","A",9,53.68843465,100.7148008,22.4681527,123.1829535,176.8713881
"1039",2023,"MX","A",12,8.621500455,0,0,0,8.621500455
"1040",2023,"MX","A",15,101.7598311,137.4214921,72.89086748,210.3123596,312.0721907
"1041",2023,"MX","C",3,25.73387257,60.21987439,35.92291856,96.14279295,121.8766655
"1042",2023,"MX","C",5,14.49979622,19.8555768,8.621500455,28.47707726,42.97687348
"1043",2023,"MX","C",7,7.837727686,51.99026032,29.52210762,81.51236793,89.35009562
"1044",2023,"MX","C",10,17.5042585,0,0.522515179,0.522515179,18.02677368
"1045",2023,"MX","C",14,48.59391165,84.12494383,0,84.12494383,132.7188555
"1046",2023,"MX","E",1,115.867741,110.5119604,0,110.5119604,226.3797013
"1047",2023,"MX","E",4,82.68802709,107.2462405,16.32859935,123.5748398,206.2628669
"1048",2023,"MX","E",8,67.01257172,215.4068826,1.306287948,216.7131705,283.7257422
"1049",2023,"MX","E",11,12.80162189,0,0,0,12.80162189
"1050",2023,"MX","E",13,94.44461862,192.0243283,13.19350827,205.2178366,299.6624552
"1051",2023,"SC","A",2,7.968356481,0,0,0,7.968356481
"1052",2023,"SC","A",4,21.68437993,1.306287948,0.653143974,1.959431921,23.64381185
"1053",2023,"SC","A",8,17.11237211,0,0,0,17.11237211
"1054",2023,"SC","A",12,50.16145719,24.16632703,8.098985276,32.26531231,82.4267695
"1055",2023,"SC","A",15,28.08519087,14.10790983,11.23407635,25.34198618,53.42717706
"1056",2023,"SC","C",3,11.36470514,69.10263243,3.00446228,72.10709471,83.47179986
"1057",2023,"SC","C",5,18.54928886,26.64827413,2.090060716,28.73833485,47.28762371
"1058",2023,"SC","C",7,50.16145719,84.25557262,10.18904599,94.44461862,144.6060758
"1059",2023,"SC","C",11,39.58052481,39.05800964,0,39.05800964,78.63853445
"1060",2023,"SC","C",13,32.00405472,73.41338266,0,73.41338266,105.4174374
"1061",2023,"SC","E",1,23.64381185,42.4543583,0,42.4543583,66.09817015
"1062",2023,"SC","E",6,30.17525159,0,0,0,30.17525159
"1063",2023,"SC","E",9,34.22474423,112.0795059,0,112.0795059,146.3042501
"1064",2023,"SC","E",10,113.5164227,225.2040422,1.828803127,227.0328453,340.549268
"1065",2023,"SC","E",14,74.58904181,240.8794975,4.180121433,245.059619,319.6486608
"1066",2023,"SP","A",2,100.1922856,0,0,0,100.1922856
"1067",2023,"SP","A",5,7.315212507,0,0,0,7.315212507
"1068",2023,"SP","A",9,60.08924559,93.39958826,0,93.39958826,153.4888339
"1069",2023,"SP","A",11,79.55293601,192.8081011,39.05800964,231.8661107,311.4190467
"1070",2023,"SP","A",13,71.97646592,76.80973132,0,76.80973132,148.7861972
"1071",2023,"SP","C",3,33.70222905,54.34157862,0,54.34157862,88.04380767
"1072",2023,"SP","C",6,38.27423687,445.8360765,0,445.8360765,484.1103134
"1073",2023,"SP","C",7,46.89573732,18.28803127,19.72494801,38.01297928,84.9087166
"1074",2023,"SP","C",12,33.70222905,71.84583712,0,71.84583712,105.5480662
"1075",2023,"SP","C",15,32.91845628,104.8949222,4.310750227,109.2056724,142.1241287
"1076",2023,"SP","E",1,53.55780585,83.34117106,0,83.34117106,136.8989769
"1077",2023,"SP","E",4,76.15658735,56.95415452,0,56.95415452,133.1107419
"1078",2023,"SP","E",8,79.16104963,0,0,0,79.16104963
"1079",2023,"SP","E",10,46.76510853,23.12129667,23.12129667,46.24259335,93.00770187
"1080",2023,"SP","E",14,63.61622305,197.7719953,0,197.7719953,261.3882183
"1081",2024,"MX","A",2,89.4023471381844,2.03780919835721,17.1515607528399,19.1893699511971,108.591717089381
"1082",2024,"MX","A",6,100.231474224326,164.788224597925,23.0559822762851,187.84420687421,288.075681098536
"1083",2024,"MX","A",9,78.5470942930892,148.694757082693,11.3385793857312,160.033336468424,238.580430761514
"1084",2024,"MX","A",12,18.9673010000941,0,0,0,18.9673010000941
"1085",2024,"MX","A",15,123.391959536425,170.953903710903,31.912614561453,202.866518272356,326.25847780878
"1086",2024,"MX","C",3,55.7262438473838,22.4681526998359,7.05395491739035,29.5221076172263,85.24835146461
"1087",2024,"MX","C",5,48.0322078356376,78.3772768598928,12.6709930923493,91.0482699522421,139.08047778788
"1088",2024,"MX","C",7,30.945961480181,241.415075607946,19.0326153974773,260.447691005424,291.393652485605
"1089",2024,"MX","C",10,46.4515994189631,70.5003605354735,52.7217815677545,123.222142103228,169.673741522191
"1090",2024,"MX","C",14,64.6873791683648,65.8369125623099,34.1333040724833,99.9702166347932,164.657595803158
"1091",2024,"MX","E",1,159.445506891975,306.337586606891,52.8262846035677,359.163871210459,518.609378102434
"1092",2024,"MX","E",4,208.379053411502,152.195608782435,26.9617832398031,179.157392022238,387.53644543374
"1093",2024,"MX","E",8,194.427898130441,76.1957759872924,0,76.1957759872924,270.623674117733
"1094",2024,"MX","E",11,21.68829879508,53.6623088900733,0,53.6623088900733,75.3506076851532
"1095",2024,"MX","E",13,76.2219017462457,103.588634249825,0,103.588634249825,179.810535996071
"1096",2024,"SC","A",2,13.9511552810609,0,0,0,13.9511552810609
"1097",2024,"SC","A",4,40.4557377391813,0,0,0,40.4557377391813
"1098",2024,"SC","A",8,55.1253513914579,6.41387382303456,0,6.41387382303456,61.5392252144925
"1099",2024,"SC","A",12,91.2964646622984,1.29322506818823,0,1.29322506818823,92.5896897304867
"1100",2024,"SC","A",15,49.1556154706294,254.438766446165,0,254.438766446165,303.594381916795
"1101",2024,"SC","C",3,61.3432820223427,523.285888955074,0,523.285888955074,584.629170977417
"1102",2024,"SC","C",5,5.19902603170622,190.247776697913,3.50085169974188,193.748628397655,198.947654429361
"1103",2024,"SC","C",7,48.9988609169096,88.7230774053986,41.1350074719671,129.858084877366,178.856945794275
"1104",2024,"SC","C",11,96.6522452477244,371.599732472228,0,371.599732472228,468.251977719953
"1105",2024,"SC","C",13,22.2852723871628,278.578967719012,7.550344337503,286.129312056515,308.414584443678
"1106",2024,"SC","E",1,32.8400790042951,0,0,0,32.8400790042951
"1107",2024,"SC","E",6,78.3511511009395,0,1.24097355028164,1.24097355028164,79.5921246512211
"1108",2024,"SC","E",9,41.3570764230701,61.2649047454829,0,61.2649047454829,102.621981168553
"1109",2024,"SC","E",10,76.8881085995548,170.078690785967,0,170.078690785967,246.966799385522
"1110",2024,"SC","E",14,79.8533822407541,49.2339927474893,0,49.2339927474893,129.087374988243
"1111",2024,"SP","A",2,107.38993217753,8.41249438296182,0,8.41249438296182,115.802426560492
"1112",2024,"SP","A",5,22.1154549539664,0,27.262229467766,27.262229467766,49.3776844217324
"1113",2024,"SP","A",9,120.910012435861,644.339593065178,34.2378071082965,678.577400173475,799.487412609336
"1114",2024,"SP","A",11,96.3256732608082,0,178.974511709565,178.974511709565,275.300184970373
"1115",2024,"SP","A",13,96.4301762966214,0,0,0,96.4301762966214
"1116",2024,"SP","C",3,70.9967499555862,11.6390256136941,28.8950894023471,40.5341150160412,111.530864971627
"1117",2024,"SP","C",6,45.0146826765317,0,34.4076245414929,34.4076245414929,79.4223072180247
"1118",2024,"SP","C",7,37.8823504822815,98.0891619901558,41.5007680973132,139.589930087469,177.472280569751
"1119",2024,"SP","C",12,113.307416580452,0,168.367453574526,168.367453574526,281.674870154978
"1120",2024,"SP","C",15,37.2161436289724,0,33.885109362427,33.885109362427,71.1012529913994
"1121",2024,"SP","E",1,121.96810567347,85.7447408847227,1.86799176516078,87.6127326498835,209.580838323353
"1122",2024,"SP","E",4,230.207125016982,567.294729911904,16.5376054174374,583.832335329341,814.039460346323
"1123",2024,"SP","E",8,130.445914453815,165.193173861701,0,165.193173861701,295.639088315516
"1124",2024,"SP","E",10,197.327857374257,478.114451724823,8.1904254318588,486.304877156681,683.632734530938
"1125",2024,"SP","E",14,137.094920107429,0,181.064572425829,181.064572425829,318.159492533258
"1126",2025,"MX","A",2,110.903846756748,205.740351757219,0,205.740351757219,316.644198513967
"1127",2025,"MX","A",6,95.0977625900032,28.6077060538609,0.391886384299464,28.9995924381603,124.097355028164
"1128",2025,"MX","A",9,78.2466480651263,0,10.972818760385,10.972818760385,89.2194668255113
"1129",2025,"MX","A",12,26.5176453375971,148.263682059964,7.44584130168981,155.709523361654,182.227168699251
"1130",2025,"MX","A",15,102.412975096927,164.461652611008,3.91886384299464,168.380516454003,270.79349155093
"1131",2025,"MX","C",3,74.4584130168981,197.771995276463,11.3647051446845,209.136700421147,283.595113438045
"1132",2025,"MX","C",5,48.2020252688341,66.0981701518429,22.0762663155365,88.1744364673794,136.376461736213
"1133",2025,"MX","C",7,43.7606462467735,99.8003992015968,27.1707893114295,126.971188513026,170.7318347598
"1134",2025,"MX","C",10,38.7967520456469,0,11.234076349918,11.234076349918,50.0308283955649
"1135",2025,"MX","C",14,54.080321033326,15.6754553719786,19.9862055992727,35.6616609712512,89.7419820045772
"1136",2025,"MX","E",1,243.230815855201,221.285178334431,33.8328578445204,255.118036178951,498.348852034152
"1137",2025,"MX","E",4,213.839337032741,108.030013271886,7.5764700964563,115.606483368342,329.445820401083
"1138",2025,"MX","E",8,132.196340303686,4.96389420112654,6.66206853309088,11.6259627342174,143.822303037903
"1139",2025,"MX","E",11,196.596336123564,693.116385030985,0,693.116385030985,889.71272115455
"1140",2025,"MX","E",13,94.8365050004703,366.152511730466,0,366.152511730466,460.989016730936
"1141",2025,"SC","A",2,22.7294102893689,0,0,0,22.7294102893689
"1142",2025,"SC","A",4,32.134683512556,14.7610538086131,0,14.7610538086131,46.8957373211692
"1143",2025,"SC","A",8,33.1797138706879,33.0490850759215,0,33.0490850759215,66.2287989466094
"1144",2025,"SC","A",12,99.4085128172973,103.980520634124,0,103.980520634124,203.389033451422
"1145",2025,"SC","A",15,56.6928969286558,46.1119645525702,0,46.1119645525702,102.804861481226
"1146",2025,"SC","C",3,39.8417824037788,155.056379387821,1.43691674243137,156.493296130253,196.335078534031
"1147",2025,"SC","C",5,15.5448265772121,30.0446227962922,8.09898527552225,38.1436080718145,53.6884346490265
"1148",2025,"SC","C",7,41.4093279409767,134.808916199016,23.7744406475008,158.583356846516,199.992684787493
"1149",2025,"SC","C",11,33.9634866392869,0,1.95943192149732,1.95943192149732,35.9229185607842
"1150",2025,"SC","C",13,52.3821467013617,121.876665517133,4.04949263776113,125.926158154894,178.308304856256
"1151",2025,"SC","E",1,31.6121683334901,73.1521250692333,0,73.1521250692333,104.764293402723
"1152",2025,"SC","E",6,64.3999958198786,0,0,0,64.3999958198786
"1153",2025,"SC","E",9,51.8596315222957,114.953339394509,3.2657198691622,118.219059263672,170.078690785967
"1154",2025,"SC","E",10,174.781327397561,419.318431200426,0,419.318431200426,594.099758597987
"1155",2025,"SC","E",14,71.0620643529694,103.849891839358,0,103.849891839358,174.911956192327
"1156",2025,"SP","A",2,104.633664607957,27.8239332852619,15.806084166745,43.630017452007,148.263682059964
"1157",2025,"SP","A",5,74.4584130168981,0,78.2466480651263,78.2466480651263,152.705061082024
"1158",2025,"SP","A",9,93.6608458475719,55.7784953652904,1.95943192149732,57.7379272867877,151.39877313436
"1159",2025,"SP","A",11,95.0977625900032,152.443803492491,15.6754553719786,168.11925886447,263.217021454473
"1160",2025,"SP","A",13,116.651513726474,43.630017452007,0,43.630017452007,160.281531178481
"1161",2025,"SP","C",3,83.4717998557858,0,52.9046618804276,52.9046618804276,136.376461736213
"1162",2025,"SP","C",6,48.2020252688341,64.0081094355791,10.972818760385,74.9809281959641,123.182953464798
"1163",2025,"SP","C",7,28.4770772590944,14.7610538086131,15.6754553719786,30.4365091805917,58.9135864396861
"1164",2025,"SP","C",12,118.610945647971,392.670157068063,26.9095317218965,419.579688789959,538.19063443793
"1165",2025,"SP","C",15,102.28234630216,341.0717831353,19.3330616254402,360.40484476074,462.6871910629
"1166",2025,"SP","E",1,156.23203854072,346.166306131193,10.972818760385,357.139124891578,513.371163432298
"1167",2025,"SP","E",4,182.488426288784,145.781734959401,4.70263661159357,150.484371570994,332.972797859778
"1168",2025,"SP","E",8,71.3233219425024,3.00446227962922,2.48194710056327,5.48640938019249,76.8097313226949
"1169",2025,"SP","E",10,237.091262501176,398.809710422088,17.3736297039429,416.183340126031,653.274602627206
"1170",2025,"SP","E",14,120.439748774702,375.165898569353,0,375.165898569353,495.605647344055
