Year,Chamber,SC_Count,SC_Total_Mass,SP_Count,SP_Total_Mass,DI_Count,DI_Total_Mass,Other_1_Species,Other_1_Count,Other_1_Mass,Other_2_Species,Other_2_Count,Other_2_Mass
2021,1,3,2.9739,0,0,0,0,None,0,0,None,0,0
2021,2,0,0,12,1.9112,7,0.9352,None,0,0,None,0,0
2021,3,3,1.4618,7,0.9773,8,0.9216,None,0,0,None,0,0
2021,4,2,0.9384,2,0.1844,0,0,None,0,0,None,0,0
2021,5,4,1.8771,2,0.1694,0,0,None,0,0,None,0,0
2021,6,1,0.4463,8,1.0856,13,2.4632,None,0,0,None,0,0
2021,7,4,2.4019,0,0,0,0,None,0,0,None,0,0
2021,8,5,3.8427,3,0.3819,3,0.4414,None,0,0,None,0,0
2021,9,4,3.4869,2,0.3469,2,0.2746,None,0,0,None,0,0
2021,10,2,0.8095,1,0.2417,0,0,None,0,0,None,0,0
2021,11,3,0.8561,10,1.0159,1,0.2076,None,0,0,None,0,0
2021,12,6,3.1376,5,0.7541,2,0.1836,None,0,0,None,0,0
2021,Ref1,6,3.1282,6,0.7711,0,0,None,0,0,None,0,0
2021,Ref2,2,1.1929,15,2.1892,0,0,None,0,0,None,0,0
2021,Ref3,0,0,11,1.5979,0,0,None,0,0,None,0,0
2021,Ref4,2,1.3919,0,0,0,0,None,0,0,None,0,0
2021,Ref5,1,0.5147,2,0.4747,2,0.1605,None,0,0,None,0,0
2021,Ref6,1,1.3429,1,0.0956,0,0,None,0,0,None,0,0
2021,Ref7,1,0.1539,11,1.7434,2,0.2112,None,0,0,None,0,0
2021,Ref8,0,0,11,2.6828,0,0,None,0,0,None,0,0
2021,Ref9,2,1.1703,12,1.6483,2,0.47,None,0,0,None,0,0
2021,Ref10,0,0,2,0.4391,2,0.2784,None,0,0,None,0,0
2021,Ref11,6,2.879,0,0,1,0.0598,None,0,0,None,0,0
2021,Ref12,0,0,1,0.1654,1,0.102,None,0,0,None,0,0
2022,1,7,3.9684,0,0,2,0.2928,None,0,0,None,0,0
2022,2,6,2.7299,21,2.2312,1,0.1029,None,0,0,None,0,0
2022,3,4,1.8609,12,1.5533,5,0.7597,None,0,0,None,0,0
2022,4,6,4.9887,19,2.4251,0,0,None,0,0,None,0,0
2022,5,5,3.6359,26,2.3494,1,0.3551,None,0,0,None,0,0
2022,6,7,4.3363,20,2.625,1,0.046,None,0,0,None,0,0
2022,7,9,5.3911,15,2.1919,2,0.1122,None,0,0,None,0,0
2022,8,4,3.1223,30,4.4951,1,0.1568,None,0,0,None,0,0
2022,9,5,3.3089,11,1.3183,0,0,None,0,0,None,0,0
2022,10,7,5.2088,25,2.3509,0,0,None,0,0,None,0,0
2022,11,2,2.6825,5,1.013,3,0.1995,None,0,0,None,0,0
2022,12,6,4.809,10,1.6986,3,0.6352,None,0,0,None,0,0
2022,Ref1,6,4.2027,8,1.0373,0,0,None,0,0,None,0,0
2022,Ref2,1,0.0667,38,6.7073,2,0.446,None,0,0,None,0,0
2022,Ref3,1,0.2325,17,2.0735,4,0.3889,None,0,0,None,0,0
2022,Ref4,5,4.1009,11,1.4547,3,0.2793,None,0,0,None,0,0
2022,Ref5,8,3.8495,13,2.3241,2,0.425,None,0,0,None,0,0
2022,Ref6,8,3.0484,25,4.8931,5,0.8441,None,0,0,None,0,0
2022,Ref7,6,3.5286,10,1.2864,0,0,None,0,0,None,0,0
2022,Ref8,4,1.9098,35,6.4385,3,0.4736,None,0,0,None,0,0
2022,Ref9,2,1.7345,8,0.8513,2,0.2586,None,0,0,None,0,0
2022,Ref10,2,1.0962,27,2.7353,1,0.1118,None,0,0,None,0,0
2022,Ref11,4,3.9522,6,1.324,4,0.3872,None,0,0,None,0,0
2022,Ref12,5,2.7442,22,2.9445,1,0.3007,None,0,0,None,0,0
2023,1,1,0.2458,1,0.0179,0,0,None,0,0,None,0,0
2023,2,1,0.4165,4,0.5783,1,0.0152,None,0,0,None,0,0
2023,3,1,0.3683,1,0.3361,4,0.7286,None,0,0,None,0,0
2023,4,0,0,1,0.2098,0,0,None,0,0,None,0,0
2023,5,2,0.9381,3,0.2432,0,0,None,0,0,None,0,0
2023,6,0,0,9,1.6253,3,0.6751,None,0,0,None,0,0
2023,7,2,1.4764,1,0.3048,0,0,None,0,0,None,0,0
2023,8,1,1.1306,3,0.2873,1,0.0398,None,0,0,None,0,0
2023,9,1,0.8586,2,0.1015,0,0,None,0,0,None,0,0
2023,10,0,0,6,0.7579,2,0.2,None,0,0,None,0,0
2023,11,0,0,2,0.3024,1,0.0863,None,0,0,None,0,0
2023,12,0,0,1,0.3389,1,0.2799,None,0,0,None,0,0
2023,Ref1,1,0.2192,2,0.3827,1,0.0407,None,0,0,None,0,0
2023,Ref2,1,0.2889,9,0.8466,0,0,None,0,0,None,0,0
2023,Ref3,0,0,3,0.2779,0,0,None,0,0,None,0,0
2023,Ref4,2,1.3467,2,0.2998,0,0,None,0,0,None,0,0
2023,Ref5,0,0,1,0.1809,0,0,None,0,0,None,0,0
2023,Ref6,0,0,1,0.0339,0,0,None,0,0,None,0,0
2023,Ref7,2,1.455,3,0.2167,0,0,None,0,0,None,0,0
2023,Ref8,0,0,8,1.5095,1,0.2833,None,0,0,None,0,0
2023,Ref9,0,0,4,0.7491,0,0,None,0,0,None,0,0
2023,Ref10,0,0,1,0.2202,2,0.3411,None,0,0,None,0,0
2023,Ref11,2,1.3721,3,0.4129,0,0,None,0,0,None,0,0
2023,Ref12,0,0,7,0.8517,0,0,None,0,0,None,0,0
2024,1,2,1.1194,7,1,4,0.6296,None,0,0,None,0,0
2024,2,3,1.6119,28,2.1861,2,0.1246,None,0,0,None,0,0
2024,3,4,1.5959,12,2.4889,1,0.2091,None,0,0,None,0,0
2024,4,1,0.6345,9,1.4908,1,0.1423,None,0,0,None,0,0
2024,5,0,0,25,3.9647,0,0,None,0,0,None,0,0
2024,6,1,0.3964,1,0.0919,3,0.4619,None,0,0,None,0,0
2024,7,4,2.6695,9,1,2,0.65,None,0,0,None,0,0
2024,8,2,2.1416,10,2.502,4,0.5375,None,0,0,None,0,0
2024,9,2,1.676,1,0.2786,1,0.1267,None,0,0,None,0,0
2024,10,2,1.4578,12,1.3714,9,0.895,None,0,0,None,0,0
2024,11,3,2.3015,17,2.9798,2,0.1353,None,0,0,None,0,0
2024,12,3,1.6349,10,1.3618,0,0,None,0,0,None,0,0
2024,Ref1,4,3.0729,0,0,1,0.2884,None,0,0,None,0,0
2024,Ref2,6,3.9869,10,2.1642,0,0,None,0,0,None,0,0
2024,Ref3,5,3.5745,7,0.7101,4,0.9701,None,0,0,None,0,0
2024,Ref4,2,0.9462,3,1,0,0,None,0,0,None,0,0
2024,Ref5,8,5.5757,3,0.4813,0,0,None,0,0,None,0,0
2024,Ref6,3,1.5781,5,0.7701,1,0.1273,None,0,0,None,0,0
2024,Ref7,3,2.2147,12,2.596,2,0.3086,None,0,0,None,0,0
2024,Ref8,3,2.4633,7,1.0132,0,0,None,0,0,None,0,0
2024,Ref9,1,0.9971,2,0.5147,0,0,None,0,0,None,0,0
2024,Ref10,3,1.6457,7,0.7688,1,0.1639,None,0,0,None,0,0
2024,Ref11,3,2.2466,3,1,0,0,None,0,0,None,0,0
2024,Ref12,6,4.6498,0,0,5,0.8226,None,0,0,None,0,0
2025,1,5,3.913,0,0,4,0.563,None,0,0,None,0,0
2025,2,2,0.587,3,0.444,3,0.292,None,0,0,None,0,0
2025,3,8,3.777,2,0.274,5,0.691,None,0,0,None,0,0
2025,4,5,2.767,0,0,0,0,None,0,0,None,0,0
2025,5,4,2.043,11,2.102,1,0.094,None,0,0,None,0,0
2025,6,4,2.93,1,0.442,2,0.697,None,0,0,None,0,0
2025,7,9,5.177,9,1.16,1,0.127,None,0,0,None,0,0
2025,8,6,5.941,16,3.326,2,0.181,None,0,0,None,0,0
2025,9,5,4.462,3,0.581,2,0.421,None,0,0,None,0,0
2025,10,11,5.016,8,0.908,2,0.206,None,0,0,None,0,0
2025,11,4,3.799,1,0.385,0,0,None,0,0,None,0,0
2025,12,5,2.19,0,0,8,1.568,None,0,0,None,0,0
2025,Ref1,11,8.223,13,1.852,5,1.014,None,0,0,None,0,0
2025,Ref2,1,0.235,26,4.401,8,0.214,None,0,0,None,0,0
2025,Ref3,6,4.241,26,3.247,1,0.012,None,0,0,None,0,0
2025,Ref4,5,2.904,16,2.121,2,0.378,None,0,0,None,0,0
2025,Ref5,4,2.218,21,4.242,6,1.625,None,0,0,None,0,0
2025,Ref6,4,4.247,6,1.194,2,0.233,None,0,0,None,0,0
2025,Ref7,6,4.111,22,2.527,0,0,None,0,0,None,0,0
2025,Ref8,2,1.804,30,4.826,1,0.032,None,0,0,None,0,0
2025,Ref9,3,2.664,28,4.254,5,1.033,None,0,0,None,0,0
2025,Ref10,1,1.758,36,3.945,4,0.338,None,0,0,None,0,0
2025,Ref11,2,1.309,10,2.179,3,0.328,None,0,0,None,0,0
2025,Ref12,3,2.104,24,2.873,2,0.032,None,0,0,None,0,0
