"Year","Community","Treatment","Chamber","SCmass_m2","SCdensity_m2"
1987,"MX","A",2,100.9862926,231.9148936
1987,"MX","A",6,73.37517061,180.8510638
1987,"MX","A",9,21.20349678,80.85106383
1987,"MX","A",12,88.99588379,263.8297872
1987,"MX","A",15,77.6338862,225.5319149
1987,"MX","C",3,87.57793318,221.2765957
1987,"MX","C",5,69.22081539,217.0212766
1987,"MX","C",7,90.98468862,276.5957447
1987,"MX","C",10,84.3016183,242.5531915
1987,"MX","C",14,23.08120497,114.893617
1987,"MX","E",1,157.6149685,323.4042553
1987,"MX","E",4,135.8491785,327.6595745
1987,"MX","E",8,140.9153819,355.3191489
1987,"MX","E",11,205.3712243,410.6382979
1987,"MX","E",13,51.12814715,155.3191489
1987,"SC","A",2,591.6335596,678.7234043
1987,"SC","A",4,859.8711492,787.2340426
1987,"SC","A",8,670.1614112,831.9148936
1987,"SC","A",12,444.8918262,702.1276596
1987,"SC","A",15,479.7838321,702.1276596
1987,"SC","C",3,590.6997371,631.9148936
1987,"SC","C",5,587.1876344,814.893617
1987,"SC","C",7,670.6051247,648.9361702
1987,"SC","C",11,525.9127806,761.7021277
1987,"SC","C",13,436.3251916,578.7234043
1987,"SC","E",1,835.7605167,997.8723404
1987,"SC","E",6,701.4162569,963.8297872
1987,"SC","E",9,694.2712857,897.8723404
1987,"SC","E",10,656.0516539,840.4255319
1987,"SC","E",14,533.1660237,772.3404255
1987,"SP","A",2,0,0
1987,"SP","A",5,0,0
1987,"SP","A",9,0,0
1987,"SP","A",11,0,0
1987,"SP","A",13,0,0
1987,"SP","C",3,0,0
1987,"SP","C",6,0,0
1987,"SP","C",7,0,0
1987,"SP","C",12,0,0
1987,"SP","C",15,0,0
1987,"SP","E",1,0,0
1987,"SP","E",4,0,0
1987,"SP","E",8,0,0
1987,"SP","E",10,0,0
1987,"SP","E",14,0,0
1988,"MX","A",2,52.93430615,148.9361702
1988,"MX","A",6,61.51463975,153.1914894
1988,"MX","A",9,4.008855768,19.14893617
1988,"MX","A",12,26.72273611,80.85106383
1988,"MX","A",15,37.53068498,100
1988,"MX","C",3,40.33602201,146.8085106
1988,"MX","C",5,34.99664731,123.4042553
1988,"MX","C",7,39.86071246,127.6595745
1988,"MX","C",10,89.93954443,229.787234
1988,"MX","C",14,7.565899792,31.91489362
1988,"MX","E",1,153.7050236,370.212766
1988,"MX","E",4,131.8353973,308.5106383
1988,"MX","E",8,92.4908115,227.6595745
1988,"MX","E",11,239.0728647,521.2765957
1988,"MX","E",13,74.71518344,189.3617021
1988,"SC","A",2,586.7657182,906.3829787
1988,"SC","A",4,833.0706737,910.6382979
1988,"SC","A",8,586.4308111,791.4893617
1988,"SC","A",12,380.3517438,755.3191489
1988,"SC","A",15,346.9245703,689.3617021
1988,"SC","C",3,586.4751596,736.1702128
1988,"SC","C",5,593.9096924,863.8297872
1988,"SC","C",7,715.0974272,900
1988,"SC","C",11,451.6923969,808.5106383
1988,"SC","C",13,406.0292269,729.787234
1988,"SC","E",1,749.6588521,1102.12766
1988,"SC","E",6,643.3242254,965.9574468
1988,"SC","E",9,676.2861096,1021.276596
1988,"SC","E",10,614.8623901,919.1489362
1988,"SC","E",14,431.6286383,723.4042553
1988,"SP","A",2,0,0
1988,"SP","A",5,0,0
1988,"SP","A",9,0,0
1988,"SP","A",11,0,0
1988,"SP","A",13,0,0
1988,"SP","C",3,0,0
1988,"SP","C",6,0,0
1988,"SP","C",7,0,0
1988,"SP","C",12,0,0
1988,"SP","C",15,0,0
1988,"SP","E",1,0,0
1988,"SP","E",4,0,0
1988,"SP","E",8,0,0
1988,"SP","E",10,0,0
1988,"SP","E",14,0,0
1989,"MX","A",2,125.2114663,168.0851064
1989,"MX","A",6,79.77801207,110.6382979
1989,"MX","A",9,14.32980012,34.04255319
1989,"MX","A",12,62.45970515,117.0212766
1989,"MX","A",15,65.04519581,129.787234
1989,"MX","C",3,68.49938663,127.6595745
1989,"MX","C",5,66.02480195,138.2978723
1989,"MX","C",7,50.92321351,70.21276596
1989,"MX","C",10,111.9693045,148.9361702
1989,"MX","C",14,1.591981258,10.63829787
1989,"MX","E",1,263.6361497,336.1702128
1989,"MX","E",4,201.1786615,261.7021277
1989,"MX","E",8,157.0752372,261.7021277
1989,"MX","E",11,362.3970092,434.0425532
1989,"MX","E",13,110.0168281,197.8723404
1989,"SC","A",2,737.1406587,772.3404255
1989,"SC","A",4,1361.645547,827.6595745
1989,"SC","A",8,1065.895799,721.2765957
1989,"SC","A",12,468.6967671,561.7021277
1989,"SC","A",15,256.6286172,321.2765957
1989,"SC","C",3,1147.479337,793.6170213
1989,"SC","C",5,783.2309642,638.2978723
1989,"SC","C",7,998.9061592,710.6382979
1989,"SC","C",11,250.3530267,225.5319149
1989,"SC","C",13,301.9608668,382.9787234
1989,"SC","E",1,907.5672198,872.3404255
1989,"SC","E",6,782.5579083,717.0212766
1989,"SC","E",9,747.7798949,706.3829787
1989,"SC","E",10,894.0950532,836.1702128
1989,"SC","E",14,395.4639012,485.106383
1989,"SP","A",2,0,0
1989,"SP","A",5,0,0
1989,"SP","A",9,0,0
1989,"SP","A",11,0,0
1989,"SP","A",13,0,0
1989,"SP","C",3,0,0
1989,"SP","C",6,0,0
1989,"SP","C",7,0,0
1989,"SP","C",12,0,0
1989,"SP","C",15,0,0
1989,"SP","E",1,0,0
1989,"SP","E",4,0,0
1989,"SP","E",8,0,0
1989,"SP","E",10,0,0
1989,"SP","E",14,0,0
1990,"MX","A",2,191.3255418,253.1914894
1990,"MX","A",6,107.9661973,170.212766
1990,"MX","A",9,9.017461834,19.14893617
1990,"MX","A",12,28.24563322,63.82978723
1990,"MX","A",15,34.79424626,63.82978723
1990,"MX","C",3,64.03686684,110.6382979
1990,"MX","C",5,55.32163825,108.5106383
1990,"MX","C",7,104.8252597,178.7234043
1990,"MX","C",10,69.35388038,89.36170213
1990,"MX","C",14,0.303563742,2.127659574
1990,"MX","E",1,250.4552658,331.9148936
1990,"MX","E",4,154.8915619,265.9574468
1990,"MX","E",8,60.07634172,108.5106383
1990,"MX","E",11,147.9540276,212.7659574
1990,"MX","E",13,70.23752959,151.0638298
1990,"SC","A",2,844.220859,997.8723404
1990,"SC","A",4,1308.151385,1012.765957
1990,"SC","A",8,590.4512645,634.0425532
1990,"SC","A",12,243.4539983,344.6808511
1990,"SC","A",15,136.7866837,174.4680851
1990,"SC","C",3,1003.63945,819.1489362
1990,"SC","C",5,826.1855455,708.5106383
1990,"SC","C",7,1019.490162,738.2978723
1990,"SC","C",11,326.3332246,319.1489362
1990,"SC","C",13,237.0658682,285.106383
1990,"SC","E",1,896.1883108,1029.787234
1990,"SC","E",6,659.3365468,712.7659574
1990,"SC","E",9,597.7745134,727.6595745
1990,"SC","E",10,587.1678877,738.2978723
1990,"SC","E",14,216.3371852,382.9787234
1990,"SP","A",2,0,0
1990,"SP","A",5,0,0
1990,"SP","A",9,0,0
1990,"SP","A",11,0,0
1990,"SP","A",13,0,0
1990,"SP","C",3,0,0
1990,"SP","C",6,0,0
1990,"SP","C",7,0,0
1990,"SP","C",12,0,0
1990,"SP","C",15,0,0
1990,"SP","E",1,0,0
1990,"SP","E",4,0,0
1990,"SP","E",8,0,0
1990,"SP","E",10,0,0
1990,"SP","E",14,0,0
1991,"MX","A",2,238.4064851,321.2765957
1991,"MX","A",6,252.3939742,342.5531915
1991,"MX","A",9,34.34260435,57.44680851
1991,"MX","A",12,30.35525248,89.36170213
1991,"MX","A",15,73.26861412,170.212766
1991,"MX","C",3,154.4545763,248.9361702
1991,"MX","C",5,175.4453542,317.0212766
1991,"MX","C",7,104.0655658,170.212766
1991,"MX","C",10,106.6019371,202.1276596
1991,"MX","C",14,0.526322839,4.255319149
1991,"MX","E",1,270.3633821,421.2765957
1991,"MX","E",4,144.128665,227.6595745
1991,"MX","E",8,143.5045977,342.5531915
1991,"MX","E",11,226.1268309,419.1489362
1991,"MX","E",13,153.3521931,319.1489362
1991,"SC","A",2,838.2518752,882.9787234
1991,"SC","A",4,946.1958842,682.9787234
1991,"SC","A",8,764.0035077,651.0638298
1991,"SC","A",12,386.1478141,591.4893617
1991,"SC","A",15,320.7940249,438.2978723
1991,"SC","C",3,681.7134251,534.0425532
1991,"SC","C",5,513.769081,508.5106383
1991,"SC","C",7,574.8689408,476.5957447
1991,"SC","C",11,443.4453002,482.9787234
1991,"SC","C",13,363.1098498,478.7234043
1991,"SC","E",1,918.5867189,961.7021277
1991,"SC","E",6,712.1239486,834.0425532
1991,"SC","E",9,682.4337969,697.8723404
1991,"SC","E",10,700.9278234,836.1702128
1991,"SC","E",14,342.4105521,540.4255319
1991,"SP","A",2,0,0
1991,"SP","A",5,0,0
1991,"SP","A",9,0,0
1991,"SP","A",11,0,0
1991,"SP","A",13,0,0
1991,"SP","C",3,0,0
1991,"SP","C",6,0,0
1991,"SP","C",7,0,0
1991,"SP","C",12,0,0
1991,"SP","C",15,0,0
1991,"SP","E",1,0,0
1991,"SP","E",4,0,0
1991,"SP","E",8,0,0
1991,"SP","E",10,0,0
1991,"SP","E",14,0,0
1992,"MX","A",2,207.9980041,376.5957447
1992,"MX","A",6,195.0467898,340.4255319
1992,"MX","A",9,38.42082137,63.82978723
1992,"MX","A",12,23.83654001,89.36170213
1992,"MX","A",15,7.277926281,25.53191489
1992,"MX","C",3,173.3891722,372.3404255
1992,"MX","C",5,161.1010676,355.3191489
1992,"MX","C",7,158.4056217,342.5531915
1992,"MX","C",10,125.6908094,274.4680851
1992,"MX","C",14,0.021924108,4.255319149
1992,"MX","E",1,198.5522998,402.1276596
1992,"MX","E",4,241.398413,434.0425532
1992,"MX","E",8,71.48548689,229.787234
1992,"MX","E",11,182.3990064,408.5106383
1992,"MX","E",13,200.2003928,436.1702128
1992,"SC","A",2,296.6310891,578.7234043
1992,"SC","A",4,551.7907436,610.6382979
1992,"SC","A",8,512.7344249,638.2978723
1992,"SC","A",12,236.9743803,457.4468085
1992,"SC","A",15,174.1408186,312.7659574
1992,"SC","C",3,610.0110291,672.3404255
1992,"SC","C",5,481.8882542,719.1489362
1992,"SC","C",7,604.3459497,740.4255319
1992,"SC","C",11,390.1522887,538.2978723
1992,"SC","C",13,181.6452742,346.8085106
1992,"SC","E",1,508.0951368,814.893617
1992,"SC","E",6,420.7878096,678.7234043
1992,"SC","E",9,522.0459537,787.2340426
1992,"SC","E",10,488.552809,785.106383
1992,"SC","E",14,211.4275103,491.4893617
1992,"SP","A",2,0,0
1992,"SP","A",5,0,0
1992,"SP","A",9,0,0
1992,"SP","A",11,0,0
1992,"SP","A",13,0,0
1992,"SP","C",3,0,0
1992,"SP","C",6,0,0
1992,"SP","C",7,0,0
1992,"SP","C",12,0,0
1992,"SP","C",15,0,0
1992,"SP","E",1,0,0
1992,"SP","E",4,0,0
1992,"SP","E",8,0,0
1992,"SP","E",10,0,0
1992,"SP","E",14,0,0
1993,"MX","A",2,285.9354549,459.5744681
1993,"MX","A",6,239.1241976,397.8723404
1993,"MX","A",9,53.70454196,102.1276596
1993,"MX","A",12,26.97407496,76.59574468
1993,"MX","A",15,122.3101051,236.1702128
1993,"MX","C",3,172.1222392,293.6170213
1993,"MX","C",5,190.9895438,353.1914894
1993,"MX","C",7,193.2249602,395.7446809
1993,"MX","C",10,218.7534067,376.5957447
1993,"MX","C",14,0,0
1993,"MX","E",1,285.34297,551.0638298
1993,"MX","E",4,295.1900036,551.0638298
1993,"MX","E",8,108.390236,270.212766
1993,"MX","E",11,233.0732351,442.5531915
1993,"MX","E",13,173.7015486,340.4255319
1993,"SC","A",2,887.0753301,1110.638298
1993,"SC","A",4,701.0216978,597.8723404
1993,"SC","A",8,724.6594531,621.2765957
1993,"SC","A",12,297.5244113,593.6170213
1993,"SC","A",15,129.8659753,187.2340426
1993,"SC","C",3,1243.791499,882.9787234
1993,"SC","C",5,1067.509089,868.0851064
1993,"SC","C",7,910.9282568,648.9361702
1993,"SC","C",11,574.8213404,514.893617
1993,"SC","C",13,197.2564775,312.7659574
1993,"SC","E",1,965.3643619,1017.021277
1993,"SC","E",6,680.9790513,738.2978723
1993,"SC","E",9,623.806142,787.2340426
1993,"SC","E",10,534.8029532,697.8723404
1993,"SC","E",14,330.4585645,593.6170213
1993,"SP","A",2,0,0
1993,"SP","A",5,0,0
1993,"SP","A",9,0,0
1993,"SP","A",11,0,0
1993,"SP","A",13,0,0
1993,"SP","C",3,0,0
1993,"SP","C",6,0,0
1993,"SP","C",7,0,0
1993,"SP","C",12,0,0
1993,"SP","C",15,0,0
1993,"SP","E",1,0,0
1993,"SP","E",4,0,0
1993,"SP","E",8,0,0
1993,"SP","E",10,0,0
1993,"SP","E",14,0,0
1994,"MX","A",2,362.308752,578.7234043
1994,"MX","A",6,298.1772735,474.4680851
1994,"MX","A",9,73.84921736,178.7234043
1994,"MX","A",12,33.2571145,95.74468085
1994,"MX","A",15,218.8044593,368.0851064
1994,"MX","C",3,132.2365853,278.7234043
1994,"MX","C",5,117.3823452,208.5106383
1994,"MX","C",7,141.792246,287.2340426
1994,"MX","C",10,161.4107191,244.6808511
1994,"MX","C",14,8.738069635,21.27659574
1994,"MX","E",1,307.836585,585.106383
1994,"MX","E",4,381.101785,595.7446809
1994,"MX","E",8,235.3481834,444.6808511
1994,"MX","E",11,362.4038255,568.0851064
1994,"MX","E",13,232.4031783,497.8723404
1994,"SC","A",2,1055.08266,1142.553191
1994,"SC","A",4,1205.244453,836.1702128
1994,"SC","A",8,799.5705318,674.4680851
1994,"SC","A",12,277.8255729,491.4893617
1994,"SC","A",15,250.8327975,351.0638298
1994,"SC","C",3,1109.035588,878.7234043
1994,"SC","C",5,926.2133522,855.3191489
1994,"SC","C",7,501.390804,389.3617021
1994,"SC","C",11,521.0643357,542.5531915
1994,"SC","C",13,342.8454862,472.3404255
1994,"SC","E",1,951.1968438,923.4042553
1994,"SC","E",6,758.6047486,919.1489362
1994,"SC","E",9,770.8472622,897.8723404
1994,"SC","E",10,765.7401703,1008.510638
1994,"SC","E",14,448.114834,697.8723404
1994,"SP","A",2,0,0
1994,"SP","A",5,0,0
1994,"SP","A",9,0,0
1994,"SP","A",11,0,0
1994,"SP","A",13,0,0
1994,"SP","C",3,0,0
1994,"SP","C",6,0,0
1994,"SP","C",7,0,0
1994,"SP","C",12,0,0
1994,"SP","C",15,0,0
1994,"SP","E",1,0,0
1994,"SP","E",4,0,0
1994,"SP","E",8,0,0
1994,"SP","E",10,0,0
1994,"SP","E",14,0,0
1995,"MX","A",2,224.8148787,414.893617
1995,"MX","A",6,200.6643858,372.3404255
1995,"MX","A",9,47.20772753,112.7659574
1995,"MX","A",12,23.26311015,85.10638298
1995,"MX","A",15,154.6310337,268.0851064
1995,"MX","C",3,117.1473068,261.7021277
1995,"MX","C",5,77.50423637,234.0425532
1995,"MX","C",7,71.47561088,172.3404255
1995,"MX","C",10,69.77968802,161.7021277
1995,"MX","C",14,17.31895718,51.06382979
1995,"MX","E",1,246.5298086,527.6595745
1995,"MX","E",4,193.9961997,368.0851064
1995,"MX","E",8,108.4409557,191.4893617
1995,"MX","E",11,175.844334,368.0851064
1995,"MX","E",13,167.6188163,402.1276596
1995,"SC","A",2,408.1845804,589.3617021
1995,"SC","A",4,417.8837548,419.1489362
1995,"SC","A",8,365.3408433,387.2340426
1995,"SC","A",12,116.2901177,206.3829787
1995,"SC","A",15,101.6070935,161.7021277
1995,"SC","C",3,663.7518628,678.7234043
1995,"SC","C",5,509.3999131,612.7659574
1995,"SC","C",7,508.0240612,561.7021277
1995,"SC","C",11,217.7148368,306.3829787
1995,"SC","C",13,90.11616465,170.212766
1995,"SC","E",1,490.9999635,648.9361702
1995,"SC","E",6,438.558519,661.7021277
1995,"SC","E",9,399.4202101,604.2553191
1995,"SC","E",10,414.3381465,600
1995,"SC","E",14,238.052802,434.0425532
1995,"SP","A",2,0,0
1995,"SP","A",5,0,0
1995,"SP","A",9,0,0
1995,"SP","A",11,0,0
1995,"SP","A",13,0,0
1995,"SP","C",3,0,0
1995,"SP","C",6,0,0
1995,"SP","C",7,0,0
1995,"SP","C",12,0,0
1995,"SP","C",15,0,0
1995,"SP","E",1,0,0
1995,"SP","E",4,0,0
1995,"SP","E",8,0,0
1995,"SP","E",10,0,0
1995,"SP","E",14,0,0
1996,"MX","A",2,491.1373298,710.6382979
1996,"MX","A",6,438.3031805,572.3404255
1996,"MX","A",9,268.0346611,395.7446809
1996,"MX","A",12,121.0998779,238.2978723
1996,"MX","A",15,244.1219453,342.5531915
1996,"MX","C",3,202.7961666,374.4680851
1996,"MX","C",5,186.1065213,406.3829787
1996,"MX","C",7,123.210013,319.1489362
1996,"MX","C",10,266.1265615,429.787234
1996,"MX","C",14,84.88157161,185.106383
1996,"MX","E",1,430.9653906,704.2553191
1996,"MX","E",4,581.3730286,846.8085106
1996,"MX","E",8,268.0794809,497.8723404
1996,"MX","E",11,509.0514653,751.0638298
1996,"MX","E",13,448.8808838,793.6170213
1996,"SC","A",2,826.8979167,989.3617021
1996,"SC","A",4,902.2206321,814.893617
1996,"SC","A",8,622.5713777,627.6595745
1996,"SC","A",12,323.1504809,559.5744681
1996,"SC","A",15,211.6511091,346.8085106
1996,"SC","C",3,961.2532316,929.787234
1996,"SC","C",5,917.5197543,1059.574468
1996,"SC","C",7,1389.903986,1087.234043
1996,"SC","C",11,560.3243237,821.2765957
1996,"SC","C",13,254.01438,459.5744681
1996,"SC","E",1,825.0914242,1055.319149
1996,"SC","E",6,716.0759967,978.7234043
1996,"SC","E",9,658.4341517,817.0212766
1996,"SC","E",10,734.2077728,1061.702128
1996,"SC","E",14,629.4380202,1031.914894
1996,"SP","A",2,0,0
1996,"SP","A",5,0,0
1996,"SP","A",9,0,0
1996,"SP","A",11,0,0
1996,"SP","A",13,0,0
1996,"SP","C",3,0,0
1996,"SP","C",6,0,0
1996,"SP","C",7,0,0
1996,"SP","C",12,0,0
1996,"SP","C",15,0,0
1996,"SP","E",1,0,0
1996,"SP","E",4,0,0
1996,"SP","E",8,0,0
1996,"SP","E",10,0,0
1996,"SP","E",14,0,0
1997,"MX","A",2,365.1067884,727.6595745
1997,"MX","A",6,321.6340991,563.8297872
1997,"MX","A",9,245.9420665,431.9148936
1997,"MX","A",12,168.9370749,393.6170213
1997,"MX","A",15,247.5085363,378.7234043
1997,"MX","C",3,220.7320976,365.9574468
1997,"MX","C",5,109.3542374,261.7021277
1997,"MX","C",7,120.7051225,293.6170213
1997,"MX","C",10,226.7393658,376.5957447
1997,"MX","C",14,83.06468186,174.4680851
1997,"MX","E",1,372.3093639,714.893617
1997,"MX","E",4,381.7610957,617.0212766
1997,"MX","E",8,155.8205337,353.1914894
1997,"MX","E",11,350.9275255,676.5957447
1997,"MX","E",13,299.889022,736.1702128
1997,"SC","A",2,437.3291989,644.6808511
1997,"SC","A",4,791.8774736,736.1702128
1997,"SC","A",8,532.610725,559.5744681
1997,"SC","A",12,170.5334879,321.2765957
1997,"SC","A",15,149.4143518,229.787234
1997,"SC","C",3,1098.247488,1027.659574
1997,"SC","C",5,807.537434,840.4255319
1997,"SC","C",7,991.7143909,878.7234043
1997,"SC","C",11,270.1198371,340.4255319
1997,"SC","C",13,122.0547582,219.1489362
1997,"SC","E",1,651.956527,876.5957447
1997,"SC","E",6,411.1071545,631.9148936
1997,"SC","E",9,540.8765617,768.0851064
1997,"SC","E",10,706.3112462,1017.021277
1997,"SC","E",14,515.5272651,927.6595745
1997,"SP","A",2,0,0
1997,"SP","A",5,0,0
1997,"SP","A",9,0,0
1997,"SP","A",11,0,0
1997,"SP","A",13,0,0
1997,"SP","C",3,0,0
1997,"SP","C",6,0,0
1997,"SP","C",7,0,0
1997,"SP","C",12,0,0
1997,"SP","C",15,0,0
1997,"SP","E",1,0,0
1997,"SP","E",4,0,0
1997,"SP","E",8,0,0
1997,"SP","E",10,0,0
1997,"SP","E",14,0,0
1998,"MX","A",2,401.6651985,521.2765957
1998,"MX","A",6,405.3593632,480.8510638
1998,"MX","A",9,268.8084808,402.1276596
1998,"MX","A",12,269.9017415,442.5531915
1998,"MX","A",15,252.401869,287.2340426
1998,"MX","C",3,266.7497415,357.4468085
1998,"MX","C",5,164.0660682,276.5957447
1998,"MX","C",7,172.0238828,272.3404255
1998,"MX","C",10,196.3113906,255.3191489
1998,"MX","C",14,185.0363201,270.212766
1998,"MX","E",1,357.0381957,595.7446809
1998,"MX","E",4,425.4168265,623.4042553
1998,"MX","E",8,169.0126169,274.4680851
1998,"MX","E",11,232.4816226,355.3191489
1998,"MX","E",13,202.803611,393.6170213
1998,"SC","A",2,580.8321812,572.3404255
1998,"SC","A",4,862.2423441,600
1998,"SC","A",8,493.4541711,412.7659574
1998,"SC","A",12,133.4033392,168.0851064
1998,"SC","A",15,125.0137077,148.9361702
1998,"SC","C",3,902.7476103,676.5957447
1998,"SC","C",5,588.7479595,495.7446809
1998,"SC","C",7,880.3512171,629.787234
1998,"SC","C",11,402.1574192,355.3191489
1998,"SC","C",13,174.3190419,189.3617021
1998,"SC","E",1,789.1092988,861.7021277
1998,"SC","E",6,516.3864742,621.2765957
1998,"SC","E",9,570.6831659,621.2765957
1998,"SC","E",10,566.7233034,734.0425532
1998,"SC","E",14,455.9495388,691.4893617
1998,"SP","A",2,0,0
1998,"SP","A",5,0,0
1998,"SP","A",9,0,0
1998,"SP","A",11,0,0
1998,"SP","A",13,0,0
1998,"SP","C",3,0,0
1998,"SP","C",6,0,0
1998,"SP","C",7,0,0
1998,"SP","C",12,0,0
1998,"SP","C",15,0,0
1998,"SP","E",1,0,0
1998,"SP","E",4,0,0
1998,"SP","E",8,0,0
1998,"SP","E",10,0,0
1998,"SP","E",14,0,0
1999,"MX","A",2,197.5012425,506.3829787
1999,"MX","A",6,190.9889021,372.3404255
1999,"MX","A",9,137.6596712,329.787234
1999,"MX","A",12,158.1128315,436.1702128
1999,"MX","A",15,181.498019,321.2765957
1999,"MX","C",3,119.6156373,238.2978723
1999,"MX","C",5,112.0942251,257.4468085
1999,"MX","C",7,109.3103602,319.1489362
1999,"MX","C",10,117.9734976,263.8297872
1999,"MX","C",14,109.0112191,272.3404255
1999,"MX","E",1,218.2716654,474.4680851
1999,"MX","E",4,208.1983265,468.0851064
1999,"MX","E",8,125.2522244,380.8510638
1999,"MX","E",11,232.2320576,559.5744681
1999,"MX","E",13,252.4912694,689.3617021
1999,"SC","A",2,340.8170507,536.1702128
1999,"SC","A",4,462.5947704,487.2340426
1999,"SC","A",8,190.686127,272.3404255
1999,"SC","A",12,45.80111541,97.87234043
1999,"SC","A",15,59.34160769,114.893617
1999,"SC","C",3,506.4504698,519.1489362
1999,"SC","C",5,220.4985386,287.2340426
1999,"SC","C",7,334.6754314,393.6170213
1999,"SC","C",11,232.8005886,340.4255319
1999,"SC","C",13,67.35155422,121.2765957
1999,"SC","E",1,521.4416009,823.4042553
1999,"SC","E",6,331.7368525,642.5531915
1999,"SC","E",9,298.9067912,536.1702128
1999,"SC","E",10,286.8583241,551.0638298
1999,"SC","E",14,243.3448945,495.7446809
1999,"SP","A",2,0,0
1999,"SP","A",5,0,0
1999,"SP","A",9,0,0
1999,"SP","A",11,0,0
1999,"SP","A",13,0,0
1999,"SP","C",3,0,0
1999,"SP","C",6,0,0
1999,"SP","C",7,0,0
1999,"SP","C",12,0,0
1999,"SP","C",15,0,0
1999,"SP","E",1,0,0
1999,"SP","E",4,0,0
1999,"SP","E",8,0,0
1999,"SP","E",10,0,0
1999,"SP","E",14,0,0
2000,"MX","A",2,399.7016649,570.212766
2000,"MX","A",6,224.2401562,291.4893617
2000,"MX","A",9,189.6637933,338.2978723
2000,"MX","A",12,290.0073789,538.2978723
2000,"MX","A",15,176.347076,317.0212766
2000,"MX","C",3,275.3618853,402.1276596
2000,"MX","C",5,208.6031067,359.5744681
2000,"MX","C",7,150.8157267,423.4042553
2000,"MX","C",10,195.909069,410.6382979
2000,"MX","C",14,136.7754655,246.8085106
2000,"MX","E",1,291.7067651,463.8297872
2000,"MX","E",4,245.379559,406.3829787
2000,"MX","E",8,207.1412804,400
2000,"MX","E",11,299.1846965,542.5531915
2000,"MX","E",13,203.0350881,385.106383
2000,"SC","A",2,405.7760386,425.5319149
2000,"SC","A",4,1118.131212,844.6808511
2000,"SC","A",8,549.2444699,512.7659574
2000,"SC","A",12,17.01153823,29.78723404
2000,"SC","A",15,78.63549337,110.6382979
2000,"SC","C",3,520.7891477,419.1489362
2000,"SC","C",5,314.4131109,348.9361702
2000,"SC","C",7,753.0506141,631.9148936
2000,"SC","C",11,287.5962028,308.5106383
2000,"SC","C",13,74.43402729,114.893617
2000,"SC","E",1,600.9385648,646.8085106
2000,"SC","E",6,569.1913401,676.5957447
2000,"SC","E",9,605.0692865,770.212766
2000,"SC","E",10,572.9022476,872.3404255
2000,"SC","E",14,290.9978914,455.3191489
2000,"SP","A",2,0,0
2000,"SP","A",5,0,0
2000,"SP","A",9,0,0
2000,"SP","A",11,0,0
2000,"SP","A",13,0,0
2000,"SP","C",3,0,0
2000,"SP","C",6,0,0
2000,"SP","C",7,0,0
2000,"SP","C",12,0,0
2000,"SP","C",15,0,0
2000,"SP","E",1,0,0
2000,"SP","E",4,0,0
2000,"SP","E",8,0,0
2000,"SP","E",10,0,0
2000,"SP","E",14,0,0
2001,"MX","A",2,313.566898,663.8297872
2001,"MX","A",6,306.890699,502.1276596
2001,"MX","A",9,143.2652035,380.8510638
2001,"MX","A",12,229.7864921,585.106383
2001,"MX","A",15,230.3766884,436.1702128
2001,"MX","C",3,195.9362374,408.5106383
2001,"MX","C",5,136.4218587,297.8723404
2001,"MX","C",7,129.1399801,380.8510638
2001,"MX","C",10,204.8202603,421.2765957
2001,"MX","C",14,142.5046415,336.1702128
2001,"MX","E",1,260.1799992,665.9574468
2001,"MX","E",4,349.5204548,763.8297872
2001,"MX","E",8,131.4016793,412.7659574
2001,"MX","E",11,312.1464713,746.8085106
2001,"MX","E",13,241.2879227,744.6808511
2001,"SC","A",2,437.5713246,604.2553191
2001,"SC","A",4,740.6640238,691.4893617
2001,"SC","A",8,522.2953332,534.0425532
2001,"SC","A",12,28.66450394,74.46808511
2001,"SC","A",15,85.5814283,191.4893617
2001,"SC","C",3,412.4909678,436.1702128
2001,"SC","C",5,357.5159896,497.8723404
2001,"SC","C",7,423.4109495,463.8297872
2001,"SC","C",11,182.1430762,236.1702128
2001,"SC","C",13,107.6737182,136.1702128
2001,"SC","E",1,568.5896943,829.787234
2001,"SC","E",6,538.3391898,825.5319149
2001,"SC","E",9,569.9276655,855.3191489
2001,"SC","E",10,416.9278695,748.9361702
2001,"SC","E",14,275.0042093,606.3829787
2001,"SP","A",2,0,0
2001,"SP","A",5,0,0
2001,"SP","A",9,0,0
2001,"SP","A",11,0,0
2001,"SP","A",13,0,0
2001,"SP","C",3,0,0
2001,"SP","C",6,0,0
2001,"SP","C",7,0,0
2001,"SP","C",12,0,0
2001,"SP","C",15,0,0
2001,"SP","E",1,0,0
2001,"SP","E",4,0,0
2001,"SP","E",8,0,0
2001,"SP","E",10,0,0
2001,"SP","E",14,0,0
2002,"MX","A",2,140.3365176,387.2340426
2002,"MX","A",6,164.0072045,359.5744681
2002,"MX","A",9,42.14046422,163.8297872
2002,"MX","A",12,209.0867204,587.2340426
2002,"MX","A",15,157.1251263,408.5106383
2002,"MX","C",3,114.1521922,272.3404255
2002,"MX","C",5,80.83480399,206.3829787
2002,"MX","C",7,52.43407036,210.6382979
2002,"MX","C",10,111.4614101,280.8510638
2002,"MX","C",14,124.6090565,327.6595745
2002,"MX","E",1,83.98159975,268.0851064
2002,"MX","E",4,252.5296805,621.2765957
2002,"MX","E",8,68.73534853,319.1489362
2002,"MX","E",11,212.9873357,663.8297872
2002,"MX","E",13,146.6046556,568.0851064
2002,"SC","A",2,222.28387,485.106383
2002,"SC","A",4,365.7748705,576.5957447
2002,"SC","A",8,183.4619831,314.893617
2002,"SC","A",12,10.74973258,40.42553191
2002,"SC","A",15,58.69269893,146.8085106
2002,"SC","C",3,228.8657671,342.5531915
2002,"SC","C",5,211.3862878,387.2340426
2002,"SC","C",7,219.5933188,310.6382979
2002,"SC","C",11,81.74836148,159.5744681
2002,"SC","C",13,50.24327376,102.1276596
2002,"SC","E",1,299.3903588,695.7446809
2002,"SC","E",6,340.4421145,831.9148936
2002,"SC","E",9,238.8473192,555.3191489
2002,"SC","E",10,227.6682505,519.1489362
2002,"SC","E",14,193.5963995,568.0851064
2002,"SP","A",2,0,0
2002,"SP","A",5,0,0
2002,"SP","A",9,0,0
2002,"SP","A",11,0,0
2002,"SP","A",13,0,0
2002,"SP","C",3,0,0
2002,"SP","C",6,0,0
2002,"SP","C",7,0,0
2002,"SP","C",12,0,0
2002,"SP","C",15,14.74128925,80.85106383
2002,"SP","E",1,29.44307345,61.70212766
2002,"SP","E",4,0,0
2002,"SP","E",8,0,0
2002,"SP","E",10,0,0
2002,"SP","E",14,0,0
2003,"MX","A",2,212.8070589,406.3829787
2003,"MX","A",6,334.5918281,623.4042553
2003,"MX","A",9,326.0097957,672.3404255
2003,"MX","A",12,489.8331439,944.6808511
2003,"MX","A",15,354.9518783,606.3829787
2003,"MX","C",3,277.2970516,512.7659574
2003,"MX","C",5,222.2074024,440.4255319
2003,"MX","C",7,124.7833117,319.1489362
2003,"MX","C",10,203.7658252,323.4042553
2003,"MX","C",14,203.5698146,408.5106383
2003,"MX","E",1,319.9922383,668.0851064
2003,"MX","E",4,513.3295407,1012.765957
2003,"MX","E",8,118.8338213,472.3404255
2003,"MX","E",11,454.6467584,953.1914894
2003,"MX","E",13,391.020437,904.2553191
2003,"SC","A",2,603.8493025,889.3617021
2003,"SC","A",4,946.3754557,944.6808511
2003,"SC","A",8,612.6121623,604.2553191
2003,"SC","A",12,9.465523285,27.65957447
2003,"SC","A",15,208.9288193,374.4680851
2003,"SC","C",3,518.8215656,576.5957447
2003,"SC","C",5,420.1985978,604.2553191
2003,"SC","C",7,671.4187945,574.4680851
2003,"SC","C",11,223.4133615,348.9361702
2003,"SC","C",13,100.7684222,165.9574468
2003,"SC","E",1,602.3749491,931.9148936
2003,"SC","E",6,1104.728219,1591.489362
2003,"SC","E",9,938.8958699,1529.787234
2003,"SC","E",10,581.0994509,1142.553191
2003,"SC","E",14,722.9900013,1282.978723
2003,"SP","A",2,0,0
2003,"SP","A",5,0,0
2003,"SP","A",9,6.497472589,19.14893617
2003,"SP","A",11,0,0
2003,"SP","A",13,0,0
2003,"SP","C",3,0,0
2003,"SP","C",6,13.4609057,19.14893617
2003,"SP","C",7,0,0
2003,"SP","C",12,0.962115527,4.255319149
2003,"SP","C",15,0,0
2003,"SP","E",1,150.746255,261.7021277
2003,"SP","E",4,0,0
2003,"SP","E",8,0,0
2003,"SP","E",10,0,0
2003,"SP","E",14,0,0
2004,"MX","A",2,327.3086464,631.9148936
2004,"MX","A",6,249.3284143,425.5319149
2004,"MX","A",9,326.0504436,651.0638298
2004,"MX","A",12,510.1212423,965.9574468
2004,"MX","A",15,267.1030274,546.8085106
2004,"MX","C",3,NA,NA
2004,"MX","C",5,254.8504439,387.2340426
2004,"MX","C",7,135.3282139,314.893617
2004,"MX","C",10,204.4635399,370.212766
2004,"MX","C",14,214.1824405,427.6595745
2004,"MX","E",1,451.1163298,804.2553191
2004,"MX","E",4,445.7997047,876.5957447
2004,"MX","E",8,163.1684976,534.0425532
2004,"MX","E",11,398.375077,825.5319149
2004,"MX","E",13,319.4385121,789.3617021
2004,"SC","A",2,569.0310905,812.7659574
2004,"SC","A",4,1046.278104,923.4042553
2004,"SC","A",8,601.8652885,631.9148936
2004,"SC","A",12,20.16711801,42.55319149
2004,"SC","A",15,213.3350874,376.5957447
2004,"SC","C",3,395.6908945,425.5319149
2004,"SC","C",5,NA,NA
2004,"SC","C",7,740.6483,687.2340426
2004,"SC","C",11,266.7242008,342.5531915
2004,"SC","C",13,117.628457,161.7021277
2004,"SC","E",1,627.7086279,1008.510638
2004,"SC","E",6,667.6698162,965.9574468
2004,"SC","E",9,507.600266,810.6382979
2004,"SC","E",10,373.3714867,608.5106383
2004,"SC","E",14,539.4482177,978.7234043
2004,"SP","A",2,0,0
2004,"SP","A",5,0,0
2004,"SP","A",9,23.77747471,53.19148936
2004,"SP","A",11,0,0
2004,"SP","A",13,0,0
2004,"SP","C",3,9.495706093,25.53191489
2004,"SP","C",6,12.93865835,25.53191489
2004,"SP","C",7,1.346366552,2.127659574
2004,"SP","C",12,0,0
2004,"SP","C",15,0,0
2004,"SP","E",1,194.8027983,336.1702128
2004,"SP","E",4,0,0
2004,"SP","E",8,0,0
2004,"SP","E",10,0,0
2004,"SP","E",14,0,0
2005,"MX","A",2,364.3291972,740.4255319
2005,"MX","A",6,309.9138969,523.4042553
2005,"MX","A",9,338.3097124,744.6808511
2005,"MX","A",12,534.483088,1125.531915
2005,"MX","A",15,263.8030914,525.5319149
2005,"MX","C",3,303.2272163,563.8297872
2005,"MX","C",5,327.1546711,563.8297872
2005,"MX","C",7,154.8784206,331.9148936
2005,"MX","C",10,510.4639584,804.2553191
2005,"MX","C",14,243.8111475,519.1489362
2005,"MX","E",1,510.054504,1078.723404
2005,"MX","E",4,384.7365946,972.3404255
2005,"MX","E",8,234.3671916,727.6595745
2005,"MX","E",11,540.9459526,1121.276596
2005,"MX","E",13,321.164462,923.4042553
2005,"SC","A",2,715.6426733,931.9148936
2005,"SC","A",4,931.0155676,882.9787234
2005,"SC","A",8,651.7171636,695.7446809
2005,"SC","A",12,25.69417264,46.80851064
2005,"SC","A",15,298.2784313,461.7021277
2005,"SC","C",3,439.5154381,510.6382979
2005,"SC","C",5,281.11605,389.3617021
2005,"SC","C",7,768.6741738,717.0212766
2005,"SC","C",11,319.0632359,421.2765957
2005,"SC","C",13,309.6463322,380.8510638
2005,"SC","E",1,737.6475192,1242.553191
2005,"SC","E",6,776.0656194,1270.212766
2005,"SC","E",9,634.5400892,1070.212766
2005,"SC","E",10,604.1403792,1031.914894
2005,"SC","E",14,564.5100001,1108.510638
2005,"SP","A",2,0,0
2005,"SP","A",5,0,0
2005,"SP","A",9,80.67346081,155.3191489
2005,"SP","A",11,0,0
2005,"SP","A",13,0,0
2005,"SP","C",3,4.446267466,17.0212766
2005,"SP","C",6,5.677649642,14.89361702
2005,"SP","C",7,5.437231339,12.76595745
2005,"SP","C",12,0.611460464,2.127659574
2005,"SP","C",15,56.13345195,155.3191489
2005,"SP","E",1,268.3621794,400
2005,"SP","E",4,0,0
2005,"SP","E",8,0,0
2005,"SP","E",10,0,0
2005,"SP","E",14,0,0
2006,"MX","A",2,286.4021434,561.7021277
2006,"MX","A",6,199.4878189,400
2006,"MX","A",9,173.4216291,448.9361702
2006,"MX","A",12,291.9109333,670.212766
2006,"MX","A",15,140.5397199,372.3404255
2006,"MX","C",3,163.5284416,314.893617
2006,"MX","C",5,46.68110545,89.36170213
2006,"MX","C",7,174.3449166,346.8085106
2006,"MX","C",10,171.4306205,331.9148936
2006,"MX","C",14,131.311939,293.6170213
2006,"MX","E",1,315.3865147,644.6808511
2006,"MX","E",4,311.6207972,736.1702128
2006,"MX","E",8,138.1950859,495.7446809
2006,"MX","E",11,270.1139276,625.5319149
2006,"MX","E",13,161.4053894,512.7659574
2006,"SC","A",2,561.782177,797.8723404
2006,"SC","A",4,740.6893327,729.787234
2006,"SC","A",8,399.8223778,497.8723404
2006,"SC","A",12,18.66246653,48.93617021
2006,"SC","A",15,191.1417831,336.1702128
2006,"SC","C",3,299.1895216,419.1489362
2006,"SC","C",5,187.565225,348.9361702
2006,"SC","C",7,452.9399633,476.5957447
2006,"SC","C",11,238.9539242,374.4680851
2006,"SC","C",13,135.8074626,163.8297872
2006,"SC","E",1,418.4368964,774.4680851
2006,"SC","E",6,487.560926,948.9361702
2006,"SC","E",9,330.9466281,608.5106383
2006,"SC","E",10,279.0450394,485.106383
2006,"SC","E",14,289.9087827,606.3829787
2006,"SP","A",2,0,0
2006,"SP","A",5,0,0
2006,"SP","A",9,91.38503307,182.9787234
2006,"SP","A",11,0,0
2006,"SP","A",13,0,0
2006,"SP","C",3,1.549448759,4.255319149
2006,"SP","C",6,4.767674336,10.63829787
2006,"SP","C",7,2.579884619,10.63829787
2006,"SP","C",12,4.432432556,12.76595745
2006,"SP","C",15,46.19306546,108.5106383
2006,"SP","E",1,319.5985256,487.2340426
2006,"SP","E",4,0,0
2006,"SP","E",8,0,0
2006,"SP","E",10,0,0
2006,"SP","E",14,0,0
2007,"MX","A",2,273.7824441,536.1702128
2007,"MX","A",6,234.8971074,459.5744681
2007,"MX","A",9,190.738024,512.7659574
2007,"MX","A",12,364.5206867,753.1914894
2007,"MX","A",15,96.73514174,255.3191489
2007,"MX","C",3,213.4371981,404.2553191
2007,"MX","C",5,221.9874397,382.9787234
2007,"MX","C",7,174.9234283,312.7659574
2007,"MX","C",10,276.9067449,536.1702128
2007,"MX","C",14,160.4582303,319.1489362
2007,"MX","E",1,360.4154113,704.2553191
2007,"MX","E",8,147.3766015,546.8085106
2007,"MX","E",11,222.9583545,517.0212766
2007,"MX","E",13,146.4223263,442.5531915
2007,"MX","E ",4,388.4763878,817.0212766
2007,"SC","A",2,493.7819563,665.9574468
2007,"SC","A",4,776.9140167,661.7021277
2007,"SC","A",8,425.1079786,465.9574468
2007,"SC","A",12,27.21379201,63.82978723
2007,"SC","A",15,204.0237125,348.9361702
2007,"SC","C",3,334.6604637,357.4468085
2007,"SC","C",5,246.0845285,344.6808511
2007,"SC","C",7,409.2089741,468.0851064
2007,"SC","C",11,256.2867874,334.0425532
2007,"SC","C",13,173.1328677,208.5106383
2007,"SC","E",1,390.7828282,695.7446809
2007,"SC","E",6,491.8439004,780.8510638
2007,"SC","E",9,365.9232314,691.4893617
2007,"SC","E",10,415.3536411,663.8297872
2007,"SC","E",14,387.0371916,838.2978723
2007,"SP","A",2,0,0
2007,"SP","A",5,0,0
2007,"SP","A",9,87.99895912,223.4042553
2007,"SP","A",11,0,0
2007,"SP","A",13,0,0
2007,"SP","C",3,6.304310264,21.27659574
2007,"SP","C",6,11.39386807,29.78723404
2007,"SP","C",7,14.06658023,38.29787234
2007,"SP","C",12,10.80403065,27.65957447
2007,"SP","C",15,111.1538044,274.4680851
2007,"SP","E",1,312.783751,542.5531915
2007,"SP","E",4,0,0
2007,"SP","E",8,0,0
2007,"SP","E",10,0,0
2007,"SP","E",14,0,0
2008,"MX","A",2,216.715672,489.3617021
2008,"MX","A",6,158.9916853,334.0425532
2008,"MX","A",9,147.0420677,285.106383
2008,"MX","A",12,257.3843765,568.0851064
2008,"MX","A",15,63.99363441,170.212766
2008,"MX","C",3,147.8903272,282.9787234
2008,"MX","C",5,191.13148,391.4893617
2008,"MX","C",7,87.51401496,180.8510638
2008,"MX","C",10,160.6857704,285.106383
2008,"MX","C",14,117.5911505,231.9148936
2008,"MX","E",1,384.5205861,840.4255319
2008,"MX","E",4,325.8353104,751.0638298
2008,"MX","E",8,99.46994155,306.3829787
2008,"MX","E",11,231.6636201,517.0212766
2008,"MX","E",13,75.59650305,221.2765957
2008,"SC","A",2,507.5038818,629.787234
2008,"SC","A",4,517.3828213,514.893617
2008,"SC","A",8,472.0290686,525.5319149
2008,"SC","A",12,21.510601,48.93617021
2008,"SC","A",15,183.5140497,297.8723404
2008,"SC","C",3,332.800767,353.1914894
2008,"SC","C",5,232.5231665,314.893617
2008,"SC","C",7,320.5039996,368.0851064
2008,"SC","C",11,209.7836496,225.5319149
2008,"SC","C",13,168.3042722,180.8510638
2008,"SC","E",1,446.34403,657.4468085
2008,"SC","E",6,463.8839796,774.4680851
2008,"SC","E",9,286.5673252,459.5744681
2008,"SC","E",10,380.9019037,536.1702128
2008,"SC","E",14,316.4382014,661.7021277
2008,"SP","A",2,0,0
2008,"SP","A",5,0,0
2008,"SP","A",9,63.95161804,153.1914894
2008,"SP","A",11,0,0
2008,"SP","A",13,0,0
2008,"SP","C",3,0,0
2008,"SP","C",6,9.692092159,25.53191489
2008,"SP","C",7,15.04818351,42.55319149
2008,"SP","C",12,29.58841184,76.59574468
2008,"SP","C",15,124.8839697,246.8085106
2008,"SP","E",1,268.4186242,431.9148936
2008,"SP","E",4,0,0
2008,"SP","E",8,0,0
2008,"SP","E",10,0,0
2008,"SP","E",14,0,0
2009,"MX","A",2,81.40419431,187.2340426
2009,"MX","A",6,106.9552012,285.106383
2009,"MX","A",9,80.29647146,285.106383
2009,"MX","A",12,328.9081617,817.0212766
2009,"MX","A",15,62.58720161,225.5319149
2009,"MX","C",3,159.5075914,372.3404255
2009,"MX","C",5,153.4976236,380.8510638
2009,"MX","C",7,106.4232386,263.8297872
2009,"MX","C",10,227.6887282,434.0425532
2009,"MX","C",14,143.0921186,382.9787234
2009,"MX","E",1,321.6803658,744.6808511
2009,"MX","E",8,66.5164468,223.4042553
2009,"MX","E",11,184.1948772,489.3617021
2009,"MX","E",13,100.5296477,374.4680851
2009,"MX","E ",4,201.3464808,568.0851064
2009,"SC","A",2,540.2552828,657.4468085
2009,"SC","A",4,516.7681527,495.7446809
2009,"SC","A",8,344.9249591,380.8510638
2009,"SC","A",12,32.224453,70.21276596
2009,"SC","A",15,220.4112126,402.1276596
2009,"SC","C",3,276.5149672,314.893617
2009,"SC","C",5,204.7308039,289.3617021
2009,"SC","C",7,298.9550977,355.3191489
2009,"SC","C",11,185.6100185,225.5319149
2009,"SC","C",13,193.347817,225.5319149
2009,"SC","E",1,336.329726,600
2009,"SC","E",6,427.0526572,693.6170213
2009,"SC","E",9,258.7189591,431.9148936
2009,"SC","E",10,349.4778167,487.2340426
2009,"SC","E",14,246.1681227,697.8723404
2009,"SP","A",2,0,0
2009,"SP","A",5,0,0
2009,"SP","A",9,106.8681554,295.7446809
2009,"SP","A",11,0,0
2009,"SP","A",13,0,0
2009,"SP","C",3,0,0
2009,"SP","C",6,15.80003591,51.06382979
2009,"SP","C",7,11.54112169,59.57446809
2009,"SP","C",12,36.66256465,134.0425532
2009,"SP","C",15,101.5824609,270.212766
2009,"SP","E",1,133.9158074,357.4468085
2009,"SP","E",4,0,0
2009,"SP","E",8,0,0
2009,"SP","E",10,0,0
2009,"SP","E",14,0,0
2010,"MX","A",2,311.6430556,687.2340426
2010,"MX","A",6,261.4340744,555.3191489
2010,"MX","A",9,140.8043636,327.6595745
2010,"MX","A",12,291.5510714,674.4680851
2010,"MX","A",15,194.3178581,461.7021277
2010,"MX","C",3,269.9712441,617.0212766
2010,"MX","C",5,246.0391584,546.8085106
2010,"MX","C",7,170.4009138,429.787234
2010,"MX","C",10,277.1032309,551.0638298
2010,"MX","C",14,225.1053989,472.3404255
2010,"MX","E",1,296.4979049,687.2340426
2010,"MX","E",4,414.7444076,1014.893617
2010,"MX","E",8,154.0360734,453.1914894
2010,"MX","E",11,368.8963224,785.106383
2010,"MX","E",13,281.3608531,717.0212766
2010,"SC","A",2,803.3538838,982.9787234
2010,"SC","A",4,294.3987504,287.2340426
2010,"SC","A",8,550.1565762,546.8085106
2010,"SC","A",12,53.20479763,138.2978723
2010,"SC","A",15,116.5548658,223.4042553
2010,"SC","C",3,327.9103426,444.6808511
2010,"SC","C",5,79.57260294,127.6595745
2010,"SC","C",7,496.94051,576.5957447
2010,"SC","C",11,267.8537352,357.4468085
2010,"SC","C",13,242.526742,319.1489362
2010,"SC","E",1,578.2346023,963.8297872
2010,"SC","E",6,364.0062241,629.787234
2010,"SC","E",9,419.6541834,697.8723404
2010,"SC","E",10,506.1303693,721.2765957
2010,"SC","E",14,284.9861364,672.3404255
2010,"SP","A",2,0,0
2010,"SP","A",5,12.6122412,40.42553191
2010,"SP","A",9,166.8411026,372.3404255
2010,"SP","A",11,0,0
2010,"SP","A",13,0,0
2010,"SP","C",3,0,0
2010,"SP","C",6,17.1480214,65.95744681
2010,"SP","C",7,23.54303842,91.4893617
2010,"SP","C",12,28.19617976,100
2010,"SP","C",15,102.2617147,236.1702128
2010,"SP","E",1,232.2120777,559.5744681
2010,"SP","E",4,0,0
2010,"SP","E",8,0,0
2010,"SP","E",10,0,0
2010,"SP","E",14,0,0
2011,"MX","A",2,412.9761319,780.8510638
2011,"MX","A",6,287.7177866,527.6595745
2011,"MX","A",9,192.3609135,382.9787234
2011,"MX","A",12,599.2951067,868.0851064
2011,"MX","A",15,457.854274,644.6808511
2011,"MX","C",3,368.3402128,557.4468085
2011,"MX","C",5,433.84322,600
2011,"MX","C",7,219.8823684,355.3191489
2011,"MX","C",10,438.1088496,540.4255319
2011,"MX","C",14,250.1911293,389.3617021
2011,"MX","E",1,682.6056947,1170.212766
2011,"MX","E",4,683.9787782,1251.06383
2011,"MX","E",8,256.6994897,495.7446809
2011,"MX","E",11,571.6164906,793.6170213
2011,"MX","E",13,413.5170482,780.8510638
2011,"SC","A",2,970.4263743,1076.595745
2011,"SC","A",4,999.877546,914.893617
2011,"SC","A",8,776.9188361,721.2765957
2011,"SC","A",12,122.9902318,172.3404255
2011,"SC","A",15,448.8857118,587.2340426
2011,"SC","C",3,466.4940652,476.5957447
2011,"SC","C",5,318.003803,359.5744681
2011,"SC","C",7,475.3612081,519.1489362
2011,"SC","C",11,360.0232079,372.3404255
2011,"SC","C",13,245.9363006,248.9361702
2011,"SC","E",1,769.0639828,897.8723404
2011,"SC","E",6,615.6555088,921.2765957
2011,"SC","E",9,557.1241159,757.4468085
2011,"SC","E",10,779.8399388,912.7659574
2011,"SC","E",14,552.7249448,895.7446809
2011,"SP","A",2,0,0
2011,"SP","A",5,0,0
2011,"SP","A",9,230.2480451,387.2340426
2011,"SP","A",11,6.073020463,17.0212766
2011,"SP","A",13,0,0
2011,"SP","C",3,2.396244453,6.382978723
2011,"SP","C",6,43.55902441,76.59574468
2011,"SP","C",7,42.74357697,89.36170213
2011,"SP","C",12,53.76605069,123.4042553
2011,"SP","C",15,163.2280224,295.7446809
2011,"SP","E",1,431.5184189,746.8085106
2011,"SP","E",4,0,0
2011,"SP","E",8,0,0
2011,"SP","E",10,1.480547137,2.127659574
2011,"SP","E",14,0,0
2012,"MX","A",2,290.4201235,534.0425532
2012,"MX","A",6,266.0252263,472.3404255
2012,"MX","A",9,94.0618078,257.4468085
2012,"MX","A",12,509.3351538,763.8297872
2012,"MX","A",15,336.0991476,536.1702128
2012,"MX","C",3,303.7285163,542.5531915
2012,"MX","C",5,313.507044,493.6170213
2012,"MX","C",7,147.3427257,351.0638298
2012,"MX","C",10,177.7365934,327.6595745
2012,"MX","C",14,76.65274496,193.6170213
2012,"MX","E",1,499.3880584,872.3404255
2012,"MX","E",4,436.6318201,742.5531915
2012,"MX","E",8,190.1059615,402.1276596
2012,"MX","E",11,417.5843373,800
2012,"MX","E",13,276.1888034,595.7446809
2012,"SC","A",2,527.8974186,608.5106383
2012,"SC","A",4,715.2569486,625.5319149
2012,"SC","A",8,428.867569,453.1914894
2012,"SC","A",12,179.89411,263.8297872
2012,"SC","A",15,409.0032811,593.6170213
2012,"SC","C",3,282.318631,387.2340426
2012,"SC","C",5,209.3769204,278.7234043
2012,"SC","C",7,377.6811725,410.6382979
2012,"SC","C",11,279.3075867,334.0425532
2012,"SC","C",13,248.1236701,338.2978723
2012,"SC","E",1,517.0276763,742.5531915
2012,"SC","E",6,489.9090203,759.5744681
2012,"SC","E",9,565.4271039,706.3829787
2012,"SC","E",10,576.5088639,687.2340426
2012,"SC","E",14,479.5786238,755.3191489
2012,"SP","A",2,0,0
2012,"SP","A",5,0,0
2012,"SP","A",9,221.7316896,480.8510638
2012,"SP","A",11,18.55825539,48.93617021
2012,"SP","A",13,10.88619582,17.0212766
2012,"SP","C",3,30.6953904,70.21276596
2012,"SP","C",6,59.39531319,142.5531915
2012,"SP","C",7,44.24128828,157.4468085
2012,"SP","C",12,60.1792169,182.9787234
2012,"SP","C",15,69.10660732,165.9574468
2012,"SP","E",1,362.3144601,576.5957447
2012,"SP","E",4,0,0
2012,"SP","E",8,0,0
2012,"SP","E",10,1.570617285,8.510638298
2012,"SP","E",14,12.73480749,29.78723404
2013,"MX","A",2,508.2273304,819.1489362
2013,"MX","A",6,551.1594546,829.787234
2013,"MX","A",9,134.4559012,340.4255319
2013,"MX","A",12,635.0408204,1010.638298
2013,"MX","A",15,528.9366385,827.6595745
2013,"MX","C",3,302.6212166,451.0638298
2013,"MX","C",5,452.6768749,738.2978723
2013,"MX","C",7,90.96867224,240.4255319
2013,"MX","C",10,305.3221662,565.9574468
2013,"MX","C",14,135.5514462,351.0638298
2013,"MX","E",1,681.9815363,1191.489362
2013,"MX","E",4,662.2094927,1234.042553
2013,"MX","E",8,303.3456928,693.6170213
2013,"MX","E",11,509.37663,1019.148936
2013,"MX","E",13,350.0351769,817.0212766
2013,"SC","A",2,929.2285944,861.7021277
2013,"SC","A",4,984.0377779,853.1914894
2013,"SC","A",8,886.8221048,793.6170213
2013,"SC","A",12,304.681555,342.5531915
2013,"SC","A",15,530.3966394,763.8297872
2013,"SC","C",3,274.799288,306.3829787
2013,"SC","C",5,259.7832647,308.5106383
2013,"SC","C",7,476.9936598,480.8510638
2013,"SC","C",11,321.9440434,306.3829787
2013,"SC","C",13,351.951786,346.8085106
2013,"SC","E",1,811.8442515,1038.297872
2013,"SC","E",6,881.3824994,963.8297872
2013,"SC","E",9,701.1305888,851.0638298
2013,"SC","E",10,681.0848488,808.5106383
2013,"SC","E",14,498.3078927,757.4468085
2013,"SP","A",2,0,0
2013,"SP","A",5,0,0
2013,"SP","A",9,568.123244,829.787234
2013,"SP","A",11,54.51038003,110.6382979
2013,"SP","A",13,61.66716563,93.61702128
2013,"SP","C",3,113.8226196,204.2553191
2013,"SP","C",6,54.32131244,138.2978723
2013,"SP","C",7,43.92102381,157.4468085
2013,"SP","C",12,49.18624484,142.5531915
2013,"SP","C",15,84.37591177,206.3829787
2013,"SP","E",1,336.8082676,661.7021277
2013,"SP","E",4,0,0
2013,"SP","E",8,3.951886297,14.89361702
2013,"SP","E",10,16.17391748,48.93617021
2013,"SP","E",14,18.9333283,42.55319149
2014,"MX","A",2,570.6741887,928.3018868
2014,"MX","A",6,562.5383197,958.490566
2014,"MX","A",9,137.0087308,343.3962264
2014,"MX","A",12,619.939805,1000
2014,"MX","A",15,512.0513872,762.2641509
2014,"MX","C",3,462.2532727,689.3617021
2014,"MX","C",5,503.1937153,780.8510638
2014,"MX","C",7,175.758251,370.212766
2014,"MX","C",10,294.6639763,621.2765957
2014,"MX","C",14,99.50968394,276.5957447
2014,"MX","E",1,638.1193906,1192.45283
2014,"MX","E",4,658.9576962,1007.54717
2014,"MX","E",8,361.8036756,856.6037736
2014,"MX","E",11,479.7356532,922.6415094
2014,"MX","E",13,398.9694577,916.9811321
2014,"SC","A",2,717.8134301,769.8113208
2014,"SC","A",4,874.5264715,752.8301887
2014,"SC","A",8,720.3987345,626.4150943
2014,"SC","A",12,352.2714931,428.3018868
2014,"SC","A",15,477.4771918,701.8867925
2014,"SC","C",3,370.1236852,417.0212766
2014,"SC","C",5,314.0066092,444.6808511
2014,"SC","C",7,422.0832833,457.4468085
2014,"SC","C",11,748.9445656,706.3829787
2014,"SC","C",13,436.2140081,438.2978723
2014,"SC","E",1,531.4883274,869.8113208
2014,"SC","E",6,647.8820543,809.4339623
2014,"SC","E",9,799.6838848,843.3962264
2014,"SC","E",10,727.081096,824.5283019
2014,"SC","E",14,628.2488074,971.6981132
2014,"SP","A",2,0,0
2014,"SP","A",5,0,0
2014,"SP","A",9,588.8557149,764.1509434
2014,"SP","A",11,107.5419684,226.4150943
2014,"SP","A",13,95.45913436,162.2641509
2014,"SP","C",3,124.9115052,234.0425532
2014,"SP","C",6,77.26611284,197.8723404
2014,"SP","C",7,37.7409853,174.4680851
2014,"SP","C",12,88.93608461,208.5106383
2014,"SP","C",15,158.7695555,351.0638298
2014,"SP","E",1,346.2878652,654.7169811
2014,"SP","E",4,1.246607332,1.886792453
2014,"SP","E",8,3.474992348,11.32075472
2014,"SP","E",10,53.44531308,152.8301887
2014,"SP","E",14,88.6304801,150.9433962
2015,"MX","A",2,542.9395237,841.509434
2015,"MX","A",6,635.1128145,822.6415094
2015,"MX","A",9,177.4770787,360.3773585
2015,"MX","A",12,587.1525535,824.5283019
2015,"MX","A",15,510.1718262,650.9433962
2015,"MX","C",3,313.2868184,514.893617
2015,"MX","C",5,369.2860081,542.5531915
2015,"MX","C",7,126.0638712,280.8510638
2015,"MX","C",10,261.714361,463.8297872
2015,"MX","C",14,109.4829344,270.212766
2015,"MX","E",1,580.946902,935.8490566
2015,"MX","E",4,564.3924131,937.7358491
2015,"MX","E",8,300.6260539,613.2075472
2015,"MX","E",11,443.5924276,832.0754717
2015,"MX","E",13,323.3493022,773.5849057
2015,"SC","A",2,737.0031606,692.4528302
2015,"SC","A",4,777.6599503,607.5471698
2015,"SC","A",8,663.718764,558.490566
2015,"SC","A",12,336.2897898,352.8301887
2015,"SC","A",15,470.2551314,535.8490566
2015,"SC","C",3,318.9180644,334.0425532
2015,"SC","C",5,294.4765509,338.2978723
2015,"SC","C",7,163.7803521,210.6382979
2015,"SC","C",11,486.7109008,474.4680851
2015,"SC","C",13,362.0399867,357.4468085
2015,"SC","E",1,615.5817389,756.6037736
2015,"SC","E",6,534.5410629,724.5283019
2015,"SC","E",9,578.006574,630.1886792
2015,"SC","E",10,574.9766438,626.4150943
2015,"SC","E",14,491.5257569,654.7169811
2015,"SP","A",2,0,0
2015,"SP","A",5,0,0
2015,"SP","A",9,564.4790511,749.0566038
2015,"SP","A",11,221.8296471,337.7358491
2015,"SP","A",13,230.4697328,279.245283
2015,"SP","C",3,110.981681,200
2015,"SP","C",6,62.81578689,136.1702128
2015,"SP","C",7,30.55562633,119.1489362
2015,"SP","C",12,78.28164492,193.6170213
2015,"SP","C",15,121.0050224,244.6808511
2015,"SP","E",1,316.3354069,479.245283
2015,"SP","E",4,0,0
2015,"SP","E",8,5.449843435,11.32075472
2015,"SP","E",10,202.6108367,415.0943396
2015,"SP","E",14,163.4009481,258.490566
2016,"MX","A",2,300.3577583,543.3962264
2016,"MX","A",6,359.2169824,726.4150943
2016,"MX","A",9,89.07838372,267.9245283
2016,"MX","A",12,195.5085055,592.4528302
2016,"MX","A",15,216.9495822,433.9622642
2016,"MX","C",3,193.1538327,540.4255319
2016,"MX","C",5,203.3752398,502.1276596
2016,"MX","C",7,81.1691224,251.0638298
2016,"MX","C",10,159.5546407,500
2016,"MX","C",14,84.78022441,278.7234043
2016,"MX","E",1,361.5069362,758.490566
2016,"MX","E",4,222.073403,518.8679245
2016,"MX","E",8,166.0954789,443.3962264
2016,"MX","E",11,232.1248667,701.8867925
2016,"MX","E",13,193.0465787,486.7924528
2016,"SC","A",2,455.1787809,650.9433962
2016,"SC","A",4,444.4076783,564.1509434
2016,"SC","A",8,354.2506048,437.7358491
2016,"SC","A",12,218.1332669,324.5283019
2016,"SC","A",15,220.2508813,379.245283
2016,"SC","C",3,300.2876975,365.9574468
2016,"SC","C",5,272.6373086,387.2340426
2016,"SC","C",7,249.5254374,340.4255319
2016,"SC","C",11,315.1420509,410.6382979
2016,"SC","C",13,324.0857557,440.4255319
2016,"SC","E",1,289.4837371,616.9811321
2016,"SC","E",6,345.1093499,496.2264151
2016,"SC","E",9,409.5427738,626.4150943
2016,"SC","E",10,354.8397805,598.1132075
2016,"SC","E",14,234.6573829,400
2016,"SP","A",2,1.83680909,1.886792453
2016,"SP","A",5,0,0
2016,"SP","A",9,522.9059494,777.3584906
2016,"SP","A",11,121.395844,326.4150943
2016,"SP","A",13,294.3611216,392.4528302
2016,"SP","C",3,87.8544815,172.3404255
2016,"SP","C",6,110.2280256,208.5106383
2016,"SP","C",7,50.82758712,204.2553191
2016,"SP","C",12,61.42982522,180.8510638
2016,"SP","C",15,149.7290571,344.6808511
2016,"SP","E",1,140.3100747,284.9056604
2016,"SP","E",4,0,0
2016,"SP","E",8,23.57446118,58.49056604
2016,"SP","E",10,168.8680014,479.245283
2016,"SP","E",14,218.4704072,377.3584906
2017,"MX","A",2,303.9771756,475.4716981
2017,"MX","A",6,516.3879901,847.1698113
2017,"MX","A",9,87.1950023,279.245283
2017,"MX","A",12,319.4964247,618.8679245
2017,"MX","A",15,305.8002646,515.0943396
2017,"MX","C",3,201.9848068,380.8510638
2017,"MX","C",5,179.4368253,412.7659574
2017,"MX","C",7,102.2622524,223.4042553
2017,"MX","C",10,164.016487,414.893617
2017,"MX","C",14,122.1724891,287.2340426
2017,"MX","E",1,533.7632192,869.8113208
2017,"MX","E",4,381.2362193,703.7735849
2017,"MX","E",8,219.6447141,545.2830189
2017,"MX","E",11,312.9543031,718.8679245
2017,"MX","E",13,280.4829893,643.3962264
2017,"SC","A",2,512.2258208,575.4716981
2017,"SC","A",4,443.5036134,488.6792453
2017,"SC","A",8,421.9471277,475.4716981
2017,"SC","A",12,338.4090934,422.6415094
2017,"SC","A",15,319.3562559,554.7169811
2017,"SC","C",3,217.6842331,278.7234043
2017,"SC","C",5,253.3714976,306.3829787
2017,"SC","C",7,132.9896503,204.2553191
2017,"SC","C",11,197.4951084,265.9574468
2017,"SC","C",13,268.2074116,323.4042553
2017,"SC","E",1,502.928115,666.0377358
2017,"SC","E",6,540.0326309,679.245283
2017,"SC","E",9,507.8033205,658.490566
2017,"SC","E",10,450.4832297,732.0754717
2017,"SC","E",14,371.9099713,630.1886792
2017,"SP","A",2,13.55660367,16.98113208
2017,"SP","A",5,0,0
2017,"SP","A",9,357.9370171,441.509434
2017,"SP","A",11,193.9006114,411.3207547
2017,"SP","A",13,398.8100282,473.5849057
2017,"SP","C",3,89.6760391,193.6170213
2017,"SP","C",6,50.94177565,117.0212766
2017,"SP","C",7,44.39915232,165.9574468
2017,"SP","C",12,41.55653631,134.0425532
2017,"SP","C",15,124.5192939,246.8085106
2017,"SP","E",1,99.88784582,133.9622642
2017,"SP","E",4,3.005609321,3.773584906
2017,"SP","E",8,50.80499021,162.2641509
2017,"SP","E",10,327.3362279,594.3396226
2017,"SP","E",14,325.318125,432.0754717
2018,"MX","A",2,548.0350778,898.1132075
2018,"MX","A",6,647.7009933,1077.358491
2018,"MX","A",9,187.5757629,450.9433962
2018,"MX","A",12,502.6844901,796.2264151
2018,"MX","A",15,469.3189052,726.4150943
2018,"MX","C",3,313.7512354,619.1489362
2018,"MX","C",5,364.1593394,640.4255319
2018,"MX","C",7,207.8643859,442.5531915
2018,"MX","C",10,171.3716297,363.8297872
2018,"MX","C",14,201.3900351,357.4468085
2018,"MX","E",1,597.6260408,1054.716981
2018,"MX","E",4,459.6502816,894.3396226
2018,"MX","E",8,316.9004013,741.509434
2018,"MX","E",11,389.3153167,700
2018,"MX","E",13,366.8224651,726.4150943
2018,"SC","A",2,789.1641738,764.1509434
2018,"SC","A",4,794.1986006,698.1132075
2018,"SC","A",8,588.7697389,624.5283019
2018,"SC","A",12,481.771782,588.6792453
2018,"SC","A",15,624.0265991,879.245283
2018,"SC","C",3,396.0793093,451.0638298
2018,"SC","C",5,344.6918594,406.3829787
2018,"SC","C",7,360.6692887,470.212766
2018,"SC","C",11,353.4071587,393.6170213
2018,"SC","C",13,465.2203747,436.1702128
2018,"SC","E",1,461.7569739,650.9433962
2018,"SC","E",6,497.6720117,733.9622642
2018,"SC","E",9,420.7554112,735.8490566
2018,"SC","E",10,557.798277,835.8490566
2018,"SC","E",14,562.392684,807.5471698
2018,"SP","A",2,7.719882956,7.547169811
2018,"SP","A",5,0,0
2018,"SP","A",9,507.9571834,550.9433962
2018,"SP","A",11,277.6554778,558.490566
2018,"SP","A",13,541.4496073,533.9622642
2018,"SP","C",3,112.1440446,289.3617021
2018,"SP","C",6,82.14261925,182.9787234
2018,"SP","C",7,59.57821713,221.2765957
2018,"SP","C",12,139.3025471,331.9148936
2018,"SP","C",15,169.2034682,304.2553191
2018,"SP","E",1,108.8512457,179.245283
2018,"SP","E",4,29.69231431,30.18867925
2018,"SP","E",8,149.5076547,339.6226415
2018,"SP","E",10,456.0645771,805.6603774
2018,"SP","E",14,503.0993632,639.6226415
2019,"MX","A",2,574.5320441,867.9245283
2019,"MX","A",6,713.9341241,1041.509434
2019,"MX","A",9,286.8545494,509.4339623
2019,"MX","A",12,572.6913995,758.490566
2019,"MX","A",15,471.5826331,703.7735849
2019,"MX","C",3,467.6146991,623.4042553
2019,"MX","C",5,398.9057306,670.212766
2019,"MX","C",7,222.9949761,353.1914894
2019,"MX","C",10,266.6174794,465.9574468
2019,"MX","C",14,229.2495998,325.5319149
2019,"MX","E",1,712.2407326,1135.849057
2019,"MX","E",4,545.9893102,973.5849057
2019,"MX","E",8,443.6919303,769.8113208
2019,"MX","E",11,413.3351351,777.3584906
2019,"MX","E",13,391.5177509,818.8679245
2019,"SC","A",2,758.1892528,679.245283
2019,"SC","A",4,855.5832327,639.6226415
2019,"SC","A",8,759.0836824,558.490566
2019,"SC","A",12,254.0121748,411.3207547
2019,"SC","A",15,657.6714997,852.8301887
2019,"SC","C",3,540.0532545,442.5531915
2019,"SC","C",5,407.35048,457.4468085
2019,"SC","C",7,336.3284319,295.7446809
2019,"SC","C",11,502.1094081,453.1914894
2019,"SC","C",13,527.6660403,421.2765957
2019,"SC","E",1,488.658803,616.9811321
2019,"SC","E",6,529.6305329,698.1132075
2019,"SC","E",9,634.0220429,720.754717
2019,"SC","E",10,623.849118,788.6792453
2019,"SC","E",14,637.4020642,750.9433962
2019,"SP","A",2,26.68002298,24.52830189
2019,"SP","A",5,0.889432236,1.886792453
2019,"SP","A",9,890.1734051,860.3773585
2019,"SP","A",11,334.8910772,575.4716981
2019,"SP","A",13,714.3139631,609.4339623
2019,"SP","C",3,141.3857835,265.9574468
2019,"SP","C",6,97.54368734,159.5744681
2019,"SP","C",7,87.13705354,189.3617021
2019,"SP","C",12,171.9257055,261.7021277
2019,"SP","C",15,157.7872027,259.5744681
2019,"SP","E",1,80.96391591,116.9811321
2019,"SP","E",4,249.4832257,262.2641509
2019,"SP","E",8,248.2651529,418.8679245
2019,"SP","E",10,658.2972188,967.9245283
2019,"SP","E",14,625.9279265,764.1509434
2020,"MX","A",2,554.4431187,775.4716981
2020,"MX","A",6,649.6063141,943.3962264
2020,"MX","A",9,280.9521862,533.9622642
2020,"MX","A",12,460.9585549,788.6792453
2020,"MX","A",15,369.4297561,607.5471698
2020,"MX","C",3,345.4170779,556.6037736
2020,"MX","C",5,415.2465787,775.4716981
2020,"MX","C",7,249.3216892,422.6415094
2020,"MX","C",10,266.7129077,479.245283
2020,"MX","C",14,205.863572,411.3207547
2020,"MX","E",1,783.1383983,1054.716981
2020,"MX","E",4,599.4372951,905.6603774
2020,"MX","E",8,338.5272129,650.9433962
2020,"MX","E",11,519.0034917,969.8113208
2020,"MX","E",13,485.5461213,933.9622642
2020,"SC","A",2,580.9209225,575.4716981
2020,"SC","A",4,682.5767655,530.1886792
2020,"SC","A",8,498.6325628,545.2830189
2020,"SC","A",12,580.5254399,571.6981132
2020,"SC","A",15,495.1184224,605.6603774
2020,"SC","C",3,524.754011,507.5471698
2020,"SC","C",5,496.905214,496.2264151
2020,"SC","C",7,390.5539799,460.3773585
2020,"SC","C",11,546.0614244,577.3584906
2020,"SC","C",13,511.8063888,524.5283019
2020,"SC","E",1,582.2773599,686.7924528
2020,"SC","E",6,546.1296654,679.245283
2020,"SC","E",9,616.3115943,762.2641509
2020,"SC","E",10,656.683776,788.6792453
2020,"SC","E",14,485.4433913,586.7924528
2020,"SP","A",2,52.42751914,56.60377358
2020,"SP","A",5,0.824971713,1.886792453
2020,"SP","A",9,654.360845,749.0566038
2020,"SP","A",11,239.29376,498.1132075
2020,"SP","A",13,500.2419456,477.3584906
2020,"SP","C",3,174.5488521,296.2264151
2020,"SP","C",6,114.5367612,192.4528302
2020,"SP","C",7,170.0852185,281.1320755
2020,"SP","C",12,174.8777331,324.5283019
2020,"SP","C",15,243.8796172,352.8301887
2020,"SP","E",1,161.7787764,233.9622642
2020,"SP","E",4,402.8716981,496.2264151
2020,"SP","E",8,343.8984545,630.1886792
2020,"SP","E",10,404.894254,881.1320755
2020,"SP","E",14,485.8305178,609.4339623
2021,"MX","A",2,530.8874403,728.3018868
2021,"MX","A",6,567.9103134,871.6981132
2021,"MX","A",9,271.8841447,573.5849057
2021,"MX","A",12,506.1677662,692.4528302
2021,"MX","A",15,363.9425244,592.4528302
2021,"MX","C",3,232.0248389,381.1320755
2021,"MX","C",5,392.2498701,583.0188679
2021,"MX","C",7,242.9880211,396.2264151
2021,"MX","C",10,285.2119215,483.0188679
2021,"MX","C",14,198.2080916,373.5849057
2021,"MX","E",1,528.6149757,858.490566
2021,"MX","E",4,368.458954,732.0754717
2021,"MX","E",8,415.9098991,681.1320755
2021,"MX","E",11,477.7061741,932.0754717
2021,"MX","E",13,465.0609118,943.3962264
2021,"SC","A",2,573.8098817,539.6226415
2021,"SC","A",4,695.8841786,528.3018868
2021,"SC","A",8,654.3808455,586.7924528
2021,"SC","A",12,643.0356365,552.8301887
2021,"SC","A",15,451.7969486,533.9622642
2021,"SC","C",3,538.4728449,407.5471698
2021,"SC","C",5,277.2442058,260.3773585
2021,"SC","C",7,271.4587852,277.3584906
2021,"SC","C",11,478.3372125,413.2075472
2021,"SC","C",13,336.0865324,284.9056604
2021,"SC","E",1,524.4364133,592.4528302
2021,"SC","E",6,588.9709816,735.8490566
2021,"SC","E",9,626.854314,764.1509434
2021,"SC","E",10,524.1679325,733.9622642
2021,"SC","E",14,467.9542858,522.6415094
2021,"SP","A",2,110.0431751,115.0943396
2021,"SP","A",5,0,0
2021,"SP","A",9,543.4446585,656.6037736
2021,"SP","A",11,172.4389111,316.9811321
2021,"SP","A",13,522.7419446,484.9056604
2021,"SP","C",3,147.5657241,260.3773585
2021,"SP","C",6,115.9920605,194.3396226
2021,"SP","C",7,156.5569247,267.9245283
2021,"SP","C",12,125.1920612,245.2830189
2021,"SP","C",15,245.170569,305.6603774
2021,"SP","E",1,243.8423064,326.4150943
2021,"SP","E",4,305.8753239,409.4339623
2021,"SP","E",8,332.6382407,632.0754717
2021,"SP","E",10,417.0297923,866.0377358
2021,"SP","E",14,447.2817775,545.2830189
2022,"MX","A",2,500.0330333,752.8301887
2022,"MX","A",6,540.402422,909.4339623
2022,"MX","A",9,437.4421191,775.4716981
2022,"MX","A",12,523.2715396,722.6415094
2022,"MX","A",15,417.4343452,601.8867925
2022,"MX","C",3,253.7438767,362.2641509
2022,"MX","C",5,308.9649046,547.1698113
2022,"MX","C",7,259.2796659,341.509434
2022,"MX","C",10,302.1185386,447.1698113
2022,"MX","C",14,419.0833416,594.3396226
2022,"MX","E",1,442.9385108,909.4339623
2022,"MX","E",4,501.6265636,901.8867925
2022,"MX","E",8,367.2289453,637.7358491
2022,"MX","E",11,514.1110358,1005.660377
2022,"MX","E",13,693.4287837,1167.924528
2022,"SC","A",2,537.7430185,543.3962264
2022,"SC","A",4,569.6389917,530.1886792
2022,"SC","A",8,675.9061068,596.2264151
2022,"SC","A",12,676.9749033,590.5660377
2022,"SC","A",15,500.2883954,581.1320755
2022,"SC","C",3,562.9245131,469.8113208
2022,"SC","C",5,431.1822277,407.5471698
2022,"SC","C",7,280.3133378,284.9056604
2022,"SC","C",11,529.5837557,464.1509434
2022,"SC","C",13,459.3248853,416.9811321
2022,"SC","E",1,534.6925351,615.0943396
2022,"SC","E",6,648.1035172,735.8490566
2022,"SC","E",9,616.786382,671.6981132
2022,"SC","E",10,559.8337536,690.5660377
2022,"SC","E",14,541.1385999,641.509434
2022,"SP","A",2,236.0597107,224.5283019
2022,"SP","A",5,0,0
2022,"SP","A",9,795.5784951,741.509434
2022,"SP","A",11,415.2679067,815.0943396
2022,"SP","A",13,644.1317977,567.9245283
2022,"SP","C",3,187.8371866,320.754717
2022,"SP","C",6,217.3453583,341.509434
2022,"SP","C",7,234.4476197,392.4528302
2022,"SP","C",12,204.8375448,369.8113208
2022,"SP","C",15,426.3389357,505.6603774
2022,"SP","E",1,371.354192,415.0943396
2022,"SP","E",4,497.5958666,588.6792453
2022,"SP","E",8,371.9276879,684.9056604
2022,"SP","E",10,541.7951886,1086.792453
2022,"SP","E",14,500.9376431,688.6792453
2023,"MX","A",2,500.4246269,618.8679245
2023,"MX","A",6,399.98201,724.5283019
2023,"MX","A",9,162.3014933,392.4528302
2023,"MX","A",12,427.5087454,560.3773585
2023,"MX","A",15,281.5472164,439.6226415
2023,"MX","C",3,133.8942724,335.8490566
2023,"MX","C",5,253.8364095,500
2023,"MX","C",7,229.6932352,356.6037736
2023,"MX","C",10,169.4791757,337.7358491
2023,"MX","C",14,237.4205317,400
2023,"MX","E",1,499.3686392,798.1132075
2023,"MX","E",4,456.8041843,760.3773585
2023,"MX","E",8,255.1848174,507.5471698
2023,"MX","E",11,273.6212498,639.6226415
2023,"MX","E",13,285.652098,754.7169811
2023,"SC","A",2,364.4353429,443.3962264
2023,"SC","A",4,395.6017478,473.5849057
2023,"SC","A",8,373.2129296,411.3207547
2023,"SC","A",12,472.8626436,526.4150943
2023,"SC","A",15,282.0597851,443.3962264
2023,"SC","C",3,300.8615129,356.6037736
2023,"SC","C",5,188.7328002,264.1509434
2023,"SC","C",7,144.794719,209.4339623
2023,"SC","C",11,315.5167283,396.2264151
2023,"SC","C",13,293.759273,369.8113208
2023,"SC","E",1,361.6617581,577.3584906
2023,"SC","E",6,338.1057052,513.2075472
2023,"SC","E",9,436.4123941,594.3396226
2023,"SC","E",10,471.5812974,581.1320755
2023,"SC","E",14,328.7200217,577.3584906
2023,"SP","A",2,151.4228632,226.4150943
2023,"SP","A",5,0,0
2023,"SP","A",9,486.2160522,618.8679245
2023,"SP","A",11,200.5945586,479.245283
2023,"SP","A",13,335.5147196,396.2264151
2023,"SP","C",3,77.29236925,230.1886792
2023,"SP","C",6,183.6019521,339.6226415
2023,"SP","C",7,136.3994438,311.3207547
2023,"SP","C",12,143.5596759,283.0188679
2023,"SP","C",15,231.4781025,305.6603774
2023,"SP","E",1,272.2047326,413.2075472
2023,"SP","E",4,215.615541,441.509434
2023,"SP","E",8,228.7259019,618.8679245
2023,"SP","E",10,269.9083534,720.754717
2023,"SP","E",14,313.0668874,492.4528302
2024,"MX","A",2,524.7476478,639.6226415
2024,"MX","A",6,536.8835096,809.4339623
2024,"MX","A",9,239.4826094,458.490566
2024,"MX","A",12,469.2520235,615.0943396
2024,"MX","A",15,311.9884406,486.7924528
2024,"MX","C",3,239.0642468,415.0943396
2024,"MX","C",5,358.3207423,545.2830189
2024,"MX","C",7,260.8504443,392.4528302
2024,"MX","C",10,209.3808031,347.1698113
2024,"MX","C",14,405.509252,683.0188679
2024,"MX","E",1,630.2229679,871.6981132
2024,"MX","E",4,586.7053303,852.8301887
2024,"MX","E",8,375.8615114,677.3584906
2024,"MX","E",11,458.7279318,1069.811321
2024,"MX","E",13,384.916202,1016.981132
2024,"SC","A",2,612.9642344,588.6792453
2024,"SC","A",4,645.4024272,554.7169811
2024,"SC","A",8,646.8247655,524.5283019
2024,"SC","A",12,758.2255816,566.0377358
2024,"SC","A",15,396.7733124,543.3962264
2024,"SC","C",3,549.8306264,467.9245283
2024,"SC","C",5,403.4859188,409.4339623
2024,"SC","C",7,300.9805885,330.1886792
2024,"SC","C",11,560.8145091,479.245283
2024,"SC","C",13,491.7493724,483.0188679
2024,"SC","E",1,649.4790968,650.9433962
2024,"SC","E",6,595.5995363,667.9245283
2024,"SC","E",9,562.1905775,773.5849057
2024,"SC","E",10,579.5009554,637.7358491
2024,"SC","E",14,505.3740891,696.2264151
2024,"SP","A",2,275.0605396,318.8679245
2024,"SP","A",5,0,0
2024,"SP","A",9,696.6430759,611.3207547
2024,"SP","A",11,350.7682415,500
2024,"SP","A",13,491.8337178,533.9622642
2024,"SP","C",3,161.3091466,279.245283
2024,"SP","C",6,298.6104851,460.3773585
2024,"SP","C",7,274.026548,513.2075472
2024,"SP","C",12,231.8143571,352.8301887
2024,"SP","C",15,506.923432,564.1509434
2024,"SP","E",1,483.1284478,515.0943396
2024,"SP","E",4,424.6588114,715.0943396
2024,"SP","E",8,347.2789459,513.2075472
2024,"SP","E",10,579.8408171,873.5849057
2024,"SP","E",14,564.373399,700
2024,"MX","A",2,524.74764783361,639.622641509434
2024,"MX","A",6,536.883509573499,809.433962264151
2024,"MX","A",9,239.482609382866,458.490566037736
2024,"MX","A",12,469.252023535742,615.094339622641
2024,"MX","A",15,311.988440622526,486.792452830189
2024,"MX","C",3,239.064246755966,415.094339622641
2024,"MX","C",5,358.320742330988,545.283018867925
2024,"MX","C",7,260.850444304187,392.452830188679
2024,"MX","C",10,209.380803132596,347.169811320755
2024,"MX","C",14,405.509252038689,683.018867924528
2024,"MX","E",1,630.222967896288,871.698113207547
2024,"MX","E",4,586.705330334233,852.830188679245
2024,"MX","E",8,375.861511429208,677.358490566038
2024,"MX","E",11,458.727931813677,1069.81132075472
2024,"MX","E",13,384.916201992999,1016.98113207547
2024,"SC","A",2,612.964234407508,588.679245283019
2024,"SC","A",4,645.402427159628,554.716981132075
2024,"SC","A",8,646.824765530363,524.528301886792
2024,"SC","A",12,758.225581564944,566.037735849057
2024,"SC","A",15,396.773312448072,543.396226415094
2024,"SC","C",3,549.830626431379,467.924528301887
2024,"SC","C",5,403.485918816963,409.433962264151
2024,"SC","C",7,300.980588489098,330.188679245283
2024,"SC","C",11,560.814509055234,479.245283018868
2024,"SC","C",13,491.749372394258,483.018867924528
2024,"SC","E",1,649.479096829768,650.943396226415
2024,"SC","E",6,595.599536321275,667.924528301887
2024,"SC","E",9,562.190577460027,773.584905660377
2024,"SC","E",10,579.500955385236,637.735849056604
2024,"SC","E",14,505.374089082305,696.22641509434
2024,"SP","A",2,275.06053955304,318.867924528302
2024,"SP","A",5,0,0
2024,"SP","A",9,696.643075915522,611.320754716981
2024,"SP","A",11,350.768241494563,500
2024,"SP","A",13,491.833717846734,533.962264150943
2024,"SP","C",3,161.309146641065,279.245283018868
2024,"SP","C",6,298.610485146938,460.377358490566
2024,"SP","C",7,274.026547963271,513.207547169811
2024,"SP","C",12,231.814357073842,352.830188679245
2024,"SP","C",15,506.923432019869,564.150943396226
2024,"SP","E",1,483.128447752865,515.094339622641
2024,"SP","E",4,424.658811400023,715.094339622641
2024,"SP","E",8,347.278945932173,513.207547169811
2024,"SP","E",10,579.840817088238,873.584905660377
2024,"SP","E",14,564.37339899735,700
2025,"MX","A",2,690.004415165389,754.716981132075
2025,"MX","A",6,603.467118540199,866.037735849057
2025,"MX","A",9,399.434960665391,692.452830188679
2025,"MX","A",12,625.162974685471,767.924528301887
2025,"MX","A",15,465.338264273146,669.811320754717
2025,"MX","C",3,294.208042025101,458.490566037736
2025,"MX","C",5,334.471986443504,496.22641509434
2025,"MX","C",7,307.581596435651,418.867924528302
2025,"MX","C",10,257.122879384525,401.88679245283
2025,"MX","C",14,338.20146191932,573.584905660377
2025,"MX","E",1,928.584221763643,935.849056603774
2025,"MX","E",4,709.969654355981,950.943396226415
2025,"MX","E",8,465.007300447509,775.471698113207
2025,"MX","E",11,630.701463271312,1152.83018867925
2025,"MX","E",13,621.967467911501,1107.54716981132
2025,"SC","A",2,757.420552826983,590.566037735849
2025,"SC","A",4,746.849432676721,596.22641509434
2025,"SC","A",8,527.248670252321,516.981132075472
2025,"SC","A",12,812.843682359075,652.830188679245
2025,"SC","A",15,435.445451535076,535.849056603774
2025,"SC","C",3,680.637225289155,524.528301886792
2025,"SC","C",5,431.295362596437,441.509433962264
2025,"SC","C",7,322.072545078518,322.641509433962
2025,"SC","C",11,697.543908101916,526.415094339623
2025,"SC","C",13,543.683157437458,449.056603773585
2025,"SC","E",1,726.148776418899,641.509433962264
2025,"SC","E",6,689.736306980731,726.415094339623
2025,"SC","E",9,805.938710812904,873.584905660377
2025,"SC","E",10,796.65308751689,777.358490566038
2025,"SC","E",14,676.158978191054,779.245283018868
2025,"SP","A",2,267.183384154262,296.22641509434
2025,"SP","A",5,0,0
2025,"SP","A",9,1023.11498898489,781.132075471698
2025,"SP","A",11,420.789370514301,732.075471698113
2025,"SP","A",13,568.727987801748,573.584905660377
2025,"SP","C",3,177.67897502416,298.11320754717
2025,"SP","C",6,323.84296771291,450.943396226415
2025,"SP","C",7,285.962278741744,481.132075471698
2025,"SP","C",12,330.245638382095,441.509433962264
2025,"SP","C",15,473.154789860534,486.792452830189
2025,"SP","E",1,590.885406533711,571.698113207547
2025,"SP","E",4,532.166227772143,688.679245283019
2025,"SP","E",8,539.997327379163,741.509433962264
2025,"SP","E",10,585.004505480809,1128.30188679245
2025,"SP","E",14,492.091682613713,779.245283018868
