"Year","Community","Treatment","Chamber","SPmass_m2","DImass_m2","OTHERmass_m2","SPdensity_m2","DIdensity_m2","OTHERdensity_m2"
1987,"MX","A",2,167.1,120.3,0,2280,1240,0
1987,"MX","A",6,293.1,38.3,0,3260,280,0
1987,"MX","A",9,314.6,103.4,0,3640,900,0
1987,"MX","A",12,275.8,231.7,0,2420,1860,0
1987,"MX","A",15,286.2,72.8,0,3220,280,0
1987,"MX","C",3,390.1,154.7,0,2900,1440,0
1987,"MX","C",5,285.4,41.5,0,2860,360,0
1987,"MX","C",7,0,382.4,0,0,4480,0
1987,"MX","C",10,374.9,48.7,0,3720,680,0
1987,"MX","C",14,468,0,0,5300,0,0
1987,"MX","E",1,184.5,227.4,0,2740,1420,0
1987,"MX","E",4,202,94.4,0,4300,940,0
1987,"MX","E",8,0,411.4,0,0,3680,0
1987,"MX","E",11,596.3,12.7,0,6560,160,0
1987,"MX","E",13,244,138.7,0,2500,840,0
1987,"SC","A",2,0,0,0,0,0,0
1987,"SC","A",4,0,0,0,0,0,0
1987,"SC","A",8,0,0,0,0,0,0
1987,"SC","A",12,0,0,0,0,0,0
1987,"SC","A",15,0,0,0,0,0,0
1987,"SC","C",3,0,0,0,0,0,0
1987,"SC","C",5,0,0,0,0,0,0
1987,"SC","C",7,0,0,0,0,0,0
1987,"SC","C",11,0,0,0,0,0,0
1987,"SC","C",13,0,0,0,0,0,0
1987,"SC","E",1,0,0,0,0,0,0
1987,"SC","E",6,0,0,0,0,0,0
1987,"SC","E",9,0,0,0,0,0,0
1987,"SC","E",10,0,0,0,0,0,0
1987,"SC","E",14,0,0,0,0,0,0
1987,"SP","A",2,539.2,0,0,-99,0,0
1987,"SP","A",5,486.7,0,0,-99,0,0
1987,"SP","A",9,415.1,0,0,-99,0,0
1987,"SP","A",11,363.9,0,0,-99,0,0
1987,"SP","A",13,236.7,0,0,-99,0,0
1987,"SP","C",3,327.1,0,0,-99,0,0
1987,"SP","C",6,374,0,0,-99,0,0
1987,"SP","C",7,250,0,0,-99,0,0
1987,"SP","C",12,324,0,0,-99,0,0
1987,"SP","C",15,480.7,0,0,-99,0,0
1987,"SP","E",1,315,0,0,-99,0,0
1987,"SP","E",4,453.4,0,0,-99,0,0
1987,"SP","E",8,340.9,0,0,-99,0,0
1987,"SP","E",10,195.2,0,0,-99,0,0
1987,"SP","E",14,367.1,0,0,-99,0,0
1988,"MX","A",2,194.77,307.52,0,1480,1420,0
1988,"MX","A",6,541.53,88.73,0,4620,540,0
1988,"MX","A",9,132.74,178.45,0,1600,1580,0
1988,"MX","A",12,343.42,233.87,0,2080,1420,0
1988,"MX","A",15,490.38,89.91,0,2940,520,0
1988,"MX","C",3,150.92,319.3,0,2000,1560,0
1988,"MX","C",5,663.2,158.19,0,4220,540,0
1988,"MX","C",7,0,600.17,0,0,4000,0
1988,"MX","C",10,452.11,89.37,0,3360,760,0
1988,"MX","C",14,651.39,34.5,0,4520,280,0
1988,"MX","E",1,301.64,369.15,0,1620,2040,0
1988,"MX","E",4,357.58,171.12,0,2740,1300,0
1988,"MX","E",8,0,549.49,0,0,3040,0
1988,"MX","E",11,466.87,36.78,0,3120,400,0
1988,"MX","E",13,369.85,217.07,0,2680,1220,0
1988,"SC","A",2,0,0,0,0,0,0
1988,"SC","A",4,0,0,0,0,0,0
1988,"SC","A",8,0,0,0,0,0,0
1988,"SC","A",12,0,0,0,0,0,0
1988,"SC","A",15,0,0,0,0,0,0
1988,"SC","C",3,0,0,0,0,0,0
1988,"SC","C",5,0,0,0,0,0,0
1988,"SC","C",7,0,0,0,0,0,0
1988,"SC","C",11,0,0,0,0,0,0
1988,"SC","C",13,0,0,0,0,0,0
1988,"SC","E",1,0,0,0,0,0,0
1988,"SC","E",6,0,0,0,0,0,0
1988,"SC","E",9,0,0,0,0,0,0
1988,"SC","E",10,0,0,0,0,0,0
1988,"SC","E",14,0,0,0,0,0,0
1988,"SP","A",2,476.214,0,0,2500,0,0
1988,"SP","A",5,700.615,0,0,4420,0,0
1988,"SP","A",9,348.369,0,0,2220,0,0
1988,"SP","A",11,329.789,0,0,2680,0,0
1988,"SP","A",13,307.52,0,0,3740,0,0
1988,"SP","C",3,363.011,0,0,2580,0,0
1988,"SP","C",6,724.284,0,0,5580,0,0
1988,"SP","C",7,547.218,0,0,5540,0,0
1988,"SP","C",12,571.817,0,0,4640,0,0
1988,"SP","C",15,629.379,0,0,5260,0,0
1988,"SP","E",1,237.223,0,0,1980,0,0
1988,"SP","E",4,718.462,0,0,3940,0,0
1988,"SP","E",8,316.882,0,0,3920,0,0
1988,"SP","E",10,297.729,0,0,2940,0,0
1988,"SP","E",14,336.18,0,0,2640,0,0
1989,"MX","A",2,686.48,546.552,-99,5480,3120,-99
1989,"MX","A",6,498.212,145.988,-99,5520,1000,-99
1989,"MX","A",9,570.76,222.912,-99,5440,1600,-99
1989,"MX","A",12,426.8,540.964,-99,3280,3120,-99
1989,"MX","A",15,801.12,97.08,-99,5000,920,-99
1989,"MX","C",3,564.44,272.02,-99,3640,1440,-99
1989,"MX","C",5,883.28,48.66,-99,6040,400,-99
1989,"MX","C",7,0,598.36,-99,0,3840,-99
1989,"MX","C",10,836.084,60.732,-99,6080,600,-99
1989,"MX","C",14,818.2,39.84,-99,5640,200,-99
1989,"MX","E",1,110.64,682.376,-99,1240,3760,-99
1989,"MX","E",4,785.76,233.372,-99,6520,1400,-99
1989,"MX","E",8,8.36,799.78,-99,40,4560,-99
1989,"MX","E",11,541.56,41.476,-99,3200,200,-99
1989,"MX","E",13,598.76,118.396,-99,4160,880,-99
1989,"SC","A",2,-99,-99,-99,153,0,46
1989,"SC","A",4,-99,-99,-99,5,37,29
1989,"SC","A",8,-99,-99,-99,9,137,14
1989,"SC","A",12,-99,-99,-99,75,43,6
1989,"SC","A",15,-99,-99,-99,0,680,0
1989,"SC","C",3,-99,-99,-99,4,0,4
1989,"SC","C",5,-99,-99,-99,68,7,8
1989,"SC","C",7,-99,-99,-99,0,0,17
1989,"SC","C",11,-99,-99,-99,8,153,18
1989,"SC","C",13,-99,-99,-99,66,248,3
1989,"SC","E",1,-99,-99,-99,3,104,74
1989,"SC","E",6,-99,-99,-99,313,119,10
1989,"SC","E",9,-99,-99,-99,0,146,48
1989,"SC","E",10,-99,-99,-99,6,0,59
1989,"SC","E",14,-99,-99,-99,7,605,7
1989,"SP","A",2,858.36,0,0,2760,0,0
1989,"SP","A",5,673.08,0,0,3160,0,0
1989,"SP","A",9,792.72,0,0,4680,0,0
1989,"SP","A",11,845,0,0,4880,0,0
1989,"SP","A",13,760.96,0,0,6120,0,0
1989,"SP","C",3,1215.36,0,0,5760,0,0
1989,"SP","C",6,824.24,0,0,4520,0,0
1989,"SP","C",7,644.56,0,0,4560,0,0
1989,"SP","C",12,824.96,0,0,5520,0,0
1989,"SP","C",15,799.52,0,0,5000,0,0
1989,"SP","E",1,941.52,0,0,3320,0,0
1989,"SP","E",4,838.4,0,0,2840,0,0
1989,"SP","E",8,807.84,0,0,4920,0,0
1989,"SP","E",10,836.4,0,0,4080,0,0
1989,"SP","E",14,894.24,0,0,6920,0,0
1990,"MX","A",2,454.6666667,485,-99,2133.333333,2600,-99
1990,"MX","A",6,55.96666667,451.9633333,-99,300,1966.666667,-99
1990,"MX","A",9,1035.333333,416.3333333,-99,5200,2633.333333,-99
1990,"MX","A",12,749,356.95,-99,3800,2400,-99
1990,"MX","A",15,1100.666667,198.6666667,-99,5133.333333,933.3333333,-99
1990,"MX","C",3,553.8333333,367.3333333,-99,3400,1933.333333,-99
1990,"MX","C",5,666.2666667,58.92333333,-99,3066.666667,366.6666667,-99
1990,"MX","C",7,0,624.7366667,-99,0,3400,-99
1990,"MX","C",10,937.5666667,125.6666667,-99,4766.666667,1266.666667,-99
1990,"MX","C",14,469.6666667,22,-99,4066.666667,133.3333333,-99
1990,"MX","E",1,57.8,651.76,-99,166.6666667,3733.333333,-99
1990,"MX","E",4,279.4,189.8,-99,1300,966.6666667,-99
1990,"MX","E",8,0,787.7,-99,0,4300,-99
1990,"MX","E",11,875.3333333,0.666666667,-99,3833.333333,33.33333333,-99
1990,"MX","E",13,678.3333333,219.55,-99,3266.666667,1366.666667,-99
1990,"SC","A",2,74.68,0,3.454,448,0,10
1990,"SC","A",4,4.92,10.68,9.81,24,61,3
1990,"SC","A",8,2.85,39.67,18.11,17,151,13
1990,"SC","A",12,14.57,26.1,2.65,176,161,14
1990,"SC","A",15,2.37,110.97,0.6,13,869,6
1990,"SC","C",3,0,0,52.675,0,0,4
1990,"SC","C",5,5.86,1.35,47.66,34,13,7
1990,"SC","C",7,0,0.244,4.733,0,2,33
1990,"SC","C",11,18.02,42.4,31.86,127,278,52
1990,"SC","C",13,35.74,60.21,0,218,324,0
1990,"SC","E",1,0,45.56,0.708,0,212,3
1990,"SC","E",6,67.91,24.33,5.96,314,97,4
1990,"SC","E",9,0.65,26.37,21.47,3,177,28
1990,"SC","E",10,2.47,0,37.92,10,0,111
1990,"SC","E",14,4.85,83.15,0,31,499,0
1990,"SP","A",2,1315.866667,0,0,5566.666667,0,0
1990,"SP","A",5,1265.666667,0,0,5666.666667,0,0
1990,"SP","A",9,1155.333333,0,0,6233.333333,0,0
1990,"SP","A",11,1700,0,0,9066.666667,0,0
1990,"SP","A",13,1272.333333,0,0,9366.666667,0,0
1990,"SP","C",3,1822.566667,0,0,8666.666667,0,0
1990,"SP","C",6,716.3333333,19.46666667,0,4100,200,0
1990,"SP","C",7,1296.333333,0,0,7333.333333,0,0
1990,"SP","C",12,599,0,0,4100,0,0
1990,"SP","C",15,933.3333333,0,0,4900,0,0
1990,"SP","E",1,725.3333333,0,0,3900,0,0
1990,"SP","E",4,1299.666667,0,0,5000,0,0
1990,"SP","E",8,1136.2,0,0,7066.666667,0,0
1990,"SP","E",10,1347.333333,0,0,6800,0,0
1990,"SP","E",14,1198.36,0,0,5966.666667,0,0
1991,"MX","A",2,265.04,260.432,-99,2240,2080,-99
1991,"MX","A",6,26.624,380.912,-99,400,1920,-99
1991,"MX","A",9,546.056,130.768,-99,3600,960,-99
1991,"MX","A",12,837.544,44.208,-99,5760,400,-99
1991,"MX","A",15,357.632,188.416,-99,2320,1120,-99
1991,"MX","C",3,715.456,199.12,-99,4720,1360,-99
1991,"MX","C",5,405.008,24.512,-99,2800,160,-99
1991,"MX","C",7,0,337.768,-99,0,3120,-99
1991,"MX","C",10,630.688,86.784,-99,4000,720,-99
1991,"MX","C",14,412.888,0,-99,4400,0,-99
1991,"MX","E",1,30.208,483.392,-99,160,2880,-99
1991,"MX","E",4,453.016,173.24,-99,2400,880,-99
1991,"MX","E",8,0,749.448,-99,0,5600,-99
1991,"MX","E",11,776.056,0,-99,4000,0,-99
1991,"MX","E",13,851.432,88.808,-99,5120,880,-99
1991,"SC","A",2,0,0,-99,0,0,-99
1991,"SC","A",4,0,0,-99,0,0,-99
1991,"SC","A",8,0,0,-99,0,0,-99
1991,"SC","A",12,0,0,-99,0,0,-99
1991,"SC","A",15,0,0,-99,0,0,-99
1991,"SC","C",3,0,0,-99,0,0,-99
1991,"SC","C",5,0,0,-99,0,0,-99
1991,"SC","C",7,0,0,-99,0,0,-99
1991,"SC","C",11,0,0,-99,0,0,-99
1991,"SC","C",13,0,0,-99,0,0,-99
1991,"SC","E",1,0,0,-99,0,0,-99
1991,"SC","E",6,0,0,-99,0,0,-99
1991,"SC","E",9,0,0,-99,0,0,-99
1991,"SC","E",10,0,0,-99,0,0,-99
1991,"SC","E",14,0,0,-99,0,0,-99
1991,"SP","A",2,1190.064,0,0,6720,0,0
1991,"SP","A",5,839.024,0,0,6240,0,0
1991,"SP","A",9,976.312,0,0,5920,0,0
1991,"SP","A",11,645.176,0,0,4080,0,0
1991,"SP","A",13,693.888,0,0,5280,0,0
1991,"SP","C",3,613.024,0,0,2560,0,0
1991,"SP","C",6,654.032,0,0,4080,0,0
1991,"SP","C",7,836.44,0,0,6720,0,0
1991,"SP","C",12,699.984,0,0,5920,0,0
1991,"SP","C",15,563.872,0,0,4480,0,0
1991,"SP","E",1,566.456,0,0,4720,0,0
1991,"SP","E",4,358.408,0,0,2560,0,0
1991,"SP","E",8,702.984,0,0,6080,0,0
1991,"SP","E",10,799.416,0,0,4640,0,0
1991,"SP","E",14,580.448,0,0,3920,0,0
1992,"MX","A",2,146.112,320.984,-99,1360,1520,-99
1992,"MX","A",6,209.744,289.184,-99,1680,2080,-99
1992,"MX","A",9,556.936,35.824,-99,4000,240,-99
1992,"MX","A",12,677.696,92.184,-99,4720,800,-99
1992,"MX","A",15,73.312,203.776,-99,720,880,-99
1992,"MX","C",3,417.328,182.296,-99,3840,1840,-99
1992,"MX","C",5,634.184,54.472,-99,4800,480,-99
1992,"MX","C",7,0,409.36,-99,0,4080,-99
1992,"MX","C",10,743.576,45.952,-99,6160,320,-99
1992,"MX","C",14,653.024,2.368,-99,5440,80,-99
1992,"MX","E",1,94.96,508.848,-99,800,3520,-99
1992,"MX","E",4,254.984,122.544,-99,1440,1200,-99
1992,"MX","E",8,0,459.248,-99,0,2960,-99
1992,"MX","E",11,535.92,14.08,-99,4400,80,-99
1992,"MX","E",13,494.208,39.72,-99,3760,1360,-99
1992,"SC","A",2,0,0,-99,0,0,-99
1992,"SC","A",4,0,0,-99,0,0,-99
1992,"SC","A",8,0,0,-99,0,0,-99
1992,"SC","A",12,0,0,-99,0,0,-99
1992,"SC","A",15,0,0,-99,0,0,-99
1992,"SC","C",3,0,0,-99,0,0,-99
1992,"SC","C",5,0,0,-99,0,0,-99
1992,"SC","C",7,0,0,-99,0,0,-99
1992,"SC","C",11,0,0,-99,0,0,-99
1992,"SC","C",13,0,0,-99,0,0,-99
1992,"SC","E",1,0,0,-99,0,0,-99
1992,"SC","E",6,0,0,-99,0,0,-99
1992,"SC","E",9,0,0,-99,0,0,-99
1992,"SC","E",10,0,0,-99,0,0,-99
1992,"SC","E",14,0,0,-99,0,0,-99
1992,"SP","A",2,787.584,0,0,5600,0,0
1992,"SP","A",5,907.752,0,0,5520,0,0
1992,"SP","A",9,645.048,0,0,3680,0,0
1992,"SP","A",11,517.872,0,0,4480,0,0
1992,"SP","A",13,852.784,0,0,7760,0,0
1992,"SP","C",3,582.368,0,0,3360,0,0
1992,"SP","C",6,777.272,0,0,5680,0,0
1992,"SP","C",7,1009.704,0,0,10240,0,0
1992,"SP","C",12,887.384,0,0,9520,0,0
1992,"SP","C",15,931.072,0,0,8240,0,0
1992,"SP","E",1,445.264,0,0,3360,0,0
1992,"SP","E",4,846.36,0,0,5520,0,0
1992,"SP","E",8,502.208,0,0,3760,0,0
1992,"SP","E",10,828.192,0,0,5040,0,0
1992,"SP","E",14,601.064,0,0,4560,0,0
1993,"MX","A",2,92,323.2,-99,480,2160,-99
1993,"MX","A",6,420.8,189.6,-99,2400,1440,-99
1993,"MX","A",9,700.8,269.6,-99,4320,1360,-99
1993,"MX","A",12,540,77.6,-99,3840,720,-99
1993,"MX","A",15,4,552.8,-99,80,2240,-99
1993,"MX","C",3,815.2,189.6,-99,4240,1040,-99
1993,"MX","C",5,840.88,171.2,-99,4320,640,-99
1993,"MX","C",7,0,244.8,-99,0,2080,-99
1993,"MX","C",10,884,2.4,-99,5280,80,-99
1993,"MX","C",14,734.4,23.2,-99,6480,240,-99
1993,"MX","E",1,0,424.8,-99,0,2400,-99
1993,"MX","E",4,122.4,269.056,-99,640,1680,-99
1993,"MX","E",8,0,575.2,-99,0,2880,-99
1993,"MX","E",11,330.4,28,-99,2320,160,-99
1993,"MX","E",13,447.2,64.8,-99,3200,480,-99
1993,"SC","A",2,19.8,28.7,0,75,144,0
1993,"SC","A",4,14.2,19.9,1.94,56,135,15
1993,"SC","A",8,1.34,81.71,2.91,8,347,3
1993,"SC","A",12,1.46,72.6,21.12,14,535,9
1993,"SC","A",15,0,198.91,1.39,0,1133,1
1993,"SC","C",3,0,0,7.26,0,0,9
1993,"SC","C",5,3.5,2.99,32.43,21,26,14
1993,"SC","C",7,0,4.79,37.01,0,13,105
1993,"SC","C",11,56.8,77.9,21.02,325,550,23
1993,"SC","C",13,78.9,84,0,498,597,0
1993,"SC","E",1,32.9,3.67,0,186,19,0
1993,"SC","E",6,50.71,16.2,0,186,91,0
1993,"SC","E",9,0.39,19.52,92.96,4,123,94
1993,"SC","E",10,2.08,0,106.55,9,0,140
1993,"SC","E",14,11.94,119.98,3.2,69,817,5
1993,"SP","A",2,506.08,0,0,2800,0,0
1993,"SP","A",5,521.6,0,0,3520,0,0
1993,"SP","A",9,540,0,0,4880,0,0
1993,"SP","A",11,649.6,0,0,5200,0,0
1993,"SP","A",13,788.8,0,0,7200,0,0
1993,"SP","C",3,685.6,0,0,4400,0,0
1993,"SP","C",6,464.8,0,0,3200,0,0
1993,"SP","C",7,771.2,0,0,6400,0,0
1993,"SP","C",12,852,0,0,7360,0,0
1993,"SP","C",15,496.8,0,0,3840,0,0
1993,"SP","E",1,549.6,0,0,4160,0,0
1993,"SP","E",4,1032,0,0,4480,0,0
1993,"SP","E",8,497.6,0,0,6160,0,0
1993,"SP","E",10,800.8,0,0,6240,0,0
1993,"SP","E",14,1037.6,0,0,8400,0,0
1994,"MX","A",2,95.52,180.08,0,400,1040,0
1994,"MX","A",6,205.92,165.2,0,1200,1040,0
1994,"MX","A",9,647.12,94,0,3200,800,0
1994,"MX","A",12,100.16,513.2,0,960,2960,0
1994,"MX","A",15,15.84,276.32,15.04,80,1600,160
1994,"MX","C",3,702.64,70.96,0,4080,560,0
1994,"MX","C",5,998.4,42.72,0,4400,400,0
1994,"MX","C",7,0,578.16,0,0,3440,0
1994,"MX","C",10,546.4,202.4,0,4480,1360,0
1994,"MX","C",14,381.36,734.56,0,2880,3600,0
1994,"MX","E",1,27.36,190.64,0,160,1360,0
1994,"MX","E",4,256.24,212.72,0,800,1120,0
1994,"MX","E",8,92.08,850,0,720,4320,0
1994,"MX","E",11,203.6,232.96,0,1520,1040,0
1994,"MX","E",13,398.4,404.48,0,3120,1760,0
1994,"SC","A",2,0,0,0,0,0,0
1994,"SC","A",4,0,0,0,0,0,0
1994,"SC","A",8,0,0,0,0,0,0
1994,"SC","A",12,0,0,0,0,0,0
1994,"SC","A",15,0,0,0,0,0,0
1994,"SC","C",3,0,0,0,0,0,0
1994,"SC","C",5,0,0,0,0,0,0
1994,"SC","C",7,0,0,0,0,0,0
1994,"SC","C",11,0,0,0,0,0,0
1994,"SC","C",13,0,0,0,0,0,0
1994,"SC","E",1,0,0,0,0,0,0
1994,"SC","E",6,0,0,0,0,0,0
1994,"SC","E",9,0,0,0,0,0,0
1994,"SC","E",10,0,0,0,0,0,0
1994,"SC","E",14,0,0,0,0,0,0
1994,"SP","A",2,949.12,0,0,4640,0,0
1994,"SP","A",5,816,0,0,2720,0,0
1994,"SP","A",9,960,0,0,4080,0,0
1994,"SP","A",11,826.4,0,0,4960,0,0
1994,"SP","A",13,936,0,0,7040,0,0
1994,"SP","C",3,1198.64,0,0,7360,0,0
1994,"SP","C",6,1016,0,0,6080,0,0
1994,"SP","C",7,895.28,0,0,6160,0,0
1994,"SP","C",12,1843.2,0,0,11200,0,0
1994,"SP","C",15,1288.8,0,0,7600,0,0
1994,"SP","E",1,653.6,0,0,3120,0,0
1994,"SP","E",4,1079.6,0,0,4560,0,0
1994,"SP","E",8,659.04,0,0,3120,0,0
1994,"SP","E",10,860.8,0,0,4080,0,0
1994,"SP","E",14,1008,0,0,4240,0,0
1995,"MX","A",2,95.2,341.6,-99,560,1360,-99
1995,"MX","A",6,100.8,132,-99,640,640,-99
1995,"MX","A",9,542.4,136.8,-99,2960,720,-99
1995,"MX","A",12,734.32,17.68,-99,3920,160,-99
1995,"MX","A",15,35.2,478.4,-99,240,1680,-99
1995,"MX","C",3,729.6,72,-99,4560,320,-99
1995,"MX","C",5,978.4,20,-99,4640,80,-99
1995,"MX","C",7,0,429.6,-99,0,1760,-99
1995,"MX","C",10,393.6,48.8,-99,2320,240,-99
1995,"MX","C",14,660.8,0,-99,4320,0,-99
1995,"MX","E",1,124.8,506.4,-99,400,2560,-99
1995,"MX","E",4,102.4,354.4,-99,480,1840,-99
1995,"MX","E",8,169.6,733.6,-99,640,2960,-99
1995,"MX","E",11,452,31.92,-99,2640,240,-99
1995,"MX","E",13,440.8,8,-99,2320,160,-99
1995,"SC","A",2,265.6,0,0,1280,0,0
1995,"SC","A",4,53.92,86.4,0,480,720,0
1995,"SC","A",8,0,552.8,0,0,1920,0
1995,"SC","A",12,0,492,0,0,3040,0
1995,"SC","A",15,0,410.4,0,0,2160,0
1995,"SC","C",3,0,0,0,0,0,0
1995,"SC","C",5,65.6,0,0,400,0,0
1995,"SC","C",7,0,0,0,0,0,0
1995,"SC","C",11,192,300,0,1440,1680,0
1995,"SC","C",13,452,622.4,0,2640,3760,0
1995,"SC","E",1,14.4,162.4,0,80,640,0
1995,"SC","E",6,146.4,20.8,0,1040,160,0
1995,"SC","E",9,0,110.64,252,0,560,240
1995,"SC","E",10,78.24,0,24.8,320,0,80
1995,"SC","E",14,0,450.4,0,0,2400,0
1995,"SP","A",2,-99,-99,-99,-99,-99,-99
1995,"SP","A",5,-99,-99,-99,-99,-99,-99
1995,"SP","A",9,-99,-99,-99,-99,-99,-99
1995,"SP","A",11,-99,-99,-99,-99,-99,-99
1995,"SP","A",13,-99,-99,-99,-99,-99,-99
1995,"SP","C",3,-99,-99,-99,-99,-99,-99
1995,"SP","C",6,-99,-99,-99,-99,-99,-99
1995,"SP","C",7,-99,-99,-99,-99,-99,-99
1995,"SP","C",12,-99,-99,-99,-99,-99,-99
1995,"SP","C",15,-99,-99,-99,-99,-99,-99
1995,"SP","E",1,-99,-99,-99,-99,-99,-99
1995,"SP","E",4,-99,-99,-99,-99,-99,-99
1995,"SP","E",8,-99,-99,-99,-99,-99,-99
1995,"SP","E",10,-99,-99,-99,-99,-99,-99
1995,"SP","E",14,-99,-99,-99,-99,-99,-99
1996,"MX","A",2,207.76,131.12,-99,1200,1120,-99
1996,"MX","A",6,100.08,358.24,-99,720,2320,-99
1996,"MX","A",9,173.68,107.84,-99,1360,1200,-99
1996,"MX","A",12,195.2,81.6,-99,1120,480,-99
1996,"MX","A",15,74.48,186.56,-99,320,1120,-99
1996,"MX","C",3,628.4,74.72,-99,4320,720,-99
1996,"MX","C",5,1095.52,104.08,-99,6400,720,-99
1996,"MX","C",7,0,180.24,-99,0,1920,-99
1996,"MX","C",10,510.16,4.16,-99,4160,80,-99
1996,"MX","C",14,502.96,12.9,-99,5040,160,-99
1996,"MX","E",1,112.4,148.64,-99,1120,1200,-99
1996,"MX","E",4,211.84,233.04,-99,1280,1520,-99
1996,"MX","E",8,202.4,476.8,-99,1360,2720,-99
1996,"MX","E",11,383.36,0,-99,2800,0,-99
1996,"MX","E",13,251.28,110.32,-99,960,640,-99
1996,"SC","A",2,469.84,0,0,2320,0,0
1996,"SC","A",4,65.92,199.84,0,320,1120,0
1996,"SC","A",8,8.8,421.44,0,80,2080,0
1996,"SC","A",12,11.52,1059.04,0,160,8560,0
1996,"SC","A",15,0,588.56,0,0,3280,0
1996,"SC","C",3,0,0,0,0,0,80
1996,"SC","C",5,277.84,86.4,319.6,1760,400,240
1996,"SC","C",7,9.6,92.56,67.68,80,560,320
1996,"SC","C",11,225.6,29.28,143.2,1600,160,160
1996,"SC","C",13,591.36,182.32,0,3200,1600,0
1996,"SC","E",1,51.04,163.2,0,320,880,0
1996,"SC","E",6,461.84,61.76,0,1920,400,0
1996,"SC","E",9,17.44,206.24,142.24,80,1120,320
1996,"SC","E",10,346.32,0,41.04,1760,0,400
1996,"SC","E",14,0,265.52,0,0,2400,0
1996,"SP","A",2,504.24,0,0,2240,0,0
1996,"SP","A",5,203.2,0,0,880,0,0
1996,"SP","A",9,535.52,0,0,2880,0,0
1996,"SP","A",11,1114.24,0,0,5680,0,0
1996,"SP","A",13,325.6,0,0,3200,0,0
1996,"SP","C",3,628.32,0,0,3440,0,0
1996,"SP","C",6,670.88,0,0,4400,0,0
1996,"SP","C",7,658.32,0,0,4720,0,0
1996,"SP","C",12,796.56,0,0,6480,0,0
1996,"SP","C",15,974.48,0,0,5600,0,0
1996,"SP","E",1,1080.88,0,0,6080,0,0
1996,"SP","E",4,651.52,0,0,3680,0,0
1996,"SP","E",8,405.52,0,0,2400,0,0
1996,"SP","E",10,576,0,0,2960,0,0
1996,"SP","E",14,426.16,0,0,2560,0,0
1997,"MX","A",2,151.04,194.24,0,880,1040,0
1997,"MX","A",6,33.36,138,0,320,880,0
1997,"MX","A",9,37.68,85.6,0,560,880,0
1997,"MX","A",12,34.24,0,0,80,0,0
1997,"MX","A",15,68.24,234.32,0,320,1360,0
1997,"MX","C",3,561.6,120.88,0,3120,1200,0
1997,"MX","C",5,1129.6,0,0,6400,0,0
1997,"MX","C",7,0,317.36,0,0,2400,0
1997,"MX","C",10,297.44,0,50.32,2000,0,160
1997,"MX","C",14,1093.28,163.84,0,8880,880,0
1997,"MX","E",1,110.64,118.4,1.44,560,960,80
1997,"MX","E",4,124.48,82.08,1.12,720,640,80
1997,"MX","E",8,198.16,159.6,1.36,960,1520,80
1997,"MX","E",11,183.52,0,0,1280,0,0
1997,"MX","E",13,569.84,48.8,0.64,2560,240,80
1997,"SC","A",2,712.24,0,0,2800,0,0
1997,"SC","A",4,48,61.44,2.24,320,560,80
1997,"SC","A",8,0,412,15.92,0,2000,80
1997,"SC","A",12,49.2,492,0,320,3680,0
1997,"SC","A",15,0,704.96,0,0,4400,0
1997,"SC","C",3,0,0,225.76,0,0,640
1997,"SC","C",5,134.32,95.68,2.32,880,480,80
1997,"SC","C",7,0,1.84,76.32,0,80,1120
1997,"SC","C",11,496.24,255.36,0,3040,2000,0
1997,"SC","C",13,354.4,68.64,55.68,2560,560,160
1997,"SC","E",1,24,13.92,0,80,160,0
1997,"SC","E",6,177.28,40.4,0,1040,240,0
1997,"SC","E",9,0,93.36,134.48,0,560,480
1997,"SC","E",10,127.52,0,0,560,0,0
1997,"SC","E",14,3.84,289.04,0,160,2320,0
1997,"SP","A",2,452.88,0,0,2880,0,0
1997,"SP","A",5,765.6,0,0,4800,0,0
1997,"SP","A",9,1717.84,0,0,8240,0,0
1997,"SP","A",11,1071.04,0,0,6000,0,0
1997,"SP","A",13,365.12,0,0,2640,0,0
1997,"SP","C",3,701.44,0,0,3760,0,0
1997,"SP","C",6,1149.68,0,0,6400,0,0
1997,"SP","C",7,1381.36,0,0,8720,0,0
1997,"SP","C",12,696.48,0,88.16,6640,0,80
1997,"SP","C",15,520.4,0,2.56,3520,0,160
1997,"SP","E",1,733.76,0,0,4160,0,0
1997,"SP","E",4,767.76,0,0,3600,0,0
1997,"SP","E",8,661.36,0,0,4480,0,0
1997,"SP","E",10,995.84,0,0,5520,0,0
1997,"SP","E",14,653.92,0,4.96,5200,0,80
1998,"MX","A",2,212.08,222.48,0,720,1200,0
1998,"MX","A",6,165.52,230.16,0,1600,1440,0
1998,"MX","A",9,248.08,113.84,0,1920,1040,0
1998,"MX","A",12,331.76,55.12,0,2720,560,0
1998,"MX","A",15,123.28,179.84,0,800,1120,0
1998,"MX","C",3,738.08,192,0,4480,1440,0
1998,"MX","C",5,650.08,0,0,3360,0,0
1998,"MX","C",7,94.88,323.76,0,640,2080,80
1998,"MX","C",10,458.72,45.04,0,3040,480,80
1998,"MX","C",14,444.24,53.44,0,3920,400,0
1998,"MX","E",1,45.28,100.24,0,480,640,0
1998,"MX","E",4,51.44,232.72,0,160,1440,0
1998,"MX","E",8,112.48,295.92,0,640,2320,0
1998,"MX","E",11,262.56,31.6,0,1680,160,0
1998,"MX","E",13,343.84,0,0,2080,0,0
1998,"SC","A",2,324.64,0,0,1680,0,0
1998,"SC","A",4,54.24,128.8,0,400,720,0
1998,"SC","A",8,46.56,143.36,4.64,160,880,80
1998,"SC","A",12,33.84,399.2,0,160,2480,0
1998,"SC","A",15,0,669.76,5.76,0,3280,80
1998,"SC","C",3,26.16,0,0,80,0,0
1998,"SC","C",5,93.2,259.36,0,320,1360,0
1998,"SC","C",7,0,138.4,45.92,0,960,2000
1998,"SC","C",11,400,192.08,0,2160,1600,0
1998,"SC","C",13,758.56,152.72,0,4800,720,0
1998,"SC","E",1,0,81.52,0,0,480,0
1998,"SC","E",6,94.24,84.56,0,720,480,0
1998,"SC","E",9,0,59.44,105.2,0,480,560
1998,"SC","E",10,246.64,2.4,53.04,1280,320,400
1998,"SC","E",14,0,258,0,0,1680,0
1998,"SP","A",2,752.64,0,0,3040,0,0
1998,"SP","A",5,1035.52,32.4,0,4880,80,0
1998,"SP","A",9,1040.8,0,0,5920,0,0
1998,"SP","A",11,710.16,28.96,0,4240,160,0
1998,"SP","A",13,582.48,0,0,3840,0,0
1998,"SP","C",3,1228.72,0,0,5040,0,0
1998,"SP","C",6,947.12,0,0,5040,0,0
1998,"SP","C",7,730.72,0,0,6240,0,0
1998,"SP","C",12,1039.28,0,0,6960,0,0
1998,"SP","C",15,1008,0,0,6480,0,0
1998,"SP","E",1,475.2,0,0,2640,0,0
1998,"SP","E",4,263.6,10.16,0,1440,80,0
1998,"SP","E",8,381.36,0,0,2400,0,0
1998,"SP","E",10,573.52,0,0,2720,0,0
1998,"SP","E",14,710.48,0,0,4480,0,0
1999,"MX","A",2,159.76,255.2,0,1360,1360,0
1999,"MX","A",6,152.16,115.52,0,1040,880,0
1999,"MX","A",9,85.44,157.04,1.6,560,1120,160
1999,"MX","A",12,159.04,98.64,0,2000,960,0
1999,"MX","A",15,48.08,131.2,0,400,560,0
1999,"MX","C",3,578.72,48.4,0,4960,400,0
1999,"MX","C",5,844.32,0,1.52,8720,0,80
1999,"MX","C",7,131.76,300.4,8.08,1280,2080,160
1999,"MX","C",10,698.96,58.08,0.32,5680,320,80
1999,"MX","C",14,439.12,140,0.56,4000,1040,80
1999,"MX","E",1,284.56,121.68,0,2240,880,0
1999,"MX","E",4,43.6,113.84,0,480,640,0
1999,"MX","E",8,326.64,182.4,0,1920,1680,0
1999,"MX","E",11,233.28,33.36,0,1680,240,0
1999,"MX","E",13,221.36,16.48,0,1840,80,0
1999,"SC","A",2,244.88,0,0,1520,0,0
1999,"SC","A",4,77.44,150.16,0,480,1200,0
1999,"SC","A",8,0,472,0,0,1920,0
1999,"SC","A",12,59.2,469.6,587.04,320,2800,80
1999,"SC","A",15,0,234.24,10.08,0,1200,80
1999,"SC","C",3,48.96,0,84.08,400,0,240
1999,"SC","C",5,356.48,65.84,0,2720,560,0
1999,"SC","C",7,0,0,71.76,0,0,240
1999,"SC","C",11,1191.36,83.68,0,8640,800,0
1999,"SC","C",13,871.92,99.92,0,5520,480,0
1999,"SC","E",1,18.4,114.56,0,160,720,0
1999,"SC","E",6,102.56,52.88,0,960,400,0
1999,"SC","E",9,26.72,16.08,55.52,320,160,320
1999,"SC","E",10,149.68,26.48,18.08,960,240,160
1999,"SC","E",14,34.72,113.04,0,320,880,0
1999,"SP","A",2,544.08,0,0,3760,0,0
1999,"SP","A",5,580.8,0,0,5360,0,0
1999,"SP","A",9,300.24,0,0,2160,0,0
1999,"SP","A",11,267.36,47.36,0,2160,160,0
1999,"SP","A",13,329.6,0,0,2800,0,0
1999,"SP","C",3,1047.28,0,4,5920,0,320
1999,"SP","C",6,869.04,0,0.64,4400,0,80
1999,"SP","C",7,430.48,0,31.44,3840,0,320
1999,"SP","C",12,880.48,0,0,8320,0,0
1999,"SP","C",15,725.12,0,0,5440,0,0
1999,"SP","E",1,514.32,0,0,3680,0,0
1999,"SP","E",4,576.16,0,0,3200,0,0
1999,"SP","E",8,433.92,0,0,4240,0,0
1999,"SP","E",10,638.64,0,0,4400,0,0
1999,"SP","E",14,191.76,0,0,1280,0,0
2000,"MX","A",2,176.72,145.68,0,1200,1360,0
2000,"MX","A",6,198.16,42.08,0,1280,320,0
2000,"MX","A",9,0,149.44,0,0,1280,0
2000,"MX","A",12,26,30.4,0,160,160,0
2000,"MX","A",15,0,-99,0,0,3680,0
2000,"MX","C",3,510.64,47.92,4.4,3280,320,80
2000,"MX","C",5,670.16,244.64,0,4160,800,0
2000,"MX","C",7,289.92,484.2,19.36,1920,3520,240
2000,"MX","C",10,326.32,70.24,0,2400,400,0
2000,"MX","C",14,388.32,93.84,0.48,2720,480,80
2000,"MX","E",1,98.72,189.76,0.08,800,1840,80
2000,"MX","E",4,61.52,137.52,0,240,900,0
2000,"MX","E",8,198.56,150.64,0,1360,1040,0
2000,"MX","E",11,178.64,57.44,0,1120,480,0
2000,"MX","E",13,297.2,75.44,0,1600,480,0
2000,"SC","A",2,437.68,0,0,2720,0,0
2000,"SC","A",4,40.64,106.8,0.96,160,880,80
2000,"SC","A",8,3.68,312.4,0,80,1600,0
2000,"SC","A",12,182,764.72,314.88,1280,5280,160
2000,"SC","A",15,0,572.56,0.48,0,3680,80
2000,"SC","C",3,130.8,0,27.28,880,0,80
2000,"SC","C",5,228.8,72.24,34.8,1760,960,720
2000,"SC","C",7,0,56.72,3.36,0,400,160
2000,"SC","C",11,760.8,14.72,0,3760,400,0
2000,"SC","C",13,1323.68,28.16,2.56,7440,320,160
2000,"SC","E",1,23.36,70.08,0,320,480,0
2000,"SC","E",6,64.72,177.84,0,560,880,0
2000,"SC","E",9,0,95.84,19.84,0,560,80
2000,"SC","E",10,169.84,19.44,0,800,240,0
2000,"SC","E",14,11.92,187.2,0,240,2160,0
2000,"SP","A",2,474.24,0,0,2240,0,0
2000,"SP","A",5,583.28,0,0,3520,0,0
2000,"SP","A",9,766.88,0,0,3920,0,0
2000,"SP","A",11,38.4,101.04,1.44,800,640,80
2000,"SP","A",13,584.96,0,0,3440,0,0
2000,"SP","C",3,827.2,0,0,4960,0,0
2000,"SP","C",6,611.36,0,0.16,3920,0,160
2000,"SP","C",7,834.32,0,0,6240,0,0
2000,"SP","C",12,848.32,0,0,6000,0,0
2000,"SP","C",15,432.32,0,0,3680,0,0
2000,"SP","E",1,233.04,0,0.08,1280,0,80
2000,"SP","E",4,617.6,0,0,3040,0,0
2000,"SP","E",8,492.24,0,0,3920,0,0
2000,"SP","E",10,698.72,0,0,4160,0,0
2000,"SP","E",14,454.64,0,223.44,3040,0,160
2001,"MX","A",2,302,186.48,0,2240,1120,0
2001,"MX","A",6,319.2,100.4,0,1760,720,0
2001,"MX","A",9,81.28,136.08,0,1360,1120,0
2001,"MX","A",12,89.76,70.56,0,1280,800,0
2001,"MX","A",15,146.24,257.12,0,1200,1760,0
2001,"MX","C",3,496.8,170.88,0,3680,1600,0
2001,"MX","C",5,588.72,30.88,0,3840,160,0
2001,"MX","C",7,364.88,312,35.92,3440,2800,560
2001,"MX","C",10,535.92,175.2,0,4000,1760,0
2001,"MX","C",14,485.44,76.72,0,4320,720,0
2001,"MX","E",1,58.8,233.76,0.72,480,2080,80
2001,"MX","E",4,81.2,225.04,0,480,1520,0
2001,"MX","E",8,245.2,100.4,0,1200,640,0
2001,"MX","E",11,501.04,2,0,2960,80,0
2001,"MX","E",13,132.24,66.08,0,1360,400,0
2001,"SC","A",2,364.24,0,0,2000,0,0
2001,"SC","A",4,16.16,61.2,0,320,400,0
2001,"SC","A",8,67.9,550.56,0,320,2480,0
2001,"SC","A",12,71.36,722.4,0,880,5280,0
2001,"SC","A",15,0,599.36,0,0,4160,0
2001,"SC","C",3,400.4,66.24,0,3040,480,0
2001,"SC","C",5,451.04,0,0,3040,0,0
2001,"SC","C",7,0,123.28,0,0,800,0
2001,"SC","C",11,306.4,109.2,0,2560,1280,0
2001,"SC","C",13,816.32,119.28,0,5200,1040,0
2001,"SC","E",1,0,79.2,0,0,720,0
2001,"SC","E",6,194,83.44,0,1120,400,0
2001,"SC","E",9,12.32,89.92,26.8,160,1120,160
2001,"SC","E",10,324.72,0,0,1840,0,0
2001,"SC","E",14,103.92,292.88,0,1360,2080,0
2001,"SP","A",2,639.84,0,0,2720,0,0
2001,"SP","A",5,676,0,0,4000,0,0
2001,"SP","A",9,697.92,0,0,5200,0,0
2001,"SP","A",11,133.92,171.12,14.16,1360,1280,880
2001,"SP","A",13,372.76,0,0,2960,0,0
2001,"SP","C",3,581.04,0,0,3120,0,0
2001,"SP","C",6,706.48,0,0,4320,0,0
2001,"SP","C",7,708.08,0,0,5360,0,0
2001,"SP","C",12,901.6,0,0,6480,0,0
2001,"SP","C",15,1002.8,0,0,6880,0,0
2001,"SP","E",1,244.4,0,0,1600,0,0
2001,"SP","E",4,554.24,0,0,2560,0,0
2001,"SP","E",8,313.84,0,0,3360,0,0
2001,"SP","E",10,730.48,0,0,4880,0,0
2001,"SP","E",14,221.36,0,5.68,2080,0,160
2002,"MX","A",2,67.52,277.2,0,640,1680,0
2002,"MX","A",6,170.96,103.28,0,1280,800,0
2002,"MX","A",9,32.24,137.52,0,320,1280,0
2002,"MX","A",12,9.2,191.76,0,160,1440,0
2002,"MX","A",15,250.72,93.84,0,2080,640,0
2002,"MX","C",3,517.2,54.8,0,3840,240,0
2002,"MX","C",5,328.32,31.52,0.32,2560,160,80
2002,"MX","C",7,299.92,347.28,0,2400,2720,0
2002,"MX","C",10,622.48,138.24,0,4640,1360,0
2002,"MX","C",14,140.48,51.12,0,1360,400,0
2002,"MX","E",1,174.16,81.68,0,1280,560,0
2002,"MX","E",4,36.8,84.72,1.6,320,480,80
2002,"MX","E",8,230,89.76,0,2320,1040,0
2002,"MX","E",11,289.04,29.76,0,2160,320,0
2002,"MX","E",13,58,133.68,0,480,800,0
2002,"SC","A",2,277.6,0,0,2080,0,0
2002,"SC","A",4,104.08,51.6,0,880,400,0
2002,"SC","A",8,12.16,561.76,0,80,3200,0
2002,"SC","A",12,102.4,401.44,0,560,2400,0
2002,"SC","A",15,341.84,0,0,1920,0,0
2002,"SC","C",3,339.44,0,0,2080,0,0
2002,"SC","C",5,506.24,61.76,0,3680,480,0
2002,"SC","C",7,0,323.2,0,0,1840,0
2002,"SC","C",11,342.72,119.76,0,2880,800,0
2002,"SC","C",13,1730.4,85.92,0,8000,480,0
2002,"SC","E",1,0,27.6,0,0,240,0
2002,"SC","E",6,60.4,40,0,240,240,0
2002,"SC","E",9,25.44,54,13.68,160,640,80
2002,"SC","E",10,141.76,44.24,0,800,400,0
2002,"SC","E",14,82.88,252.56,0,720,1680,0
2002,"SP","A",2,435.12,0,0,2800,0,0
2002,"SP","A",5,862.16,0,267.12,4880,0,80
2002,"SP","A",9,694.56,0,0,4800,0,0
2002,"SP","A",11,40.8,374.24,1.28,320,2240,160
2002,"SP","A",13,515.68,0,0,8000,0,0
2002,"SP","C",3,647.52,0,0,3360,0,0
2002,"SP","C",6,735.36,0,0,4000,0,0
2002,"SP","C",7,385.6,0,0,3680,0,0
2002,"SP","C",12,818.16,0,0,6320,0,0
2002,"SP","C",15,476.56,0,0,3280,0,0
2002,"SP","E",1,206.88,0,0.96,1440,0,80
2002,"SP","E",4,381.28,0,0,2480,0,0
2002,"SP","E",8,465.44,0,0,4880,0,0
2002,"SP","E",10,306,0,0,4000,0,0
2002,"SP","E",14,384,0,4.792,4160,0,160
2003,"MX","A",2,77.6,141.92,0,560,1280,0
2003,"MX","A",6,227.52,175.2,0,1280,1440,0
2003,"MX","A",9,103.6,259.44,0.48,1360,2240,80
2003,"MX","A",12,32.24,155.68,0,160,1680,0
2003,"MX","A",15,542.32,210.88,0,3840,1520,0
2003,"MX","C",3,616,71.04,0,2720,640,0
2003,"MX","C",5,611.6,2.64,0,5200,80,0
2003,"MX","C",7,198.4,273.92,0,1520,2320,0
2003,"MX","C",10,434.8,99.6,0,3120,800,0
2003,"MX","C",14,406.4,219.04,0,3280,1360,0
2003,"MX","E",1,100.72,73.44,0,1200,640,0
2003,"MX","E",4,43.2,175.84,0.16,400,1200,80
2003,"MX","E",8,450.48,189.92,0,3440,1520,0
2003,"MX","E",11,317.92,118.64,0,2480,1040,0
2003,"MX","E",13,92.56,110.72,0,960,960,0
2003,"SC","A",2,69.84,0,0,480,0,0
2003,"SC","A",4,174.08,95.12,0,1120,800,0
2003,"SC","A",8,99.6,192.72,0,720,1280,0
2003,"SC","A",12,13.44,349.92,0,240,2640,0
2003,"SC","A",15,1.68,411.76,0,80,4480,0
2003,"SC","C",3,486.08,0,0,2720,0,0
2003,"SC","C",5,854.64,0,0,4960,0,0
2003,"SC","C",7,767.28,0,0,6480,0,0
2003,"SC","C",11,649.68,108.8,0,4320,960,0
2003,"SC","C",13,0,220.08,174.16,0,1200,80
2003,"SC","E",1,0,79.04,0,0,640,0
2003,"SC","E",6,0,129.92,0,0,960,0
2003,"SC","E",9,63.52,12.64,0,400,160,0
2003,"SC","E",10,180.64,6.32,0,1120,80,0
2003,"SC","E",14,89.6,166.32,0,800,1440,0
2003,"SP","A",2,320.72,0,0,2560,0,0
2003,"SP","A",5,646.88,0,0,4960,0,0
2003,"SP","A",9,273.92,0,0,2720,0,0
2003,"SP","A",11,32.72,435.44,6.88,560,3440,880
2003,"SP","A",13,275.76,0,0,2880,0,0
2003,"SP","C",3,478.72,0,0,2720,0,0
2003,"SP","C",6,480.08,0,0.24,3440,0,80
2003,"SP","C",7,490.24,0,0,4240,0,0
2003,"SP","C",12,1074.72,0,0,8080,0,0
2003,"SP","C",15,1240.96,0,0,7600,0,0
2003,"SP","E",1,293.6,0,30.16,1840,0,400
2003,"SP","E",4,552.96,0,0,5280,0,0
2003,"SP","E",8,325.68,0,3.04,4240,0,160
2003,"SP","E",10,669.52,0,0,5120,0,0
2003,"SP","E",14,51.2,0,214.08,640,0,4160
2004,"MX","A",2,127.36,95.36,0,1680,1120,0
2004,"MX","A",6,324.16,99.44,0,2400,880,0
2004,"MX","A",9,82.24,138.16,0,880,1200,0
2004,"MX","A",12,30.96,139.92,0,320,1760,0
2004,"MX","A",15,368.32,48.96,0,2560,480,0
2004,"MX","C",3,682.08,30.16,1.2,4320,240,80
2004,"MX","C",5,680.08,97.36,0.8,4240,640,80
2004,"MX","C",7,54.56,175.52,176.4,240,1200,1520
2004,"MX","C",10,360.8,284.56,2.72,2720,2480,160
2004,"MX","C",14,310.4,140.96,0,2720,1040,0
2004,"MX","E",1,160.48,159.84,0.8,1840,1280,80
2004,"MX","E",4,84.64,165.12,0,400,1680,0
2004,"MX","E",8,220.88,84.4,0,1920,640,0
2004,"MX","E",11,149.36,29.6,0,1200,400,0
2004,"MX","E",13,99.84,128.56,0.48,800,640,80
2004,"SC","A",2,0,25.12,0,0,320,0
2004,"SC","A",4,47.28,150.4,0,320,880,0
2004,"SC","A",8,38.48,233.28,0,320,1520,0
2004,"SC","A",12,21.52,531.84,0,160,4560,0
2004,"SC","A",15,0,351.52,0,0,2960,0
2004,"SC","C",3,301.36,0,0,2480,0,0
2004,"SC","C",5,516.24,0,0,3040,0,0
2004,"SC","C",7,0,432.24,4.48,0,3280,160
2004,"SC","C",11,408.8,43.28,0,2800,320,0
2004,"SC","C",13,212,69.52,0,2160,960,0
2004,"SC","E",1,0,71.92,0,0,560,0
2004,"SC","E",6,10.72,50.08,0,240,400,0
2004,"SC","E",9,21.12,29.84,5.76,160,320,80
2004,"SC","E",10,96.32,14.08,0,800,160,0
2004,"SC","E",14,199.2,131.44,0,1600,1520,0
2004,"SP","A",2,452.16,31.52,14.64,3680,240,240
2004,"SP","A",5,788.72,0,0,5840,0,0
2004,"SP","A",9,478.72,0,0,4800,0,0
2004,"SP","A",11,112.72,47.52,0,1360,640,0
2004,"SP","A",13,442,0,0,4560,0,0
2004,"SP","C",3,624.08,0,0,4640,0,0
2004,"SP","C",6,714.88,0,0,4320,0,0
2004,"SP","C",7,474.24,0,0,4880,0,0
2004,"SP","C",12,438.96,0,0.48,3360,0,80
2004,"SP","C",15,626.88,0,0,5760,0,0
2004,"SP","E",1,240.4,73.52,10,1440,560,1120
2004,"SP","E",4,569.84,0,10.16,4400,0,160
2004,"SP","E",8,304.96,0,356.96,2960,0,1440
2004,"SP","E",10,561.04,0,0,3920,0,0
2004,"SP","E",14,68.32,0,247.76,1200,0,7280
2005,"MX","A",2,302.776,237.328,0,2800,1840,0
2005,"MX","A",6,234.456,161.952,0,2080,640,0
2005,"MX","A",9,66.448,260.936,2.808,640,2080,160
2005,"MX","A",12,22.992,290.632,0,240,2320,0
2005,"MX","A",15,363.328,63.584,0,2560,640,0
2005,"MX","C",3,807.216,224.632,32.4,5120,1600,240
2005,"MX","C",5,610.352,139.032,96.568,3360,1120,160
2005,"MX","C",7,419.824,180.432,2.264,2960,2000,160
2005,"MX","C",10,326.312,54.096,0,2640,1040,0
2005,"MX","C",14,162.28,122.096,0,1200,960,0
2005,"MX","E",1,125.184,84.88,0,560,1200,0
2005,"MX","E",4,22.672,79.736,0,160,560,0
2005,"MX","E",8,184.928,137.496,0,1680,1120,0
2005,"MX","E",11,121.424,9.936,0,1440,320,0
2005,"MX","E",13,123.24,74.88,0,560,720,0
2005,"SC","A",2,0,0,0,0,0,0
2005,"SC","A",4,1.536,79.24,0,160,640,0
2005,"SC","A",8,35.776,187.296,0,240,1920,0
2005,"SC","A",12,46.728,313.544,0,400,3200,0
2005,"SC","A",15,0,371,0,0,3440,0
2005,"SC","C",3,123.968,0,0,1040,0,0
2005,"SC","C",5,521.512,0,0,2880,0,0
2005,"SC","C",7,0,110.128,0,0,1120,0
2005,"SC","C",11,386.424,41.912,0,2560,640,0
2005,"SC","C",13,765.08,11.552,0,4960,400,0
2005,"SC","E",1,6.872,48.816,0,80,560,0
2005,"SC","E",6,0,13.632,0,0,80,0
2005,"SC","E",9,8.016,70.4,24.088,160,800,80
2005,"SC","E",10,199.648,0,0,1040,0,0
2005,"SC","E",14,107.736,124.44,0,560,1040,0
2005,"SP","A",2,516.584,0,0,2320,0,0
2005,"SP","A",5,1033.08,0,0,5120,0,0
2005,"SP","A",9,236.104,0,0,1440,0,0
2005,"SP","A",11,397.712,180.776,4.28,3680,1920,560
2005,"SP","A",13,575.056,0,0,5040,0,0
2005,"SP","C",3,887.688,0,4.832,4720,0,80
2005,"SP","C",6,946.2,0,39.752,4800,0,160
2005,"SP","C",7,450.912,0,0,3200,0,0
2005,"SP","C",12,640.576,0,0,4480,0,0
2005,"SP","C",15,652.112,0,11.728,5120,0,160
2005,"SP","E",1,85.264,0,1.616,320,0,80
2005,"SP","E",4,272.568,0,0,2720,0,0
2005,"SP","E",8,493.592,0,126.784,3440,0,400
2005,"SP","E",10,839.784,0,0,6000,0,0
2005,"SP","E",14,111.536,0,132.048,1920,0,2320
2006,"MX","A",2,132.16,117.36,0,1440,1280,0
2006,"MX","A",6,302.4,124.8,0,2640,880,0
2006,"MX","A",9,138.8,183.2,0,1200,1920,0
2006,"MX","A",12,31.76,160.72,0,400,1200,0
2006,"MX","A",15,429.44,102.64,0,3520,720,0
2006,"MX","C",3,827.2,45.76,0,5600,240,0
2006,"MX","C",5,408.08,86.16,1.04,3920,720,80
2006,"MX","C",7,214.08,199.84,14,2320,2000,1040
2006,"MX","C",10,556,111.2,0,5520,1040,0
2006,"MX","C",14,133.04,202.8,0.48,1200,1280,80
2006,"MX","E",1,72.4,25.68,0,560,160,0
2006,"MX","E",4,26.88,47.84,0,320,320,0
2006,"MX","E",8,261.52,95.68,0.56,2080,720,160
2006,"MX","E",11,180.4,100.72,0,1760,880,0
2006,"MX","E",13,0,142.96,0,0,800,0
2006,"SC","A",2,0,0,0,0,0,0
2006,"SC","A",4,173.2,57.92,0,1040,480,0
2006,"SC","A",8,88.72,129.36,0,640,1040,0
2006,"SC","A",12,217.12,156.96,0,2400,1440,0
2006,"SC","A",15,0,284.48,0,0,2240,0
2006,"SC","C",3,598.4,0,1.68,4400,0,80
2006,"SC","C",5,629.2,0,0,5520,0,0
2006,"SC","C",7,0,275.44,0,0,2080,0
2006,"SC","C",11,176.56,36.96,0,1760,560,0
2006,"SC","C",13,672.4,38.32,0,4480,480,0
2006,"SC","E",1,0,89.36,0,0,560,0
2006,"SC","E",6,0,167.44,0,0,1120,0
2006,"SC","E",9,116.32,121.44,115.36,1520,880,240
2006,"SC","E",10,112.88,17.76,157.76,800,320,160
2006,"SC","E",14,150.88,165.28,0,880,960,0
2006,"SP","A",2,385.76,0,0.8,5520,0,80
2006,"SP","A",5,337.52,0,0,2400,0,0
2006,"SP","A",9,463.6,0,0,3840,0,0
2006,"SP","A",11,210.4,142.4,27.12,2560,1120,160
2006,"SP","A",13,510.08,0,0,4160,0,0
2006,"SP","C",3,1469.84,0,0.56,9760,0,80
2006,"SP","C",6,673.36,0,132.24,4480,0,880
2006,"SP","C",7,631.92,0,0,5200,0,0
2006,"SP","C",12,800.16,0,0,5840,0,0
2006,"SP","C",15,787.12,0,17.84,5600,0,1360
2006,"SP","E",1,0.48,0,248.08,80,0,160
2006,"SP","E",4,254.72,0,0,2880,0,0
2006,"SP","E",8,199.52,0,122.24,2480,0,160
2006,"SP","E",10,302.88,0,0,2720,0,0
2006,"SP","E",14,67.52,0,74.72,1360,0,2160
2007,"MX","A",2,121.28,70.8,0,960,400,0
2007,"MX","A",6,329.84,92.8,0,2000,560,0
2007,"MX","A",9,68,214.8,17.12,720,2000,800
2007,"MX","A",12,15.12,159.6,0,160,1120,0
2007,"MX","A",15,417.6,76.8,0,2720,480,0
2007,"MX","C",3,384.64,116,8.32,2160,640,160
2007,"MX","C",5,346.8,119.52,11.28,2320,720,240
2007,"MX","C",7,150.08,131.44,1.84,1360,1520,400
2007,"MX","C",10,413.52,255.92,0,3600,2240,0
2007,"MX","C",14,442.24,35.2,7.28,3440,320,80
2007,"MX","E",1,168.24,88.24,19.92,1280,720,400
2007,"MX","E",4,73.6,35.2,0,400,240,0
2007,"MX","E",8,311.04,81.84,0,1680,800,0
2007,"MX","E",11,164.64,136.48,0.88,880,880,80
2007,"MX","E",13,23.44,262,0,160,1360,0
2007,"SC","A",2,14.8,42.32,28.88,80,240,240
2007,"SC","A",4,117.28,0,1.04,560,0,80
2007,"SC","A",8,8.56,136.32,0,80,1360,0
2007,"SC","A",12,285.2,225.12,0,3120,2400,0
2007,"SC","A",15,0,159.2,0,0,1600,0
2007,"SC","C",3,492.8,0,0,2720,0,0
2007,"SC","C",5,844.08,40.32,0,5200,160,0
2007,"SC","C",7,0,376.72,14.96,0,2400,240
2007,"SC","C",11,242.72,0,0,1360,0,0
2007,"SC","C",13,652.48,38.72,0,4640,240,0
2007,"SC","E",1,0,112.8,0,0,640,0
2007,"SC","E",6,0,25.76,0,0,240,0
2007,"SC","E",9,23.04,65.28,59.12,160,400,80
2007,"SC","E",10,35.2,33.6,140,160,160,480
2007,"SC","E",14,51.2,13.6,0,960,80,0
2007,"SP","A",2,426.08,0,2.48,3760,0,240
2007,"SP","A",5,596.96,0,0,3520,0,0
2007,"SP","A",9,315.84,0,0.16,2560,0,80
2007,"SP","A",11,326.56,147.04,203.04,2640,1200,240
2007,"SP","A",13,451.04,0,0,4720,0,0
2007,"SP","C",3,1173.12,0,7.68,5920,0,320
2007,"SP","C",6,622.32,0,0,3760,0,0
2007,"SP","C",7,774.48,0,0,6080,0,0
2007,"SP","C",12,757.76,0,0.64,5520,0,80
2007,"SP","C",15,512.96,0,4.96,3600,0,80
2007,"SP","E",1,52.64,0,249.2,480,0,480
2007,"SP","E",4,238.4,0,56.88,2000,0,880
2007,"SP","E",8,506.08,0,1.44,5920,0,160
2007,"SP","E",10,574.8,0,0,3360,0,0
2007,"SP","E",14,198.24,0,517.6,1440,0,960
2008,"MX","A",2,189.84,75.12,0,1200,640,0
2008,"MX","A",6,263.12,66.48,0,1600,320,0
2008,"MX","A",9,196.96,218,0,1680,2080,0
2008,"MX","A",12,0,379.76,4.72,0,3120,80
2008,"MX","A",15,298.8,15.04,0,1600,240,0
2008,"MX","C",3,713.76,140.72,0,5600,1040,0
2008,"MX","C",5,225.2,287.84,1.36,1760,2080,80
2008,"MX","C",7,118.48,179.44,0.32,1040,1600,80
2008,"MX","C",10,418.16,68.72,2.64,3760,800,80
2008,"MX","C",14,332.24,110.24,5.12,2800,640,80
2008,"MX","E",1,52.88,56.24,0,400,400,0
2008,"MX","E",4,73.52,137.6,0,400,960,0
2008,"MX","E",8,242.16,55.76,0,1600,400,0
2008,"MX","E",11,124.88,91.12,0,1280,880,0
2008,"MX","E",13,29.36,302.48,14.16,320,2240,160
2008,"SC","A",2,0,22.88,8.64,0,80,80
2008,"SC","A",4,46,110.8,0,320,640,0
2008,"SC","A",8,67.52,232.48,0,320,1200,0
2008,"SC","A",12,95.92,282.56,0,1120,2400,0
2008,"SC","A",15,0,313.76,0,0,2640,0
2008,"SC","C",3,475.92,0,0,3520,0,0
2008,"SC","C",5,669.76,21.52,0,5920,240,0
2008,"SC","C",7,43.12,292.72,8,320,1680,240
2008,"SC","C",11,570.08,14.64,0,3760,80,0
2008,"SC","C",13,313.92,25.92,0,1760,240,0
2008,"SC","E",1,28.56,179.28,0,160,880,0
2008,"SC","E",6,16.72,41.6,0,80,400,0
2008,"SC","E",9,0,27.68,22.08,0,240,80
2008,"SC","E",10,78.48,27.28,64.56,480,400,480
2008,"SC","E",14,215.12,68.64,0,1280,560,0
2008,"SP","A",2,798.8,0,0.16,4160,0,80
2008,"SP","A",5,461.6,0,2.8,2640,0,80
2008,"SP","A",9,366.8,0,0,3360,0,0
2008,"SP","A",11,287.92,152.88,0.56,2480,1520,80
2008,"SP","A",13,581.44,0,0,5040,0,0
2008,"SP","C",3,1077.36,0,2.4,5600,0,80
2008,"SP","C",6,511.2,0,42.16,3040,0,320
2008,"SP","C",7,407.84,0,0,4080,0,0
2008,"SP","C",12,390.8,0,0,3600,0,0
2008,"SP","C",15,396.64,0,113.28,2800,0,160
2008,"SP","E",1,4.16,0,0,80,0,0
2008,"SP","E",4,237.6,0,0.56,1280,0,80
2008,"SP","E",8,627.52,0,0,6480,0,0
2008,"SP","E",10,471.84,0,0,4560,0,0
2008,"SP","E",14,268.56,0,217.92,2320,0,960
2009,"MX","A",2,236.24,170.4,0,1760,880,0
2009,"MX","A",6,404.08,233.52,0,2480,1200,0
2009,"MX","A",9,176,105.92,0,1600,880,0
2009,"MX","A",12,45.52,384.32,0,320,2880,0
2009,"MX","A",15,70.08,252.48,0,240,1040,0
2009,"MX","C",3,378.72,220.48,6.64,2720,1520,160
2009,"MX","C",5,384.56,189.44,0,2400,1200,0
2009,"MX","C",7,240.64,209.28,0,2560,1280,0
2009,"MX","C",10,182.16,269.04,0,1360,1920,0
2009,"MX","C",14,281.6,226.24,0,2000,1280,0
2009,"MX","E",1,274.16,107.36,3.52,1520,800,320
2009,"MX","E",4,23.84,96.64,0,240,480,0
2009,"MX","E",8,426.88,89.04,0,2880,720,0
2009,"MX","E",11,132,245.92,0,960,1680,0
2009,"MX","E",13,0,163.36,1.52,0,560,80
2009,"SC","A",2,32,0,6.96,80,0,160
2009,"SC","A",4,32.4,146.48,0,160,800,0
2009,"SC","A",8,73.04,175.28,0,400,1200,0
2009,"SC","A",12,349.04,188.8,0,2640,2480,0
2009,"SC","A",15,0,526.96,0,0,3920,0
2009,"SC","C",3,623.6,0,0,3200,0,0
2009,"SC","C",5,703.6,30.08,0,5040,80,0
2009,"SC","C",7,4.72,327.2,3.2,80,1520,80
2009,"SC","C",11,264.48,25.12,0,1840,480,0
2009,"SC","C",13,470,30.16,0,2480,160,0
2009,"SC","E",1,97.04,141.04,0.72,560,880,80
2009,"SC","E",6,0,110.88,0,0,480,0
2009,"SC","E",9,4.4,29.92,123.76,240,160,640
2009,"SC","E",10,5.52,16.16,30.8,160,240,160
2009,"SC","E",14,105.92,87.44,0,640,640,0
2009,"SP","A",2,366.64,47.68,12.08,2800,160,320
2009,"SP","A",5,532.8,0,0.96,2960,0,80
2009,"SP","A",9,270.8,75.76,24.72,1600,560,240
2009,"SP","A",11,431.84,271.68,0,3040,1440,0
2009,"SP","A",13,488,0,0,3040,0,0
2009,"SP","C",3,322.96,0,0,1760,0,0
2009,"SP","C",6,269.36,119.92,0,1920,320,0
2009,"SP","C",7,194.48,101.4,0,1440,400,0
2009,"SP","C",12,192,151.84,0.48,1440,640,80
2009,"SP","C",15,581.36,96.72,0,3600,160,0
2009,"SP","E",1,32.8,0,0,160,0,0
2009,"SP","E",4,448,0,16.72,2720,0,160
2009,"SP","E",8,0,71.12,25.76,0,240,80
2009,"SP","E",10,169.68,0,0,1360,0,0
2009,"SP","E",14,489.12,7.68,1375.36,3520,320,400
2010,"MX","A",2,206.4,61.6,0,2720,640,0
2010,"MX","A",6,240.8,217.6,0,2480,1520,0
2010,"MX","A",9,677.6,92,0,4720,720,0
2010,"MX","A",12,0,306.4,0,0,2640,0
2010,"MX","A",15,169.6,135.2,67.2,1120,400,720
2010,"MX","C",3,572.8,220,8,4240,1760,320
2010,"MX","C",5,272,335.2,2.4,1920,2720,80
2010,"MX","C",7,296,395.2,0,2000,3200,0
2010,"MX","C",10,261.6,134.4,141.6,2480,1440,320
2010,"MX","C",14,331.2,396,0,3200,2640,0
2010,"MX","E",1,0,92,9.6,0,720,80
2010,"MX","E",4,36,96,4.8,560,800,240
2010,"MX","E",8,518.4,176,0,4320,1280,0
2010,"MX","E",11,298.4,148.8,0.88,2640,1520,160
2010,"MX","E",13,45.6,452.8,22.4,800,2560,240
2010,"SC","A",2,32,63.2,0,240,400,0
2010,"SC","A",4,22.4,183.2,0,160,880,0
2010,"SC","A",8,121.6,359.2,0,640,1920,0
2010,"SC","A",12,563.2,124.8,0,4560,1920,0
2010,"SC","A",15,1.6,227.2,0,80,1600,0
2010,"SC","C",3,752,0,0,4000,0,0
2010,"SC","C",5,1003.2,0,0,7360,0,0
2010,"SC","C",7,66.4,281.6,28,480,1440,160
2010,"SC","C",11,235.2,11.2,0,1760,240,0
2010,"SC","C",13,950.4,104.8,0,7440,960,0
2010,"SC","E",1,18.4,220.8,0,80,1920,0
2010,"SC","E",6,24.8,41.6,0,80,160,0
2010,"SC","E",9,56,86.4,76.56,560,560,400
2010,"SC","E",10,0,24,24,0,240,320
2010,"SC","E",14,164,98.4,0,960,640,0
2010,"SP","A",2,546.32,0,37.84,5520,0,240
2010,"SP","A",5,808,0,0,6640,0,0
2010,"SP","A",9,339.2,0,14.4,3920,0,560
2010,"SP","A",11,419.2,169.6,22.4,3680,1600,80
2010,"SP","A",13,543.2,0,0,5760,0,0
2010,"SP","C",3,1370.96,0,0.32,8080,0,80
2010,"SP","C",6,691.2,0,0.88,4240,0,80
2010,"SP","C",7,728.8,0,0,7360,0,0
2010,"SP","C",12,800.8,0,2.4,6960,0,80
2010,"SP","C",15,862.4,0,0,5200,0,0
2010,"SP","E",1,53.28,0,0,560,0,0
2010,"SP","E",4,860.96,0,0.4,7040,0,160
2010,"SP","E",8,332,0,0,4320,0,0
2010,"SP","E",10,276,0,3.2,2960,0,160
2010,"SP","E",14,413.6,0,1176,3040,0,320
2011,"MX","A",2,458.24,68.48,0,3120,560,0
2011,"MX","A",6,276.16,83.84,0,2480,640,0
2011,"MX","A",9,440.8,84.96,0,2800,720,0
2011,"MX","A",12,0,382.72,3.04,0,2960,320
2011,"MX","A",15,146.8,114.48,8.64,1520,640,800
2011,"MX","C",3,738.72,104.96,4.4,4933.333333,500,160
2011,"MX","C",5,257.28,455.68,23.6,1760,3040,320
2011,"MX","C",7,408.32,228.48,32.08,2880,1840,320
2011,"MX","C",10,389.2,228.48,0,2960,1680,0
2011,"MX","C",14,556,291.28,57.92,3520,1600,80
2011,"MX","E",1,0,151.36,0.16,0,1040,80
2011,"MX","E",4,4.32,230.72,0,80,1680,0
2011,"MX","E",8,426.64,107.6,0,2160,1040,0
2011,"MX","E",11,66.64,161.04,0,480,1280,0
2011,"MX","E",13,4.8,360.8,0,80,2160,0
2011,"SC","A",2,176.88,13.68,0,960,80,0
2011,"SC","A",4,57.28,189.76,0,480,1280,0
2011,"SC","A",8,105.36,217.2,0,640,1280,0
2011,"SC","A",12,335.92,163.76,0,2960,1680,0
2011,"SC","A",15,12.08,266.8,0,80,1920,0
2011,"SC","C",3,947.68,0,0,5760,0,0
2011,"SC","C",5,1150.88,0,0,7360,0,0
2011,"SC","C",7,407.28,466.88,1.84,2640,3520,80
2011,"SC","C",11,737.44,178.6,0,5040,800,0
2011,"SC","C",13,746.72,299.68,0,4000,720,0
2011,"SC","E",1,49.68,168.4,0,400,1120,0
2011,"SC","E",6,108.16,119.84,0,640,640,0
2011,"SC","E",9,0,101.2,74.64,0,800,560
2011,"SC","E",10,0,39.52,11.68,0,400,80
2011,"SC","E",14,281.2,210.96,0,1360,1840,0
2011,"SP","A",2,452.88,0,0,2320,0,0
2011,"SP","A",5,748.24,0,0,4240,0,0
2011,"SP","A",9,242.56,0,0.16,960,0,80
2011,"SP","A",11,554.08,88,0,4160,800,0
2011,"SP","A",13,579.44,36,0,5360,160,0
2011,"SP","C",3,982.16,0,14.08,5120,0,400
2011,"SP","C",6,1236.64,0,53.76,5440,0,320
2011,"SP","C",7,1223.2,0,8.16,7120,0,160
2011,"SP","C",12,1026.24,0,0,6400,0,0
2011,"SP","C",15,1725.44,0,0,8960,0,0
2011,"SP","E",1,92.32,17.52,79.6,640,240,1440
2011,"SP","E",4,808.72,0,0,4080,0,0
2011,"SP","E",8,645.12,0,11.92,5280,0,240
2011,"SP","E",10,207.76,100.72,24.72,2480,320,640
2011,"SP","E",14,871.28,0,271.28,4880,0,80
2012,"MX","A",2,103.28,24,0,720,240,0
2012,"MX","A",6,155.12,76,0,1360,560,0
2012,"MX","A",9,550.64,65.52,0,3440,640,0
2012,"MX","A",12,0,113.44,0,0,1040,0
2012,"MX","A",15,194.24,93.28,46.96,1360,480,160
2012,"MX","C",3,245.36,72.48,14.4,1360,800,160
2012,"MX","C",5,228.64,390.96,17.28,1200,1920,160
2012,"MX","C",7,400,35.36,59.6,2960,400,400
2012,"MX","C",10,343.28,140.24,0,2240,1120,0
2012,"MX","C",14,388.88,67.12,0,2160,320,0
2012,"MX","E",1,0,169.2,0,0,960,0
2012,"MX","E",4,141.68,207.84,0,1120,1600,0
2012,"MX","E",8,18.4,19.76,0.64,160,80,160
2012,"MX","E",11,29.44,122.24,0,400,880,0
2012,"MX","E",13,48.24,261.04,0,320,1680,0
2012,"SC","A",2,0,14.16,0,0,80,0
2012,"SC","A",4,121.6,179.76,0,560,1040,0
2012,"SC","A",8,5.92,122.24,0,80,720,0
2012,"SC","A",12,308.48,166.64,0,2480,1600,0
2012,"SC","A",15,0,151.04,0,0,1440,0
2012,"SC","C",3,210.08,29.28,0,1040,80,0
2012,"SC","C",5,448.64,0,0,2800,0,0
2012,"SC","C",7,233.36,85.6,0,1360,720,0
2012,"SC","C",11,626.16,85.28,1.2,3520,800,80
2012,"SC","C",13,535.52,1.68,0,3360,80,0
2012,"SC","E",1,44.4,32.88,0,160,240,0
2012,"SC","E",6,0,31.28,0,80,240,0
2012,"SC","E",9,30.16,48.4,105.84,240,400,480
2012,"SC","E",10,0,45.76,51.68,0,400,80
2012,"SC","E",14,0,103.6,0,0,720,0
2012,"SP","A",2,652.56,0,54,2720,0,240
2012,"SP","A",5,773.36,0,0,4320,0,0
2012,"SP","A",9,455.12,0,206.72,2560,0,240
2012,"SP","A",11,408.48,44.8,0,3120,480,0
2012,"SP","A",13,674.24,0,0,5040,0,0
2012,"SP","C",3,837.6,0,0,4720,0,0
2012,"SP","C",6,500.88,0,4.96,3120,0,80
2012,"SP","C",7,617.44,0,0,4400,0,0
2012,"SP","C",12,781.44,0,0,5200,0,0
2012,"SP","C",15,754.4,0,104.4,3840,0,80
2012,"SP","E",1,62.8,32.88,0,320,240,0
2012,"SP","E",4,596.64,0,0,3920,0,0
2012,"SP","E",8,689.44,0,0,4400,0,0
2012,"SP","E",10,512.48,30,14.72,4160,240,160
2012,"SP","E",14,422.64,0,212.88,2480,0,320
2013,"MX","A",2,36.96,58.08,0,240,320,0
2013,"MX","A",6,208.16,39.44,0,1360,320,0
2013,"MX","A",9,315.52,54.4,0,3280,320,0
2013,"MX","A",12,29.92,180.8,0,160,1120,0
2013,"MX","A",15,251.68,146.568,0.8,1760,720,80
2013,"MX","C",3,162.4,238.64,0,1120,960,0
2013,"MX","C",5,65.6,344.56,0,400,2320,0
2013,"MX","C",7,614,54.4,0,5920,480,0
2013,"MX","C",10,365.84,111.92,0,2800,960,0
2013,"MX","C",14,315.36,108.8,0,2880,720,0
2013,"MX","E",1,33.6,100.88,0,160,640,0
2013,"MX","E",4,113.28,196.48,0,560,1040,0
2013,"MX","E",8,90.4,57.44,0,720,480,0
2013,"MX","E",11,38.48,128.24,0,480,1120,0
2013,"MX","E",13,52.08,139.12,0,240,1120,0
2013,"SC","A",2,60.48,10.8,0,320,80,0
2013,"SC","A",4,99.36,59.68,0,320,240,0
2013,"SC","A",8,0,92.56,0,0,800,0
2013,"SC","A",12,65.76,10.24,0,880,80,0
2013,"SC","A",15,0,426.88,1.28,0,1280,80
2013,"SC","C",3,449.36,0,0,2000,0,0
2013,"SC","C",5,604.4,0,0,4000,0,0
2013,"SC","C",7,226.48,164.8,101.2,2080,960,160
2013,"SC","C",11,244.16,135.84,0,1760,960,0
2013,"SC","C",13,574.32,53.12,0,3920,320,0
2013,"SC","E",1,113.92,56.8,0,560,400,0
2013,"SC","E",6,52.8,47.12,0,240,320,0
2013,"SC","E",9,0,26.64,11.76,0,160,80
2013,"SC","E",10,0,34.32,0,0,320,0
2013,"SC","E",14,115.04,48.08,0,880,240,0
2013,"SP","A",2,465.6,0,0,2880,0,0
2013,"SP","A",5,571.52,0,0,3600,0,0
2013,"SP","A",9,107.2,0,0,720,0,0
2013,"SP","A",11,506.88,61.12,0,4000,560,0
2013,"SP","A",13,457.84,0,0,3120,0,0
2013,"SP","C",3,1468.4,0,0,9440,0,0
2013,"SP","C",6,804.16,0,0,4640,0,0
2013,"SP","C",7,448.88,0,0,4000,0,0
2013,"SP","C",12,641.44,0,109.12,4400,0,80
2013,"SP","C",15,400.64,0,0,2080,0,0
2013,"SP","E",1,119.28,18.56,0,560,80,0
2013,"SP","E",4,788,0,0,5840,0,0
2013,"SP","E",8,372.8,0,0,2800,0,0
2013,"SP","E",10,545.28,12.2,17.76,4880,160,240
2013,"SP","E",14,668.24,0,0,4320,0,0
2014,"MX","A",2,30.96,63.2,0,240,480,0
2014,"MX","A",6,157.12,4.16,0,1040,80,0
2014,"MX","A",9,292.96,3.84,0,1920,80,0
2014,"MX","A",12,6.32,87.84,0,80,640,0
2014,"MX","A",15,205.68,168.08,0,1120,720,0
2014,"MX","C",3,122.32,404.24,29.36,560,2240,240
2014,"MX","C",5,166.48,215.2,0,800,1440,0
2014,"MX","C",7,366.72,109.6,12.64,2160,800,80
2014,"MX","C",10,296.56,21.52,0,2080,240,0
2014,"MX","C",14,689.44,8.24,0,4720,80,0
2014,"MX","E",1,0,88.96,0,0,560,0
2014,"MX","E",4,60.64,50.64,0,480,400,0
2014,"MX","E",8,132.16,12.88,0,1120,160,0
2014,"MX","E",11,45.6,50.64,0,400,400,0
2014,"MX","E",13,228.24,90.88,0,1600,400,0
2014,"SC","A",2,54.72,13.04,0,320,80,0
2014,"SC","A",4,148.96,0,0,480,0,0
2014,"SC","A",8,1.2,40.08,0,80,400,0
2014,"SC","A",12,34.8,36,0,480,400,0
2014,"SC","A",15,0,82.08,0,0,720,0
2014,"SC","C",3,670.72,0,0,4720,0,0
2014,"SC","C",5,508.96,0,0,4160,0,0
2014,"SC","C",7,204.56,81.84,0,1840,800,0
2014,"SC","C",11,146.64,98.96,0,1360,1040,0
2014,"SC","C",13,457.52,38.56,0,3200,400,0
2014,"SC","E",1,0,16.72,0,0,80,0
2014,"SC","E",6,140.56,0,0,800,0,0
2014,"SC","E",9,0,22.8,0,0,240,0
2014,"SC","E",10,37.44,36,0,240,320,0
2014,"SC","E",14,114.16,47.68,0,640,320,0
2014,"SP","A",2,665.36,0,0,4960,0,0
2014,"SP","A",5,494.8,0,0,3920,0,0
2014,"SP","A",9,39.92,0,0,560,0,0
2014,"SP","A",11,327.44,0,0,2720,0,0
2014,"SP","A",13,355.44,0,0,2960,0,0
2014,"SP","C",3,1050.32,0,0,4960,0,0
2014,"SP","C",6,845.28,0,20.72,4160,0,160
2014,"SP","C",7,1021.92,0,0,7280,0,0
2014,"SP","C",12,855.44,0,0,5520,0,0
2014,"SP","C",15,591.2,0,0,3200,0,0
2014,"SP","E",1,126.88,15.84,97.12,640,80,80
2014,"SP","E",4,330.16,0,0,2080,0,0
2014,"SP","E",8,513.6,0,0,6240,0,0
2014,"SP","E",10,205.68,38.24,26.72,1920,400,1280
2014,"SP","E",14,195.2,0,340.88,1440,0,80
2015,"MX","A",2,5.76,64.16,0,80,320,0
2015,"MX","A",6,19.384,162.24,0,240,720,0
2015,"MX","A",9,158.88,29.04,0,1120,160,0
2015,"MX","A",12,0,171.28,0,0,1200,0
2015,"MX","A",15,127.28,203.52,0,720,880,0
2015,"MX","C",3,38.32,194.64,0,640,1360,0
2015,"MX","C",5,19.496,217.968,0,320,960,0
2015,"MX","C",7,585.04,43.52,0,3360,320,0
2015,"MX","C",10,441.12,127.92,0,2960,960,0
2015,"MX","C",14,437.04,141.84,0,3920,880,0
2015,"MX","E",1,0,45.552,0,0,400,0
2015,"MX","E",4,61.04,104.88,0,320,400,0
2015,"MX","E",8,66.48,134.88,0,320,720,0
2015,"MX","E",11,144.32,88.08,0,800,560,0
2015,"MX","E",13,143.68,35.976,0,1040,320,0
2015,"SC","A",2,0,156.512,0,0,720,0
2015,"SC","A",4,10.408,43.264,0,80,240,0
2015,"SC","A",8,0,56.792,0,0,320,0
2015,"SC","A",12,30.208,0,0,240,0,0
2015,"SC","A",15,0,65.648,0,0,480,0
2015,"SC","C",3,155.368,0,0,1040,0,0
2015,"SC","C",5,365.208,42.112,0,3200,160,0
2015,"SC","C",7,83.784,0,0,400,0,0
2015,"SC","C",11,267.824,130.264,0,1840,640,0
2015,"SC","C",13,658.096,71.68,0,3680,320,0
2015,"SC","E",1,0,0,0,0,0,0
2015,"SC","E",6,5.664,18.088,0,80,80,0
2015,"SC","E",9,0,9.608,0,0,80,0
2015,"SC","E",10,0,11.952,0,0,0,0
2015,"SC","E",14,19.776,16.144,0,80,160,0
2015,"SP","A",2,809.2,0,0,3680,0,0
2015,"SP","A",5,391.488,0,0,2640,0,0
2015,"SP","A",9,30.784,7.432,0,160,80,0
2015,"SP","A",11,210.92,7.6,0,1520,80,0
2015,"SP","A",13,235.824,0,0,1920,0,0
2015,"SP","C",3,896.0208,0,0,3760,0,0
2015,"SP","C",6,911.04,0,28.936,5200,0,80
2015,"SP","C",7,859.888,0,0,7360,0,0
2015,"SP","C",12,635.792,0,140.288,4320,0,80
2015,"SP","C",15,1014.952,0,0,5600,0,0
2015,"SP","E",1,56.328,20.144,0,160,160,0
2015,"SP","E",4,330.872,0,620.76,2000,0,880
2015,"SP","E",8,472.872,0,0,2960,0,0
2015,"SP","E",10,160.848,48.896,6.856,1920,240,400
2015,"SP","E",14,250.536,0,72.128,1680,0,80
2016,"MX","A",2,78.4,175.68,0,400,960,0
2016,"MX","A",6,33.2,47.6,0,320,320,0
2016,"MX","A",9,154.08,0,0,1520,0,0
2016,"MX","A",12,0,71.76,0,0,320,0
2016,"MX","A",15,96.96,105.36,0,1040,880,0
2016,"MX","C",3,0,208.72,0,0,1200,0
2016,"MX","C",5,18,125.2,0,320,1040,0
2016,"MX","C",7,111.92,15.12,0,1200,80,0
2016,"MX","C",10,382.88,49.04,0,2960,480,0
2016,"MX","C",14,239.4,225.2,0,2000,1760,0
2016,"MX","E",1,0,94.88,0,0,480,0
2016,"MX","E",4,40.8,145.36,0,480,960,0
2016,"MX","E",8,112.96,0,0,880,0,0
2016,"MX","E",11,25.84,24.96,0,240,320,0
2016,"MX","E",13,178.4,15.2,0,1840,160,0
2016,"SC","A",2,0,34.8,0,0,160,0
2016,"SC","A",4,38.96,0,0,320,0,0
2016,"SC","A",8,0,29.2,0,0,240,0
2016,"SC","A",12,24.32,38.48,0,320,240,0
2016,"SC","A",15,0,82.32,0,0,560,0
2016,"SC","C",3,400.88,0,0,2720,0,0
2016,"SC","C",5,575.12,45.52,0,4720,320,0
2016,"SC","C",7,206.88,82.08,0,2560,640,0
2016,"SC","C",11,521.92,75.04,0,3120,480,0
2016,"SC","C",13,292.8,58.96,0,1680,400,0
2016,"SC","E",1,17.04,0,0,160,0,0
2016,"SC","E",6,0,0,0,0,0,0
2016,"SC","E",9,22.48,0,145.36,160,0,80
2016,"SC","E",10,17.68,0,0,80,0,0
2016,"SC","E",14,105.36,101.76,0,720,720,0
2016,"SP","A",2,144.48,0,0,960,0,0
2016,"SP","A",5,390.8,0,0,2880,0,0
2016,"SP","A",9,165.12,0,0,320,0,0
2016,"SP","A",11,182.08,0,0,2160,0,0
2016,"SP","A",13,199.92,0,0,1760,0,0
2016,"SP","C",3,234.48,0,0,1360,0,0
2016,"SP","C",6,260.4,0,0,1920,0,0
2016,"SP","C",7,476.16,0,215.36,4640,0,160
2016,"SP","C",12,313.36,0,0,2720,0,0
2016,"SP","C",15,493.12,0,0,3840,0,0
2016,"SP","E",1,5.12,57.76,0,80,320,0
2016,"SP","E",4,256.16,0,0,2640,0,0
2016,"SP","E",8,420.96,0,0,2480,0,0
2016,"SP","E",10,75.76,20.64,0,640,160,0
2016,"SP","E",14,152.8,0,0.72,1360,0,160
2017,"MX","A",2,11.92,122.16,0,240,480,0
2017,"MX","A",6,23.68,142,0,240,2400,0
2017,"MX","A",9,167.68,86.64,0,880,480,0
2017,"MX","A",12,0,80.88,0,0,640,0
2017,"MX","A",15,114.64,205.28,0,1520,1200,0
2017,"MX","C",3,62.64,89.76,0,320,560,0
2017,"MX","C",5,135.92,352.08,0,800,2080,0
2017,"MX","C",7,601.76,139.28,0,4640,960,0
2017,"MX","C",10,427.44,77.84,0,3840,880,0
2017,"MX","C",14,526.96,159.76,0,4960,1280,0
2017,"MX","E",1,0,85.12,0,0,400,0
2017,"MX","E",4,132.96,704.08,0,1200,3680,0
2017,"MX","E",8,25.52,172.16,0,80,400,0
2017,"MX","E",11,36.56,39.44,0,400,320,0
2017,"MX","E",13,251.04,7.04,0,1440,160,0
2017,"SC","A",2,0,36.24,0,0,240,0
2017,"SC","A",4,0,0,0,0,0,0
2017,"SC","A",8,0,23.84,0,0,160,0
2017,"SC","A",12,40.16,52,0,160,320,0
2017,"SC","A",15,38.56,133.44,0,240,960,0
2017,"SC","C",3,312.16,0,0,2640,0,0
2017,"SC","C",5,563.92,0,0,2200,0,0
2017,"SC","C",7,284.8,15.52,0,2400,80,0
2017,"SC","C",11,461.68,22,0,3760,160,0
2017,"SC","C",13,327.44,61.6,0,2400,400,0
2017,"SC","E",1,0,0,0,0,0,0
2017,"SC","E",6,0,0,0,0,0,0
2017,"SC","E",9,0,41.28,0,0,240,0
2017,"SC","E",10,0,42.88,0,0,400,0
2017,"SC","E",14,44.4,53.04,0,320,320,0
2017,"SP","A",2,207.36,0,0,1520,0,0
2017,"SP","A",5,424.56,0,0,1760,0,0
2017,"SP","A",9,55.84,0,0,560,0,0
2017,"SP","A",11,124.08,7.68,0,1520,160,0
2017,"SP","A",13,163.36,0,0,1280,0,0
2017,"SP","C",3,399.04,0,0,2560,0,0
2017,"SP","C",6,581.52,0,0,3520,0,0
2017,"SP","C",7,570.64,0,0,4800,0,0
2017,"SP","C",12,489.68,0,0,3040,0,0
2017,"SP","C",15,701.68,0,0,4000,0,0
2017,"SP","E",1,42.24,36.32,0,320,240,0
2017,"SP","E",4,328.16,0,0,2800,0,0
2017,"SP","E",8,218.4,0,0,2320,0,0
2017,"SP","E",10,19.28,82.48,0,80,480,0
2017,"SP","E",14,91.92,0,2.16,720,0,80
2018,"MX","A",2,64.08,89.6,0,240,480,0
2018,"MX","A",6,0,95.12,0,0,560,0
2018,"MX","A",9,89.52,55.6,0,800,560,0
2018,"MX","A",12,0,42.4,0,0,320,0
2018,"MX","A",15,60.64,59.04,0,320,160,0
2018,"MX","C",3,342.4,271.2,65.84,720,1200,80
2018,"MX","C",5,48.88,351.52,0,160,1760,0
2018,"MX","C",7,582.64,95.52,0,4000,1280,0
2018,"MX","C",10,925.84,202.56,0,7840,1600,0
2018,"MX","C",14,785.28,27.936,0,4880,320,0
2018,"MX","E",1,0,28.96,0,0,160,0
2018,"MX","E",4,2.64,63.04,0,80,560,0
2018,"MX","E",8,28.88,91.44,0,400,560,0
2018,"MX","E",11,114.56,13.92,0,640,160,0
2018,"MX","E",13,116.64,41.92,0,480,160,0
2018,"SC","A",2,0,56.72,0,0,400,0
2018,"SC","A",4,0,159.28,0,0,400,0
2018,"SC","A",8,0,29.28,0,0,160,0
2018,"SC","A",12,6.64,16.48,0,80,80,0
2018,"SC","A",15,126.72,110.24,0,720,640,0
2018,"SC","C",3,185.84,0,0,1360,0,0
2018,"SC","C",5,578.08,0,0,2720,0,0
2018,"SC","C",7,276.8,91.12,0,1520,560,0
2018,"SC","C",11,431.68,176.8,0,2080,1360,0
2018,"SC","C",13,399.44,74.4,0,2560,400,0
2018,"SC","E",1,0,0,0,0,0,0
2018,"SC","E",6,0,0,0,0,0,0
2018,"SC","E",9,0,67.68,0,0,240,0
2018,"SC","E",10,0,23.12,0,0,240,0
2018,"SC","E",14,0,18.64,0,0,80,0
2018,"SP","A",2,235.2,0,0,1120,0,0
2018,"SP","A",5,378.24,0,0,1600,0,0
2018,"SP","A",9,177.92,8,2.136,880,80,80
2018,"SP","A",11,179.28,36.72,0,1600,240,0
2018,"SP","A",13,28.96,0,0,160,0,0
2018,"SP","C",3,952,0,0,3840,0,0
2018,"SP","C",6,660.56,0,185.36,3360,0,80
2018,"SP","C",7,399.28,0,0,2800,0,0
2018,"SP","C",12,771.2,0,0,4640,0,0
2018,"SP","C",15,283.76,0,0,1840,0,0
2018,"SP","E",1,0,103.84,274.16,0,720,80
2018,"SP","E",4,309.28,0,86.64,1280,0,320
2018,"SP","E",8,237.84,0,0,1680,0,0
2018,"SP","E",10,2.72,100.24,0,80,720,0
2018,"SP","E",14,15.2,0,0,80,0,0
2019,"MX","A",2,33.92,24.4,0,320,160,0
2019,"MX","A",6,26.56,78.88,0,320,640,0
2019,"MX","A",9,25.2,14.96,0,240,240,0
2019,"MX","A",12,0,33.52,0,0,400,0
2019,"MX","A",15,0.88,66.16,0,80,320,0
2019,"MX","C",3,62.24,264.88,90.88,480,1920,80
2019,"MX","C",5,88.96,253.92,116.72,400,1600,1200
2019,"MX","C",7,332.32,64.24,0,1760,560,0
2019,"MX","C",10,362.08,56.88,0,3360,480,0
2019,"MX","C",14,331.92,82.64,0,2080,640,0
2019,"MX","E",1,73.52,0,8.72,640,0,160
2019,"MX","E",4,0,0,0,0,0,0
2019,"MX","E",8,31.12,120.72,0,320,720,0
2019,"MX","E",11,131.68,19.44,0,1040,240,0
2019,"MX","E",13,194,57.92,0,1280,240,0
2019,"SC","A",2,0,0,0,0,0,0
2019,"SC","A",4,0,0,0,0,0,0
2019,"SC","A",8,0,0.88,0,0,80,0
2019,"SC","A",12,0,6.24,0,0,160,0
2019,"SC","A",15,0,49.84,0,0,240,0
2019,"SC","C",3,110.72,23.6,0,1600,80,0
2019,"SC","C",5,154.8,13.04,0,880,400,0
2019,"SC","C",7,122.64,51.28,3.2,1520,880,80
2019,"SC","C",11,199.68,63.92,0,1600,640,0
2019,"SC","C",13,236.88,37.68,0,3440,480,0
2019,"SC","E",1,0,0,0,0,0,0
2019,"SC","E",6,0,0,0,0,0,0
2019,"SC","E",9,44.8,26.32,0,240,160,0
2019,"SC","E",10,0,30.48,0,0,240,0
2019,"SC","E",14,1.44,37.84,0,80,320,0
2019,"SP","A",2,65.36,0,0,480,0,0
2019,"SP","A",5,115.04,0,12.96,960,0,480
2019,"SP","A",9,58.96,2.96,21.12,240,80,80
2019,"SP","A",11,51.68,16.56,0,560,80,0
2019,"SP","A",13,0,0,0,0,0,0
2019,"SP","C",3,515.2,0,0,2480,0,0
2019,"SP","C",6,361.6,0,0,2240,0,0
2019,"SP","C",7,303.2,0,0,1840,0,0
2019,"SP","C",12,255.6,0,300.64,1760,0,400
2019,"SP","C",15,634.08,0,0,4240,0,0
2019,"SP","E",1,20.72,49.2,491.36,240,400,160
2019,"SP","E",4,385.92,0,0,3040,0,0
2019,"SP","E",8,148.24,1.04,0,1280,80,0
2019,"SP","E",10,53.6,53.2,0,320,560,0
2019,"SP","E",14,61.68,0,0,400,0,0
2020,"MX","A",2,0,39.84,0,0,240,0
2020,"MX","A",6,8.48,27.12,0,80,240,0
2020,"MX","A",9,71.12,70.64,0,640,480,0
2020,"MX","A",12,0,21.84,0,0,240,0
2020,"MX","A",15,0,18.88,0,0,160,0
2020,"MX","C",3,109.6,118.96,5.12,880,640,80
2020,"MX","C",5,36.56,64.08,0,320,400,0
2020,"MX","C",7,284.4,29.68,41.76,1520,240,160
2020,"MX","C",10,338.72,41.76,0,2800,400,0
2020,"MX","C",14,263.44,58.48,0,1920,720,0
2020,"MX","E",1,0,0,9.2,0,0,80
2020,"MX","E",4,41.68,33.2,5.52,240,320,80
2020,"MX","E",8,44.72,26,0,320,160,0
2020,"MX","E",11,22.56,8.96,0,240,160,0
2020,"MX","E",13,36.56,23.12,0,400,160,0
2020,"SC","A",2,0,27.2,0,0,240,0
2020,"SC","A",4,0,0,0,0,0,0
2020,"SC","A",8,0,0,0,0,0,0
2020,"SC","A",12,90.72,0,0,560,0,0
2020,"SC","A",15,0,28.96,0,0,240,0
2020,"SC","C",3,258,0,0,2000,0,0
2020,"SC","C",5,747.28,0,6.48,4560,0,160
2020,"SC","C",7,211.68,9.84,3.04,1520,160,80
2020,"SC","C",11,126.16,20.96,0,720,160,0
2020,"SC","C",13,293.52,19.36,0,1840,240,0
2020,"SC","E",1,6.8,0,0,80,0,0
2020,"SC","E",6,0,0,0,0,0,0
2020,"SC","E",9,0,7.6,0,0,80,0
2020,"SC","E",10,0,0,0,0,0,0
2020,"SC","E",14,0,0,0,0,0,0
2020,"SP","A",2,202.64,0,0,1600,0,0
2020,"SP","A",5,580.56,0,0,2960,0,0
2020,"SP","A",9,0,0,12.16,0,0,80
2020,"SP","A",11,173.76,0,0,1360,0,0
2020,"SP","A",13,0,0,0,0,0,0
2020,"SP","C",3,424.64,0,0,1920,0,0
2020,"SP","C",6,546.8,0,506.4,3600,0,160
2020,"SP","C",7,255.36,0,0,1920,0,0
2020,"SP","C",12,243.92,0,0,1600,0,0
2020,"SP","C",15,119.04,0,0,720,0,0
2020,"SP","E",1,48,86.48,0,240,480,0
2020,"SP","E",4,26.96,0,0,160,0,0
2020,"SP","E",8,94.56,0,0,560,0,0
2020,"SP","E",10,32.72,39.04,0,240,320,0
2020,"SP","E",14,10.4,0,231.36,80,0,80
2021,"MX","A",2,0,39.68,14.24,0,400,80
2021,"MX","A",6,0,0,0,0,0,0
2021,"MX","A",9,29.04,16.16,0,240,240,0
2021,"MX","A",12,0,44.96,0,0,480,0
2021,"MX","A",15,0,49.68,0,0,480,0
2021,"MX","C",3,229.6,275.12,1.92,1120,880,80
2021,"MX","C",5,43.12,84.72,0,320,640,0
2021,"MX","C",7,235.92,23.04,65.52,1680,240,240
2021,"MX","C",10,296.88,56.72,20.08,2400,240,80
2021,"MX","C",14,250.8,220,14.32,1440,1200,80
2021,"MX","E",1,0,0,14.48,0,0,240
2021,"MX","E",4,20.72,34,19.04,160,320,320
2021,"MX","E",8,19.44,20.4,0,160,240,0
2021,"MX","E",11,0,0,0,0,0,0
2021,"MX","E",13,43.44,0,0,320,0,0
2021,"SC","A",2,0,0,0,0,0,0
2021,"SC","A",4,0,16.24,0,0,160,0
2021,"SC","A",8,0,0,0,0,0,0
2021,"SC","A",12,0,18.88,0,0,240,0
2021,"SC","A",15,0,0,0,0,0,0
2021,"SC","C",3,411.28,0,0,1600,0,0
2021,"SC","C",5,233.12,0,3.28,1600,0,80
2021,"SC","C",7,412.24,0,4.96,2560,0,160
2021,"SC","C",11,251.36,51.84,41.2,1680,400,80
2021,"SC","C",13,210.96,0,0,1280,0,0
2021,"SC","E",1,0,0,0,0,0,0
2021,"SC","E",6,1.44,0,0,80,0,0
2021,"SC","E",9,15.12,0,0,80,0,0
2021,"SC","E",10,2.64,0,0,80,0,0
2021,"SC","E",14,0,0,0,0,0,0
2021,"SP","A",2,151.92,0,0,1360,0,0
2021,"SP","A",5,348.08,0,0,1360,0,0
2021,"SP","A",9,27.28,0,19.52,80,0,240
2021,"SP","A",11,43.68,16.8,7.2,320,160,80
2021,"SP","A",13,0,0,0,0,0,0
2021,"SP","C",3,424,0,3.28,1680,0,80
2021,"SP","C",6,340.64,7.04,0,2000,80,0
2021,"SP","C",7,394.24,0,627.76,2960,0,160
2021,"SP","C",12,519.12,0,106.32,4160,0,80
2021,"SP","C",15,534.8,0,5.6,2720,0,80
2021,"SP","E",1,16.64,42.72,0,80,400,0
2021,"SP","E",4,148.88,0,11.76,800,0,400
2021,"SP","E",8,71.12,0,18.96,640,0,240
2021,"SP","E",10,0,28.16,0,0,240,0
2021,"SP","E",14,0,0,0,0,0,0
2022,"MX","A",2,0,72.88,0,0,480,0
2022,"MX","A",6,29.36,155.84,0,240,1040,0
2022,"MX","A",9,0,69.6,0,0,640,0
2022,"MX","A",12,0,14.88,0,0,160,0
2022,"MX","A",15,0,53.28,6.16,0,320,160
2022,"MX","C",3,117.28,122.4,1.84,800,1040,80
2022,"MX","C",5,95.92,368.72,0,720,2560,0
2022,"MX","C",7,277.28,106,3.84,2320,1040,160
2022,"MX","C",10,276.8,75.6,0,2240,640,0
2022,"MX","C",14,253.12,69.12,12.96,2000,720,80
2022,"MX","E",1,0,15.44,9.52,0,160,320
2022,"MX","E",4,0,17.92,4.64,0,240,240
2022,"MX","E",8,0,7.12,0,0,80,0
2022,"MX","E",11,0,18.32,0,0,240,0
2022,"MX","E",13,0,71.28,0,0,160,0
2022,"SC","A",2,0,0,0,0,0,0
2022,"SC","A",4,0,0,0,0,0,0
2022,"SC","A",8,0,0,0,0,0,0
2022,"SC","A",12,0,0,0,0,0,0
2022,"SC","A",15,0,41.76,0,0,400,0
2022,"SC","C",3,103.92,0,2,720,0,80
2022,"SC","C",5,248.16,0,0,2000,0,0
2022,"SC","C",7,195.04,10.64,0,1760,80,0
2022,"SC","C",11,2.08,33.68,0,80,240,0
2022,"SC","C",13,566.72,93.6,0,3600,800,0
2022,"SC","E",1,0,0,0,0,0,0
2022,"SC","E",6,0,0,0,0,0,0
2022,"SC","E",9,0,23.2,0,0,80,0
2022,"SC","E",10,0,0,0,0,0,0
2022,"SC","E",14,0,0,0,0,0,0
2022,"SP","A",2,52.96,0,8.72,400,0,80
2022,"SP","A",5,531.36,0,0,2960,0,0
2022,"SP","A",9,0,15.44,4.64,0,160,320
2022,"SP","A",11,65.2,0,0,880,0,0
2022,"SP","A",13,0,0,0,0,0,0
2022,"SP","C",3,482,0,0,2400,0,0
2022,"SP","C",6,228,0,0,1200,0,0
2022,"SP","C",7,94.24,0,4.96,720,0,80
2022,"SP","C",12,270.16,0,2.16,2480,0,80
2022,"SP","C",15,197.04,0,0,720,0,0
2022,"SP","E",1,14.88,41.52,10,400,400,160
2022,"SP","E",4,26.8,0,1.2,160,0,80
2022,"SP","E",8,9.6,0,10.48,160,0,480
2022,"SP","E",10,31.2,30.88,0,240,480,0
2022,"SP","E",14,31.84,0,282.64,240,0,80
2023,"MX","A",2,21.568,84.08,0,320,560,0
2023,"MX","A",6,0,124.408,0,0,720,0
2023,"MX","A",9,42.808,29.232,3.952,640,400,160
2023,"MX","A",12,41.384,5.544,0,240,80,0
2023,"MX","A",15,0,109.976,3.272,0,640,160
2023,"MX","C",3,189.992,186.312,98.696,1520,1200,160
2023,"MX","C",5,95.048,371.968,0,480,1920,0
2023,"MX","C",7,146.248,127.44,0,1280,1040,0
2023,"MX","C",10,594.024,78.488,0,4640,560,0
2023,"MX","C",14,160.52,95.288,0,1280,640,0
2023,"MX","E",1,0,12.352,6.52,0,80,160
2023,"MX","E",4,0,25.656,7.264,160,240,240
2023,"MX","E",8,7.416,44.096,0,80,480,0
2023,"MX","E",11,0,0,1.272,0,0,80
2023,"MX","E",13,0,52.024,0,0,480,0
2023,"SC","A",2,0,0,0,0,0,0
2023,"SC","A",4,0,0,0,0,0,0
2023,"SC","A",8,0,9.568,0,0,80,0
2023,"SC","A",12,0,11.616,0,0,160,0
2023,"SC","A",15,10.392,34.384,0,80,240,0
2023,"SC","C",3,280.936,0,0,1920,0,0
2023,"SC","C",5,225.472,0,0,1520,0,0
2023,"SC","C",7,137.648,9.512,0,1520,160,0
2023,"SC","C",11,66.856,43.768,0,400,480,0
2023,"SC","C",13,243.44,5.312,0,2000,80,0
2023,"SC","E",1,0,3.376,0,0,80,0
2023,"SC","E",6,13.376,0,0,80,0,0
2023,"SC","E",9,0,0,0.296,0,0,80
2023,"SC","E",10,0,0,0,0,0,0
2023,"SC","E",14,2.368,0,0,80,0,0
2023,"SP","A",2,41.32,0,0,400,0,0
2023,"SP","A",5,263.224,0,0,1360,0,0
2023,"SP","A",9,0,76.88,14.624,0,400,80
2023,"SP","A",11,89.304,36.88,0,1040,320,0
2023,"SP","A",13,0,0,0,0,0,0
2023,"SP","C",3,141.648,0,0,960,0,0
2023,"SP","C",6,123.424,0,0,960,0,0
2023,"SP","C",7,265.912,0,0.72,2480,0,80
2023,"SP","C",12,185.592,0,0,1760,0,0
2023,"SP","C",15,63.312,0,0,640,0,0
2023,"SP","E",1,12.952,37.088,0,240,160,0
2023,"SP","E",4,9.784,0,0,80,0,0
2023,"SP","E",8,0,0,0,0,0,0
2023,"SP","E",10,37.32,109.688,0,400,800,0
2023,"SP","E",14,0,0,0,0,0,0
2024,"MX","A",2,30.28,220.728,0,160,1200,0
2024,"MX","A",6,51.264,60.664,0,400,400,0
2024,"MX","A",9,39.784,68.144,3.2,560,640,160
2024,"MX","A",12,0,122.304,0,0,800,0
2024,"MX","A",15,0,201.528,0,0,880,0
2024,"MX","C",3,261.904,238.672,0,1680,1760,0
2024,"MX","C",5,60.488,389.048,0,400,2480,0
2024,"MX","C",7,62.792,23.864,0,400,160,0
2024,"MX","C",10,604.112,217.416,0,3200,1360,0
2024,"MX","C",14,216.368,104.936,0,1440,880,0
2024,"MX","E",1,0,8.952,4.104,0,80,160
2024,"MX","E",4,24.808,65.472,1.36,160,400,80
2024,"MX","E",8,70.952,115.168,0,560,1040,0
2024,"MX","E",11,2.432,59.44,0,80,400,0
2024,"MX","E",13,9.28,101.464,0,240,560,0
2024,"SC","A",2,0,0,0,0,0,0
2024,"SC","A",4,0,17.992,0,0,160,0
2024,"SC","A",8,0,0,0,0,0,0
2024,"SC","A",12,0,18.448,0,0,160,0
2024,"SC","A",15,0,45.72,0,0,400,0
2024,"SC","C",3,189.728,0,0,1360,0,0
2024,"SC","C",5,343.96,0,135.552,3440,0,80
2024,"SC","C",7,196.072,15.472,0,2080,400,0
2024,"SC","C",11,0.568,0,0,80,0,0
2024,"SC","C",13,315.128,16,0,1680,80,0
2024,"SC","E",1,0.808,0,0,80,0,0
2024,"SC","E",6,0,0,0,0,0,0
2024,"SC","E",9,3.488,45.352,0,80,240,0
2024,"SC","E",10,3.272,0,0,80,0,0
2024,"SC","E",14,0,0,0,0,0,0
2024,"SP","A",2,54.488,0,4.032,800,0,160
2024,"SP","A",5,142.288,0,5.592,1760,0,80
2024,"SP","A",9,85.712,91,29.048,480,320,320
2024,"SP","A",11,45.152,10.36,0,560,80,0
2024,"SP","A",13,12.416,0,0,160,0,0
2024,"SP","C",3,740.872,0,207.016,4800,0,80
2024,"SP","C",6,406.472,0,0,2720,0,0
2024,"SP","C",7,265.32,0,0,2320,0,0
2024,"SP","C",12,294.208,0,0,2640,0,0
2024,"SP","C",15,149.864,0,0,1040,0,0
2024,"SP","E",1,57.584,18.576,0,480,160,0
2024,"SP","E",4,138.384,0,0.624,960,0,80
2024,"SP","E",8,55.088,0,0.544,480,0,80
2024,"SP","E",10,22.872,66.608,0,240,640,0
2024,"SP","E",14,42.616,0,429.648,560,0,80
2025,"MX","A",2,8.4,109.12,0,160,480,0
2025,"MX","A",6,17.6,38.56,0,80,240,0
2025,"MX","A",9,58.96,84.16,8.32,400,480,80
2025,"MX","A",12,77.68,9.12,0,640,80,0
2025,"MX","A",15,0,6.56,0,0,240,0
2025,"MX","C",3,331.2,365.84,0,1360,1680,0
2025,"MX","C",5,119.76,498.4,0,640,3280,0
2025,"MX","C",7,291.92,166.72,0,2080,1200,0
2025,"MX","C",10,320.88,87.36,5.44,2240,720,80
2025,"MX","C",14,175.6,91.36,0,1520,720,0
2025,"MX","E",1,0,69.92,0,0,320,0
2025,"MX","E",4,13.04,18.48,1.68,160,80,80
2025,"MX","E",8,12.72,147.92,29.04,80,1120,160
2025,"MX","E",11,0,60.96,0,0,240,0
2025,"MX","E",13,1.36,49.6,0,80,320,0
2025,"SC","A",2,0,0,0,0,0,0
2025,"SC","A",4,0,8.56,0,0,80,0
2025,"SC","A",8,0,0,0,0,0,0
2025,"SC","A",12,0,0,0,0,0,0
2025,"SC","A",15,0,6.32,0,0,80,0
2025,"SC","C",3,351.68,0,0,2400,0,0
2025,"SC","C",5,128.4,0,0,960,0,0
2025,"SC","C",7,230.16,2.08,0,2320,80,0
2025,"SC","C",11,0,10.96,18.8,0,80,80
2025,"SC","C",13,296.48,0,0,1840,0,0
2025,"SC","E",1,0,0,0,0,0,0
2025,"SC","E",6,0,0,0,0,0,0
2025,"SC","E",9,0,0,0,0,0,0
2025,"SC","E",10,0,4.96,0,0,80,0
2025,"SC","E",14,0,0,0,0,0,0
2025,"SP","A",2,16.56,0,0,80,0,0
2025,"SP","A",5,536.72,0,0,4160,0,0
2025,"SP","A",9,32.8,61.68,8.88,160,320,160
2025,"SP","A",11,106.4,9.44,0,1280,160,0
2025,"SP","A",13,0,0,0,0,0,0
2025,"SP","C",3,943.84,0,0,5200,0,0
2025,"SP","C",6,448.16,0,0,2480,0,0
2025,"SP","C",7,690.48,0,0,4240,0,0
2025,"SP","C",12,728.72,85.44,0,4320,560,0
2025,"SP","C",15,310.4,0,0,1680,0,0
2025,"SP","E",1,0,43.84,0,0,320,0
2025,"SP","E",4,12.4,0,0,80,0,0
2025,"SP","E",8,66.32,0,0.32,560,0,80
2025,"SP","E",10,61.52,120.64,0,400,800,0
2025,"SP","E",14,0,0,87.52,0,0,80
