"Year","Community","Treatment","Chamber","TotalBelowMass_m2"
1987,"MX","A",2,342.9005863
1987,"MX","A",6,-99
1987,"MX","A",9,413.4401354
1987,"MX","A",12,391.8863843
1987,"MX","A",15,-99
1987,"MX","C",3,233.1723987
1987,"MX","C",5,-99
1987,"MX","C",7,476.1419569
1987,"MX","C",10,850.3934539
1987,"MX","C",14,-99
1987,"MX","E",1,254.7261498
1987,"MX","E",4,-99
1987,"MX","E",8,1052.214942
1987,"MX","E",11,570.1946892
1987,"MX","E",13,-99
1987,"SC","A",2,-99
1987,"SC","A",4,-99
1987,"SC","A",8,-99
1987,"SC","A",12,-99
1987,"SC","A",15,-99
1987,"SC","C",3,-99
1987,"SC","C",5,-99
1987,"SC","C",7,-99
1987,"SC","C",11,-99
1987,"SC","C",13,-99
1987,"SC","E",1,-99
1987,"SC","E",6,-99
1987,"SC","E",9,-99
1987,"SC","E",10,-99
1987,"SC","E",14,-99
1987,"SP","A",2,-99
1987,"SP","A",5,-99
1987,"SP","A",9,-99
1987,"SP","A",11,-99
1987,"SP","A",13,-99
1987,"SP","C",3,-99
1987,"SP","C",6,-99
1987,"SP","C",7,-99
1987,"SP","C",12,-99
1987,"SP","C",15,-99
1987,"SP","E",1,-99
1987,"SP","E",4,-99
1987,"SP","E",8,-99
1987,"SP","E",10,-99
1987,"SP","E",14,-99
1988,"MX","A",2,249.6316268
1988,"MX","A",6,259.4287864
1988,"MX","A",9,230.8210804
1988,"MX","A",12,273.1448099
1988,"MX","A",15,177.9164185
1988,"MX","C",3,166.0291981
1988,"MX","C",5,155.970781
1988,"MX","C",7,279.2843632
1988,"MX","C",10,180.3983656
1988,"MX","C",14,189.2811236
1988,"MX","E",1,252.6360891
1988,"MX","E",4,340.9411543
1988,"MX","E",8,256.1630665
1988,"MX","E",11,309.1983572
1988,"MX","E",13,402.4673167
1988,"SC","A",2,-99
1988,"SC","A",4,-99
1988,"SC","A",8,-99
1988,"SC","A",12,-99
1988,"SC","A",15,-99
1988,"SC","C",3,-99
1988,"SC","C",5,-99
1988,"SC","C",7,-99
1988,"SC","C",11,-99
1988,"SC","C",13,-99
1988,"SC","E",1,-99
1988,"SC","E",6,-99
1988,"SC","E",9,-99
1988,"SC","E",10,-99
1988,"SC","E",14,-99
1988,"SP","A",2,-99
1988,"SP","A",5,-99
1988,"SP","A",9,-99
1988,"SP","A",11,-99
1988,"SP","A",13,-99
1988,"SP","C",3,-99
1988,"SP","C",6,-99
1988,"SP","C",7,-99
1988,"SP","C",12,-99
1988,"SP","C",15,-99
1988,"SP","E",1,-99
1988,"SP","E",4,-99
1988,"SP","E",8,-99
1988,"SP","E",10,-99
1988,"SP","E",14,-99
1989,"MX","A",2,-99
1989,"MX","A",6,-99
1989,"MX","A",9,-99
1989,"MX","A",12,-99
1989,"MX","A",15,-99
1989,"MX","C",3,-99
1989,"MX","C",5,-99
1989,"MX","C",7,-99
1989,"MX","C",10,-99
1989,"MX","C",14,-99
1989,"MX","E",1,-99
1989,"MX","E",4,-99
1989,"MX","E",8,-99
1989,"MX","E",11,-99
1989,"MX","E",13,-99
1989,"SC","A",2,-99
1989,"SC","A",4,-99
1989,"SC","A",8,-99
1989,"SC","A",12,-99
1989,"SC","A",15,-99
1989,"SC","C",3,-99
1989,"SC","C",5,-99
1989,"SC","C",7,-99
1989,"SC","C",11,-99
1989,"SC","C",13,-99
1989,"SC","E",1,-99
1989,"SC","E",6,-99
1989,"SC","E",9,-99
1989,"SC","E",10,-99
1989,"SC","E",14,-99
1989,"SP","A",2,-99
1989,"SP","A",5,-99
1989,"SP","A",9,-99
1989,"SP","A",11,-99
1989,"SP","A",13,-99
1989,"SP","C",3,-99
1989,"SP","C",6,-99
1989,"SP","C",7,-99
1989,"SP","C",12,-99
1989,"SP","C",15,-99
1989,"SP","E",1,-99
1989,"SP","E",4,-99
1989,"SP","E",8,-99
1989,"SP","E",10,-99
1989,"SP","E",14,-99
1990,"MX","A",2,-99
1990,"MX","A",6,-99
1990,"MX","A",9,-99
1990,"MX","A",12,-99
1990,"MX","A",15,-99
1990,"MX","C",3,-99
1990,"MX","C",5,-99
1990,"MX","C",7,-99
1990,"MX","C",10,-99
1990,"MX","C",14,-99
1990,"MX","E",1,-99
1990,"MX","E",4,-99
1990,"MX","E",8,-99
1990,"MX","E",11,-99
1990,"MX","E",13,-99
1990,"SC","A",2,-99
1990,"SC","A",4,-99
1990,"SC","A",8,-99
1990,"SC","A",12,-99
1990,"SC","A",15,-99
1990,"SC","C",3,-99
1990,"SC","C",5,-99
1990,"SC","C",7,-99
1990,"SC","C",11,-99
1990,"SC","C",13,-99
1990,"SC","E",1,-99
1990,"SC","E",6,-99
1990,"SC","E",9,-99
1990,"SC","E",10,-99
1990,"SC","E",14,-99
1990,"SP","A",2,-99
1990,"SP","A",5,-99
1990,"SP","A",9,-99
1990,"SP","A",11,-99
1990,"SP","A",13,-99
1990,"SP","C",3,-99
1990,"SP","C",6,-99
1990,"SP","C",7,-99
1990,"SP","C",12,-99
1990,"SP","C",15,-99
1990,"SP","E",1,-99
1990,"SP","E",4,-99
1990,"SP","E",8,-99
1990,"SP","E",10,-99
1990,"SP","E",14,-99
1991,"MX","A",2,-99
1991,"MX","A",6,-99
1991,"MX","A",9,-99
1991,"MX","A",12,-99
1991,"MX","A",15,-99
1991,"MX","C",3,-99
1991,"MX","C",5,-99
1991,"MX","C",7,-99
1991,"MX","C",10,-99
1991,"MX","C",14,-99
1991,"MX","E",1,-99
1991,"MX","E",4,-99
1991,"MX","E",8,-99
1991,"MX","E",11,-99
1991,"MX","E",13,-99
1991,"SC","A",2,-99
1991,"SC","A",4,-99
1991,"SC","A",8,-99
1991,"SC","A",12,-99
1991,"SC","A",15,-99
1991,"SC","C",3,-99
1991,"SC","C",5,-99
1991,"SC","C",7,-99
1991,"SC","C",11,-99
1991,"SC","C",13,-99
1991,"SC","E",1,-99
1991,"SC","E",6,-99
1991,"SC","E",9,-99
1991,"SC","E",10,-99
1991,"SC","E",14,-99
1991,"SP","A",2,-99
1991,"SP","A",5,-99
1991,"SP","A",9,-99
1991,"SP","A",11,-99
1991,"SP","A",13,-99
1991,"SP","C",3,-99
1991,"SP","C",6,-99
1991,"SP","C",7,-99
1991,"SP","C",12,-99
1991,"SP","C",15,-99
1991,"SP","E",1,-99
1991,"SP","E",4,-99
1991,"SP","E",8,-99
1991,"SP","E",10,-99
1991,"SP","E",14,-99
1992,"MX","A",2,220.1029877
1992,"MX","A",6,253.615805
1992,"MX","A",9,166.9435997
1992,"MX","A",12,383.5261414
1992,"MX","A",15,159.6283872
1992,"MX","C",3,189.6860729
1992,"MX","C",5,330.464725
1992,"MX","C",7,245.712763
1992,"MX","C",10,205.609723
1992,"MX","C",14,262.5638775
1992,"MX","E",1,312.7906491
1992,"MX","E",4,767.4441693
1992,"MX","E",8,233.8255426
1992,"MX","E",11,292.7391291
1992,"MX","E",13,509.5829284
1992,"SC","A",2,195.1594194
1992,"SC","A",4,392.2782707
1992,"SC","A",8,200.7764576
1992,"SC","A",12,258.2531273
1992,"SC","A",15,262.9557639
1992,"SC","C",3,90.39512598
1992,"SC","C",5,131.8044539
1992,"SC","C",7,27.82393329
1992,"SC","C",11,137.6827497
1992,"SC","C",13,133.633257
1992,"SC","E",1,578.9468184
1992,"SC","E",6,422.4535223
1992,"SC","E",9,347.9951093
1992,"SC","E",10,284.9014014
1992,"SC","E",14,434.4713714
1992,"SP","A",2,104.6597904
1992,"SP","A",5,197.2494801
1992,"SP","A",9,112.8110272
1992,"SP","A",11,127.8333386
1992,"SP","A",13,172.1295629
1992,"SP","C",3,242.3817287
1992,"SP","C",6,134.0904578
1992,"SP","C",7,207.5430291
1992,"SP","C",12,150.1969882
1992,"SP","C",15,216.2429069
1992,"SP","E",1,186.9298053
1992,"SP","E",4,207.882664
1992,"SP","E",8,109.4342728
1992,"SP","E",10,141.3272931
1992,"SP","E",14,227.5814862
1993,"MX","A",2,-99
1993,"MX","A",6,-99
1993,"MX","A",9,-99
1993,"MX","A",12,-99
1993,"MX","A",15,-99
1993,"MX","C",3,-99
1993,"MX","C",5,-99
1993,"MX","C",7,-99
1993,"MX","C",10,-99
1993,"MX","C",14,-99
1993,"MX","E",1,-99
1993,"MX","E",4,-99
1993,"MX","E",8,-99
1993,"MX","E",11,-99
1993,"MX","E",13,-99
1993,"SC","A",2,-99
1993,"SC","A",4,-99
1993,"SC","A",8,-99
1993,"SC","A",12,-99
1993,"SC","A",15,-99
1993,"SC","C",3,-99
1993,"SC","C",5,-99
1993,"SC","C",7,-99
1993,"SC","C",11,-99
1993,"SC","C",13,-99
1993,"SC","E",1,-99
1993,"SC","E",6,-99
1993,"SC","E",9,-99
1993,"SC","E",10,-99
1993,"SC","E",14,-99
1993,"SP","A",2,-99
1993,"SP","A",5,-99
1993,"SP","A",9,-99
1993,"SP","A",11,-99
1993,"SP","A",13,-99
1993,"SP","C",3,-99
1993,"SP","C",6,-99
1993,"SP","C",7,-99
1993,"SP","C",12,-99
1993,"SP","C",15,-99
1993,"SP","E",1,-99
1993,"SP","E",4,-99
1993,"SP","E",8,-99
1993,"SP","E",10,-99
1993,"SP","E",14,-99
1994,"MX","A",2,-99
1994,"MX","A",6,-99
1994,"MX","A",9,-99
1994,"MX","A",12,-99
1994,"MX","A",15,-99
1994,"MX","C",3,-99
1994,"MX","C",5,-99
1994,"MX","C",7,-99
1994,"MX","C",10,-99
1994,"MX","C",14,-99
1994,"MX","E",1,-99
1994,"MX","E",4,-99
1994,"MX","E",8,-99
1994,"MX","E",11,-99
1994,"MX","E",13,-99
1994,"SC","A",2,-99
1994,"SC","A",4,-99
1994,"SC","A",8,-99
1994,"SC","A",12,-99
1994,"SC","A",15,-99
1994,"SC","C",3,-99
1994,"SC","C",5,-99
1994,"SC","C",7,-99
1994,"SC","C",11,-99
1994,"SC","C",13,-99
1994,"SC","E",1,-99
1994,"SC","E",6,-99
1994,"SC","E",9,-99
1994,"SC","E",10,-99
1994,"SC","E",14,-99
1994,"SP","A",2,-99
1994,"SP","A",5,-99
1994,"SP","A",9,-99
1994,"SP","A",11,-99
1994,"SP","A",13,-99
1994,"SP","C",3,-99
1994,"SP","C",6,-99
1994,"SP","C",7,-99
1994,"SP","C",12,-99
1994,"SP","C",15,-99
1994,"SP","E",1,-99
1994,"SP","E",4,-99
1994,"SP","E",8,-99
1994,"SP","E",10,-99
1994,"SP","E",14,-99
1995,"MX","A",2,209.9335361
1995,"MX","A",6,270.0097188
1995,"MX","A",9,166.1075754
1995,"MX","A",12,164.422464
1995,"MX","A",15,-99
1995,"MX","C",3,238.5673679
1995,"MX","C",5,215.8640834
1995,"MX","C",7,136.4809648
1995,"MX","C",10,125.8608438
1995,"MX","C",14,219.6392555
1995,"MX","E",1,360.4309705
1995,"MX","E",4,194.4278981
1995,"MX","E",8,339.6348664
1995,"MX","E",11,102.3084721
1995,"MX","E",13,279.8330041
1995,"SC","A",2,-99
1995,"SC","A",4,-99
1995,"SC","A",8,-99
1995,"SC","A",12,-99
1995,"SC","A",15,-99
1995,"SC","C",3,-99
1995,"SC","C",5,-99
1995,"SC","C",7,-99
1995,"SC","C",11,-99
1995,"SC","C",13,-99
1995,"SC","E",1,-99
1995,"SC","E",6,-99
1995,"SC","E",9,-99
1995,"SC","E",10,-99
1995,"SC","E",14,-99
1995,"SP","A",2,-99
1995,"SP","A",5,-99
1995,"SP","A",9,-99
1995,"SP","A",11,-99
1995,"SP","A",13,-99
1995,"SP","C",3,-99
1995,"SP","C",6,-99
1995,"SP","C",7,-99
1995,"SP","C",12,-99
1995,"SP","C",15,-99
1995,"SP","E",1,-99
1995,"SP","E",4,-99
1995,"SP","E",8,-99
1995,"SP","E",10,-99
1995,"SP","E",14,-99
1996,"MX","A",2,-99
1996,"MX","A",6,-99
1996,"MX","A",9,-99
1996,"MX","A",12,-99
1996,"MX","A",15,-99
1996,"MX","C",3,-99
1996,"MX","C",5,-99
1996,"MX","C",7,-99
1996,"MX","C",10,-99
1996,"MX","C",14,-99
1996,"MX","E",1,-99
1996,"MX","E",4,-99
1996,"MX","E",8,-99
1996,"MX","E",11,-99
1996,"MX","E",13,-99
1996,"SC","A",2,-99
1996,"SC","A",4,-99
1996,"SC","A",8,-99
1996,"SC","A",12,-99
1996,"SC","A",15,-99
1996,"SC","C",3,-99
1996,"SC","C",5,-99
1996,"SC","C",7,-99
1996,"SC","C",11,-99
1996,"SC","C",13,-99
1996,"SC","E",1,-99
1996,"SC","E",6,-99
1996,"SC","E",9,-99
1996,"SC","E",10,-99
1996,"SC","E",14,-99
1996,"SP","A",2,-99
1996,"SP","A",5,-99
1996,"SP","A",9,-99
1996,"SP","A",11,-99
1996,"SP","A",13,-99
1996,"SP","C",3,-99
1996,"SP","C",6,-99
1996,"SP","C",7,-99
1996,"SP","C",12,-99
1996,"SP","C",15,-99
1996,"SP","E",1,-99
1996,"SP","E",4,-99
1996,"SP","E",8,-99
1996,"SP","E",10,-99
1996,"SP","E",14,-99
1997,"MX","A",2,217.3663145
1997,"MX","A",6,345.3825334
1997,"MX","A",9,477.5788737
1997,"MX","A",12,192.4162147
1997,"MX","A",15,249.2397404
1997,"MX","C",3,181.3127671
1997,"MX","C",5,192.8081011
1997,"MX","C",7,283.856371
1997,"MX","C",10,286.2076893
1997,"MX","C",14,51.99026032
1997,"MX","E",1,349.0401396
1997,"MX","E",4,437.9983489
1997,"MX","E",8,266.4827413
1997,"MX","E",11,140.4259544
1997,"MX","E",13,173.0831531
1997,"SC","A",2,84.7780878
1997,"SC","A",4,178.5695624
1997,"SC","A",8,344.4681318
1997,"SC","A",12,167.9886301
1997,"SC","A",15,296.3967353
1997,"SC","C",3,188.7586084
1997,"SC","C",5,117.4352865
1997,"SC","C",7,167.8580013
1997,"SC","C",11,-99
1997,"SC","C",13,91.83204272
1997,"SC","E",1,334.5403434
1997,"SC","E",6,438.3902352
1997,"SC","E",9,314.8153954
1997,"SC","E",10,222.3302087
1997,"SC","E",14,271.4466355
1997,"SP","A",2,91.70141393
1997,"SP","A",5,105.678695
1997,"SP","A",9,140.687212
1997,"SP","A",11,137.9440073
1997,"SP","A",13,142.6466439
1997,"SP","C",3,93.13833067
1997,"SP","C",6,114.1695666
1997,"SP","C",7,88.17443647
1997,"SP","C",12,105.8093238
1997,"SP","C",15,180.137108
1997,"SP","E",1,261.5188471
1997,"SP","E",4,83.86368624
1997,"SP","E",8,122.6604383
1997,"SP","E",10,201.2989727
1997,"SP","E",14,140.8178408
1998,"MX","A",2,353.7427762
1998,"MX","A",6,409.6519004
1998,"MX","A",9,258.383756
1998,"MX","A",12,338.4592072
1998,"MX","A",15,480.3220784
1998,"MX","C",3,632.5046243
1998,"MX","C",5,300.446228
1998,"MX","C",7,233.1723987
1998,"MX","C",10,117.0825887
1998,"MX","C",14,212.9249355
1998,"MX","E",1,561.8344463
1998,"MX","E",4,1009.499326
1998,"MX","E",8,552.5598019
1998,"MX","E",11,269.87909
1998,"MX","E",13,298.7741794
1998,"SC","A",2,419.1878024
1998,"SC","A",4,370.5938908
1998,"SC","A",8,183.2721991
1998,"SC","A",12,451.5837435
1998,"SC","A",15,389.2738084
1998,"SC","C",3,149.4393412
1998,"SC","C",5,179.2227064
1998,"SC","C",7,278.5005904
1998,"SC","C",11,353.7427762
1998,"SC","C",13,147.3492805
1998,"SC","E",1,248.847854
1998,"SC","E",6,271.0547491
1998,"SC","E",9,396.1971345
1998,"SC","E",10,309.4596148
1998,"SC","E",14,512.7180195
1998,"SP","A",2,226.6409589
1998,"SP","A",5,369.9407468
1998,"SP","A",9,183.925343
1998,"SP","A",11,169.4255468
1998,"SP","A",13,381.4360807
1998,"SP","C",3,182.4884263
1998,"SP","C",6,166.0291981
1998,"SP","C",7,181.3127671
1998,"SP","C",12,187.4523205
1998,"SP","C",15,206.7853821
1998,"SP","E",1,511.6729891
1998,"SP","E",4,114.6920818
1998,"SP","E",8,194.5062754
1998,"SP","E",10,140.034068
1998,"SP","E",14,122.0072943
1999,"MX","A",2,256.1630665
1999,"MX","A",6,320.8243199
1999,"MX","A",9,234.870573
1999,"MX","A",12,175.695729
1999,"MX","A",15,455.3719786
1999,"MX","C",3,251.1991723
1999,"MX","C",5,153.3582051
1999,"MX","C",7,353.7427762
1999,"MX","C",10,99.931028
1999,"MX","C",14,304.234463
1999,"MX","E",1,242.8389295
1999,"MX","E",4,337.4141769
1999,"MX","E",8,229.3841636
1999,"MX","E",11,197.2494801
1999,"MX","E",13,440.480296
1999,"SC","A",2,-99
1999,"SC","A",4,-99
1999,"SC","A",8,-99
1999,"SC","A",12,-99
1999,"SC","A",15,-99
1999,"SC","C",3,-99
1999,"SC","C",5,-99
1999,"SC","C",7,-99
1999,"SC","C",11,-99
1999,"SC","C",13,-99
1999,"SC","E",1,-99
1999,"SC","E",6,-99
1999,"SC","E",9,-99
1999,"SC","E",10,-99
1999,"SC","E",14,-99
1999,"SP","A",2,-99
1999,"SP","A",5,-99
1999,"SP","A",9,-99
1999,"SP","A",11,-99
1999,"SP","A",13,-99
1999,"SP","C",3,-99
1999,"SP","C",6,-99
1999,"SP","C",7,-99
1999,"SP","C",12,-99
1999,"SP","C",15,-99
1999,"SP","E",1,-99
1999,"SP","E",4,-99
1999,"SP","E",8,-99
1999,"SP","E",10,-99
1999,"SP","E",14,-99
2000,"MX","A",2,372.8929575
2000,"MX","A",6,354.7355551
2000,"MX","A",9,341.3461036
2000,"MX","A",12,695.8987784
2000,"MX","A",15,328.2570984
2000,"MX","C",3,240.6574286
2000,"MX","C",5,294.2282973
2000,"MX","C",7,345.7874826
2000,"MX","C",10,224.2373891
2000,"MX","C",14,247.1104911
2000,"MX","E",1,566.746089
2000,"MX","E",4,909.8295555
2000,"MX","E",8,1058.537376
2000,"MX","E",11,485.6256074
2000,"MX","E",13,293.0395753
2000,"SC","A",2,278.4875276
2000,"SC","A",4,238.6457452
2000,"SC","A",8,175.0948365
2000,"SC","A",12,394.2377026
2000,"SC","A",15,325.265699
2000,"SC","C",3,165.180111
2000,"SC","C",5,206.7200677
2000,"SC","C",7,85.43123178
2000,"SC","C",11,203.3106562
2000,"SC","C",13,97.40989226
2000,"SC","E",1,278.3960874
2000,"SC","E",6,979.794338
2000,"SC","E",9,377.4780282
2000,"SC","E",10,386.4391636
2000,"SC","E",14,293.1440783
2000,"SP","A",2,119.1987752
2000,"SP","A",5,142.9862788
2000,"SP","A",9,169.1642892
2000,"SP","A",11,119.760479
2000,"SP","A",13,68.85443772
2000,"SP","C",3,157.3815719
2000,"SP","C",6,256.3198211
2000,"SP","C",7,113.6862401
2000,"SP","C",12,170.4705772
2000,"SP","C",15,114.8096477
2000,"SP","E",1,450.6562791
2000,"SP","E",4,133.0323646
2000,"SP","E",8,167.5967437
2000,"SP","E",10,275.509191
2000,"SP","E",14,81.66912249
2001,"MX","A",2,249.500998
2001,"MX","A",6,268.4552361
2001,"MX","A",9,211.5272074
2001,"MX","A",12,205.0349563
2001,"MX","A",15,201.4557273
2001,"MX","C",3,230.2593765
2001,"MX","C",5,147.5452237
2001,"MX","C",7,321.6734071
2001,"MX","C",10,220.7887889
2001,"MX","C",14,158.5049796
2001,"MX","E",1,223.9826629
2001,"MX","E",4,271.4596984
2001,"MX","E",8,437.2929534
2001,"MX","E",11,222.9572269
2001,"MX","E",13,268.1286641
2001,"SC","A",2,175.3169055
2001,"SC","A",4,143.3781651
2001,"SC","A",8,170.1178794
2001,"SC","A",12,161.3526873
2001,"SC","A",15,274.3596576
2001,"SC","C",3,74.45841302
2001,"SC","C",5,102.5174781
2001,"SC","C",7,70.44810902
2001,"SC","C",11,143.3259136
2001,"SC","C",13,91.20502451
2001,"SC","E",1,270.3885423
2001,"SC","E",6,240.6966172
2001,"SC","E",9,276.4235926
2001,"SC","E",10,233.2769017
2001,"SC","E",14,343.4231014
2001,"SP","A",2,87.22084627
2001,"SP","A",5,98.03691047
2001,"SP","A",9,135.4881859
2001,"SP","A",11,130.8116751
2001,"SP","A",13,75.81695248
2001,"SP","C",3,132.2877805
2001,"SP","C",6,152.1433573
2001,"SP","C",7,151.8690368
2001,"SP","C",12,155.1086309
2001,"SP","C",15,100.5057947
2001,"SP","E",1,148.8776374
2001,"SP","E",4,139.2241695
2001,"SP","E",8,67.83553312
2001,"SP","E",10,108.3435224
2001,"SP","E",14,188.1315902
2002,"MX","A",2,225.5959286
2002,"MX","A",6,380.6523079
2002,"MX","A",9,307.7614405
2002,"MX","A",12,395.8052481
2002,"MX","A",15,243.4920734
2002,"MX","C",3,174.5200698
2002,"MX","C",5,79.68356481
2002,"MX","C",7,318.6036304
2002,"MX","C",10,221.6770647
2002,"MX","C",14,478.623904
2002,"MX","E",1,143.5610454
2002,"MX","E",4,255.1180362
2002,"MX","E",8,291.5634699
2002,"MX","E",11,228.0778757
2002,"MX","E",13,250.9379147
2002,"SC","A",2,76.41784494
2002,"SC","A",4,300.3155992
2002,"SC","A",8,293.1310155
2002,"SC","A",12,175.4344714
2002,"SC","A",15,271.5772643
2002,"SC","C",3,180.8555664
2002,"SC","C",5,144.7367046
2002,"SC","C",7,61.91804872
2002,"SC","C",11,160.5427888
2002,"SC","C",13,93.53021705
2002,"SC","E",1,246.1046493
2002,"SC","E",6,138.3358937
2002,"SC","E",9,108.2912709
2002,"SC","E",10,277.3249313
2002,"SC","E",14,267.0052565
2002,"SP","A",2,134.5476586
2002,"SP","A",5,81.77362552
2002,"SP","A",9,97.3184521
2002,"SP","A",11,196.4657073
2002,"SP","A",13,125.403643
2002,"SP","C",3,128.2774765
2002,"SP","C",6,93.39958826
2002,"SP","C",7,151.9212883
2002,"SP","C",12,121.4847791
2002,"SP","C",15,168.641774
2002,"SP","E",1,101.4985735
2002,"SP","E",4,117.6965441
2002,"SP","E",8,189.2811236
2002,"SP","E",10,175.042585
2002,"SP","E",14,218.4113448
2003,"MX","A",2,276.1492721
2003,"MX","A",6,254.8567786
2003,"MX","A",9,753.0750018
2003,"MX","A",12,709.706242
2003,"MX","A",15,578.9468184
2003,"MX","C",3,330.6214796
2003,"MX","C",5,393.7151874
2003,"MX","C",7,273.667325
2003,"MX","C",10,395.1521042
2003,"MX","C",14,777.763844
2003,"MX","E",1,519.7719744
2003,"MX","E",4,553.082317
2003,"MX","E",8,1425.421408
2003,"MX","E",11,619.5723736
2003,"MX","E",13,617.6129417
2003,"SC","A",2,178.0470473
2003,"SC","A",4,388.6206644
2003,"SC","A",8,279.8068784
2003,"SC","A",12,291.9553563
2003,"SC","A",15,775.9350409
2003,"SC","C",3,237.0912625
2003,"SC","C",5,147.2186517
2003,"SC","C",7,278.6312192
2003,"SC","C",11,150.876258
2003,"SC","C",13,46.63447973
2003,"SC","E",1,524.2133534
2003,"SC","E",6,524.2133534
2003,"SC","E",9,444.3991598
2003,"SC","E",10,385.3549446
2003,"SC","E",14,877.1723569
2003,"SP","A",2,153.7500914
2003,"SP","A",5,75.43812898
2003,"SP","A",9,128.6693628
2003,"SP","A",11,397.1115361
2003,"SP","A",13,169.0336604
2003,"SP","C",3,506.3172085
2003,"SP","C",6,165.6373118
2003,"SP","C",7,419.9715752
2003,"SP","C",12,97.57970969
2003,"SP","C",15,125.9261582
2003,"SP","E",1,386.2693461
2003,"SP","E",4,126.9711885
2003,"SP","E",8,237.6137777
2003,"SP","E",10,188.7586084
2003,"SP","E",14,56.69289693
2004,"MX","A",2,277.9780753
2004,"MX","A",6,494.0381018
2004,"MX","A",9,502.5289735
2004,"MX","A",12,434.732629
2004,"MX","A",15,443.615387
2004,"MX","C",3,315.9910545
2004,"MX","C",5,557.7849537
2004,"MX","C",7,408.7374988
2004,"MX","C",10,261.9107335
2004,"MX","C",14,413.1788778
2004,"MX","E",1,703.0441734
2004,"MX","E",4,475.0969266
2004,"MX","E",8,259.690044
2004,"MX","E",11,392.6701571
2004,"MX","E",13,722.8997502
2004,"SC","A",2,288.8202652
2004,"SC","A",4,376.8640729
2004,"SC","A",8,271.9691507
2004,"SC","A",12,419.1878024
2004,"SC","A",15,599.8474256
2004,"SC","C",3,139.380924
2004,"SC","C",5,89.741982
2004,"SC","C",7,274.8429842
2004,"SC","C",11,370.3326332
2004,"SC","C",13,73.67464025
2004,"SC","E",1,346.4275637
2004,"SC","E",6,879.2624176
2004,"SC","E",9,360.7967311
2004,"SC","E",10,286.3383181
2004,"SC","E",14,327.2251309
2004,"SP","A",2,142.6466439
2004,"SP","A",5,134.5476586
2004,"SP","A",9,119.3947184
2004,"SP","A",11,392.5395283
2004,"SP","A",13,149.0474548
2004,"SP","C",3,239.1813232
2004,"SP","C",6,82.03488311
2004,"SP","C",7,0
2004,"SP","C",12,149.9618564
2004,"SP","C",15,181.9659111
2004,"SP","E",1,245.9740205
2004,"SP","E",4,105.025551
2004,"SP","E",8,117.9578017
2004,"SP","E",10,159.6283872
2004,"SP","E",14,221.8076935
2005,"MX","A",2,462.0340471
2005,"MX","A",6,444.1379022
2005,"MX","A",9,444.921675
2005,"MX","A",12,735.4401145
2005,"MX","A",15,396.5890209
2005,"MX","C",3,588.3520916
2005,"MX","C",5,403.3817182
2005,"MX","C",7,373.8596106
2005,"MX","C",10,642.824299
2005,"MX","C",14,381.0441943
2005,"MX","E",1,650.0088828
2005,"MX","E",4,571.3703483
2005,"MX","E",8,555.041749
2005,"MX","E",11,823.4839222
2005,"MX","E",13,593.9691298
2005,"SC","A",2,546.1589909
2005,"SC","A",4,265.3070822
2005,"SC","A",8,309.1983572
2005,"SC","A",12,234.3480578
2005,"SC","A",15,613.6940778
2005,"SC","C",3,141.4709847
2005,"SC","C",5,239.965096
2005,"SC","C",7,327.4863885
2005,"SC","C",11,192.5468435
2005,"SC","C",13,288.8202652
2005,"SC","E",1,355.5715794
2005,"SC","E",6,494.8218746
2005,"SC","E",9,558.5687264
2005,"SC","E",10,317.6892289
2005,"SC","E",14,439.3046368
2005,"SP","A",2,140.4259544
2005,"SP","A",5,169.8174332
2005,"SP","A",9,260.0819304
2005,"SP","A",11,680.3147631
2005,"SP","A",13,162.2409631
2005,"SP","C",3,254.0730058
2005,"SP","C",6,170.0786908
2005,"SP","C",7,210.4429884
2005,"SP","C",12,182.7496839
2005,"SP","C",15,187.0604341
2005,"SP","E",1,333.3646842
2005,"SP","E",4,55.12535139
2005,"SP","E",8,182.4884263
2005,"SP","E",10,114.8227106
2005,"SP","E",14,294.5679322
2006,"MX","A",2,384.5058574
2006,"MX","A",6,244.7852985
2006,"MX","A",9,422.4012708
2006,"MX","A",12,1230.170549
2006,"MX","A",15,263.7395366
2006,"MX","C",3,427.5872339
2006,"MX","C",5,458.4417552
2006,"MX","C",7,264.2751147
2006,"MX","C",10,494.560617
2006,"MX","C",14,548.1576115
2006,"MX","E",1,456.9917756
2006,"MX","E",4,425.2228527
2006,"MX","E",8,495.0570064
2006,"MX","E",11,472.0924643
2006,"MX","E",13,434.7979434
2006,"SC","A",2,732.0437659
2006,"SC","A",4,335.5461851
2006,"SC","A",8,234.2435548
2006,"SC","A",12,408.1104806
2006,"SC","A",15,481.7328693
2006,"SC","C",3,280.8519087
2006,"SC","C",5,224.4333323
2006,"SC","C",7,307.7745033
2006,"SC","C",11,326.6242384
2006,"SC","C",13,145.1939054
2006,"SC","E",1,344.3766916
2006,"SC","E",6,410.2005413
2006,"SC","E",9,342.6915802
2006,"SC","E",10,355.4932021
2006,"SC","E",14,298.8656195
2006,"SP","A",2,153.684777
2006,"SP","A",5,202.5007576
2006,"SP","A",9,269.2520718
2006,"SP","A",11,529.3731908
2006,"SP","A",13,126.0567869
2006,"SP","C",3,235.5890314
2006,"SP","C",6,218.724854
2006,"SP","C",7,217.9018925
2006,"SP","C",12,200.946275
2006,"SP","C",15,349.8239124
2006,"SP","E",1,805.2612053
2006,"SP","E",4,42.04940904
2006,"SP","E",8,159.2495637
2006,"SP","E",10,101.9296486
2006,"SP","E",14,194.0882633
2007,"MX","A",2,569.6460482
2007,"MX","A",6,359.3336886
2007,"MX","A",9,787.0646142
2007,"MX","A",12,1146.855504
2007,"MX","A",15,123.013136
2007,"MX","C",3,464.4114912
2007,"MX","C",5,544.1211817
2007,"MX","C",7,346.7933243
2007,"MX","C",10,846.6705333
2007,"MX","C",14,561.5470629
2007,"MX","E",1,856.0104921
2007,"MX","E",4,656.5141967
2007,"MX","E",8,328.0480923
2007,"MX","E",11,345.0820871
2007,"MX","E",13,714.8660794
2007,"SC","A",2,414.7464234
2007,"SC","A",4,351.1040746
2007,"SC","A",8,231.7485448
2007,"SC","A",12,724.6501761
2007,"SC","A",15,925.387445
2007,"SC","C",3,245.9609577
2007,"SC","C",5,182.0704141
2007,"SC","C",7,408.9595678
2007,"SC","C",11,336.9569761
2007,"SC","C",13,643.5819461
2007,"SC","E",1,613.994524
2007,"SC","E",6,1046.754658
2007,"SC","E",9,583.9368384
2007,"SC","E",10,459.4345341
2007,"SC","E",14,444.4775371
2007,"SP","A",2,140.3737029
2007,"SP","A",5,84.15106959
2007,"SP","A",9,215.7857061
2007,"SP","A",11,315.403225
2007,"SP","A",13,166.1990156
2007,"SP","C",3,174.6506986
2007,"SP","C",6,92.72031853
2007,"SP","C",7,175.0687107
2007,"SP","C",12,244.8506129
2007,"SP","C",15,581.1936337
2007,"SP","E",1,592.1533896
2007,"SP","E",4,72.98230764
2007,"SP","E",8,169.9349991
2007,"SP","E",10,138.3620194
2007,"SP","E",14,457.3705991
2008,"MX","A",2,341.3591665
2008,"MX","A",6,367.2497936
2008,"MX","A",9,419.5013115
2008,"MX","A",12,506.6045919
2008,"MX","A",15,281.5964929
2008,"MX","C",3,354.4742975
2008,"MX","C",5,508.9820359
2008,"MX","C",7,225.0603505
2008,"MX","C",10,421.9048813
2008,"MX","C",14,464.8817548
2008,"MX","E",1,354.4351088
2008,"MX","E",4,437.1231359
2008,"MX","E",8,258.6580765
2008,"MX","E",11,572.6243847
2008,"MX","E",13,462.2430532
2008,"SC","A",2,200.1494393
2008,"SC","A",4,280.8127201
2008,"SC","A",8,200.5152
2008,"SC","A",12,350.4248048
2008,"SC","A",15,227.3855431
2008,"SC","C",3,155.0825051
2008,"SC","C",5,163.9522003
2008,"SC","C",7,212.4154832
2008,"SC","C",11,205.5313457
2008,"SC","C",13,341.8947445
2008,"SC","E",1,387.4319424
2008,"SC","E",6,428.0313718
2008,"SC","E",9,385.2635044
2008,"SC","E",10,588.8876697
2008,"SC","E",14,330.5169765
2008,"SP","A",2,177.6812866
2008,"SP","A",5,99.59139313
2008,"SP","A",9,256.0977521
2008,"SP","A",11,261.753979
2008,"SP","A",13,176.6362563
2008,"SP","C",3,121.4717163
2008,"SP","C",6,114.0520007
2008,"SP","C",7,255.7973059
2008,"SP","C",12,183.4812051
2008,"SP","C",15,372.1614363
2008,"SP","E",1,389.0778652
2008,"SP","E",4,208.0655443
2008,"SP","E",8,181.6654649
2008,"SP","E",10,243.0348727
2008,"SP","E",14,396.7719012
2009,"MX","A",2,155.5788946
2009,"MX","A",6,299.6624552
2009,"MX","A",9,388.6206644
2009,"MX","A",12,368.6344588
2009,"MX","A",15,260.8657031
2009,"MX","C",3,320.171176
2009,"MX","C",5,254.595521
2009,"MX","C",7,285.5545454
2009,"MX","C",10,163.547251
2009,"MX","C",14,837.4612032
2009,"MX","E",1,358.0535265
2009,"MX","E",4,499.3938824
2009,"MX","E",8,288.8202652
2009,"MX","E",11,196.7269649
2009,"MX","E",13,363.2786782
2009,"SC","A",2,262.9557639
2009,"SC","A",4,315.5991682
2009,"SC","A",8,239.7038384
2009,"SC","A",12,332.0583963
2009,"SC","A",15,325.3963278
2009,"SC","C",3,193.461245
2009,"SC","C",5,98.36348246
2009,"SC","C",7,195.8125634
2009,"SC","C",11,221.0239207
2009,"SC","C",13,133.5026283
2009,"SC","E",1,272.3610371
2009,"SC","E",6,370.2020044
2009,"SC","E",9,193.1999875
2009,"SC","E",10,499.001996
2009,"SC","E",14,550.3391124
2009,"SP","A",2,114.561453
2009,"SP","A",5,137.9440073
2009,"SP","A",9,151.0068868
2009,"SP","A",11,288.6896364
2009,"SP","A",13,50.81460116
2009,"SP","C",3,220.6320344
2009,"SP","C",6,198.0332529
2009,"SP","C",7,176.2182441
2009,"SP","C",12,214.492481
2009,"SP","C",15,296.3967353
2009,"SP","E",1,222.7220951
2009,"SP","E",4,80.20607999
2009,"SP","E",8,66.35942774
2009,"SP","E",10,134.4170298
2009,"SP","E",14,296.1354777
2010,"MX","A",2,308.2839556
2010,"MX","A",6,253.4198618
2010,"MX","A",9,299.13994
2010,"MX","A",12,483.3265406
2010,"MX","A",15,369.6794892
2010,"MX","C",3,310.8965315
2010,"MX","C",5,144.9979622
2010,"MX","C",7,209.0060716
2010,"MX","C",10,257.3387257
2010,"MX","C",14,235.1318306
2010,"MX","E",1,278.2393329
2010,"MX","E",4,395.8052481
2010,"MX","E",8,190.7180404
2010,"MX","E",11,347.4725941
2010,"MX","E",13,414.0932794
2010,"SC","A",2,254.7261498
2010,"SC","A",4,168.5111452
2010,"SC","A",8,224.681527
2010,"SC","A",12,148.916826
2010,"SC","A",15,347.4725941
2010,"SC","C",3,53.55780585
2010,"SC","C",5,75.76470096
2010,"SC","C",7,188.1054645
2010,"SC","C",11,104.5030358
2010,"SC","C",13,101.8904599
2010,"SC","E",1,380.1297928
2010,"SC","E",6,289.9959244
2010,"SC","E",9,500.308284
2010,"SC","E",10,326.5719869
2010,"SC","E",14,651.8376859
2010,"SP","A",2,141.0790983
2010,"SP","A",5,129.3225068
2010,"SP","A",9,146.3042501
2010,"SP","A",11,194.6369042
2010,"SP","A",13,160.6734176
2010,"SP","C",3,143.6916742
2010,"SP","C",6,130.6287948
2010,"SP","C",7,164.5922814
2010,"SP","C",12,244.2758462
2010,"SP","C",15,215.5375114
2010,"SP","E",1,94.05273223
2010,"SP","E",4,73.15212507
2010,"SP","E",8,275.626757
2010,"SP","E",10,64.00810944
2010,"SP","E",14,190.7180404
2011,"MX","A",2,302.9281751
2011,"MX","A",6,206.9160109
2011,"MX","A",9,128.9306204
2011,"MX","A",12,382.7423687
2011,"MX","A",15,267.1358853
2011,"MX","C",3,200.7764576
2011,"MX","C",5,654.319633
2011,"MX","C",7,639.8198368
2011,"MX","C",10,355.0490642
2011,"MX","C",14,201.3250985
2011,"MX","E",1,389.0125508
2011,"MX","E",4,355.7022081
2011,"MX","E",8,199.4701696
2011,"MX","E",11,220.5014056
2011,"MX","E",13,668.8194292
2011,"SC","A",2,167.4661149
2011,"SC","A",4,154.011349
2011,"SC","A",8,51.20648755
2011,"SC","A",12,167.4661149
2011,"SC","A",15,178.5695624
2011,"SC","C",3,35.40040338
2011,"SC","C",5,324.7431838
2011,"SC","C",7,102.8048615
2011,"SC","C",11,171.2543499
2011,"SC","C",13,28.73833485
2011,"SC","E",1,178.83082
2011,"SC","E",6,297.1805081
2011,"SC","E",9,90.52575477
2011,"SC","E",10,261.3882183
2011,"SC","E",14,91.57078513
2011,"SP","A",2,77.85476168
2011,"SP","A",5,71.97646592
2011,"SP","A",9,142.3853863
2011,"SP","A",11,127.8855901
2011,"SP","A",13,111.9488771
2011,"SP","C",3,833.150453
2011,"SP","C",6,70.14766279
2011,"SP","C",7,90.78701236
2011,"SP","C",12,147.4799093
2011,"SP","C",15,257.3387257
2011,"SP","E",1,356.7472385
2011,"SP","E",4,50.16145719
2011,"SP","E",8,66.35942774
2011,"SP","E",10,23.77444065
2011,"SP","E",14,147.2186517
2012,"MX","A",2,197.1188513
2012,"MX","A",6,374.6433834
2012,"MX","A",9,157.1464401
2012,"MX","A",12,433.9488562
2012,"MX","A",15,195.420677
2012,"MX","C",3,268.1809157
2012,"MX","C",5,214.2312234
2012,"MX","C",7,537.7987481
2012,"MX","C",10,308.1533269
2012,"MX","C",14,216.3212841
2012,"MX","E",1,304.6263494
2012,"MX","E",4,378.0397321
2012,"MX","E",8,226.7715877
2012,"MX","E",11,195.2900482
2012,"MX","E",13,170.2093196
2012,"SC","A",2,274.4510978
2012,"SC","A",4,118.0884305
2012,"SC","A",8,63.35496546
2012,"SC","A",12,131.1513099
2012,"SC","A",15,338.9425338
2012,"SC","C",3,71.58457953
2012,"SC","C",5,72.8778046
2012,"SC","C",7,118.3758138
2012,"SC","C",11,221.4158071
2012,"SC","C",13,156.2320385
2012,"SC","E",1,454.0656906
2012,"SC","E",6,107.7687557
2012,"SC","E",9,84.64745901
2012,"SC","E",10,371.7695499
2012,"SC","E",14,146.8137024
2012,"SP","A",2,89.61135321
2012,"SP","A",5,166.8129709
2012,"SP","A",9,296.5273641
2012,"SP","A",11,180.0064792
2012,"SP","A",13,81.51236793
2012,"SP","C",3,188.4973508
2012,"SP","C",6,164.5922814
2012,"SP","C",7,167.5967437
2012,"SP","C",12,284.9014014
2012,"SP","C",15,204.1728062
2012,"SP","E",1,1357.847133
2012,"SP","E",4,140.687212
2012,"SP","E",8,176.7407593
2012,"SP","E",10,128.2774765
2012,"SP","E",14,100.9760584
2013,"MX","A",2,380.2604216
2013,"MX","A",6,393.1404207
2013,"MX","A",9,366.6358383
2013,"MX","A",12,192.272523
2013,"MX","A",15,712.8021444
2013,"MX","C",3,552.6120534
2013,"MX","C",5,293.8233481
2013,"MX","C",7,334.1876457
2013,"MX","C",10,478.7806586
2013,"MX","C",14,478.5847154
2013,"MX","E",1,367.6024914
2013,"MX","E",4,381.083383
2013,"MX","E",8,262.4071229
2013,"MX","E",11,156.6500507
2013,"MX","E",13,326.3629808
2013,"SC","A",2,92.17167759
2013,"SC","A",4,260.8134516
2013,"SC","A",8,406.8825699
2013,"SC","A",12,328.4269158
2013,"SC","A",15,839.0940632
2013,"SC","C",3,39.22782707
2013,"SC","C",5,79.52681025
2013,"SC","C",7,151.7775966
2013,"SC","C",11,144.4493213
2013,"SC","C",13,182.3969861
2013,"SC","E",1,331.6926357
2013,"SC","E",6,600.6181355
2013,"SC","E",9,314.0185597
2013,"SC","E",10,64.11261247
2013,"SC","E",14,338.1195724
2013,"SP","A",2,129.7013303
2013,"SP","A",5,127.2977605
2013,"SP","A",9,620.4867751
2013,"SP","A",11,210.4429884
2013,"SP","A",13,166.0945125
2013,"SP","C",3,412.7478028
2013,"SP","C",6,232.7543865
2013,"SP","C",7,217.2487486
2013,"SP","C",12,133.9206404
2013,"SP","C",15,268.0110982
2013,"SP","E",1,244.83755
2013,"SP","E",4,65.31439738
2013,"SP","E",8,130.0932167
2013,"SP","E",10,121.2888359
2013,"SP","E",14,119.6951646
2014,"MX","A",2,93.92210344
2014,"MX","A",6,227.6859893
2014,"MX","A",9,299.0093112
2014,"MX","A",12,26.90953172
2014,"MX","A",15,239.1813232
2014,"MX","C",3,285.4239166
2014,"MX","C",5,280.72128
2014,"MX","C",7,426.3723861
2014,"MX","C",10,467.2591989
2014,"MX","C",14,101.1066871
2014,"MX","E",1,370.0713756
2014,"MX","E",4,287.1220909
2014,"MX","E",8,140.8178408
2014,"MX","E",11,328.9233052
2014,"MX","E",13,227.2941029
2014,"SC","A",2,25.73387257
2014,"SC","A",4,127.7549613
2014,"SC","A",8,39.8417824
2014,"SC","A",12,115.214597
2014,"SC","A",15,257.2080969
2014,"SC","C",3,76.02595855
2014,"SC","C",5,312.3334483
2014,"SC","C",7,48.20202527
2014,"SC","C",11,187.4523205
2014,"SC","C",13,86.47626214
2014,"SC","E",1,191.5018131
2014,"SC","E",6,65.05313979
2014,"SC","E",9,99.27788402
2014,"SC","E",10,99.27788402
2014,"SC","E",14,62.17930631
2014,"SP","A",2,125.1423854
2014,"SP","A",5,232.1273683
2014,"SP","A",9,375.4271562
2014,"SP","A",11,222.7220951
2014,"SP","A",13,394.2377026
2014,"SP","C",3,403.1204606
2014,"SP","C",6,102.2823463
2014,"SP","C",7,184.0559718
2014,"SP","C",12,279.2843632
2014,"SP","C",15,339.24298
2014,"SP","E",1,332.8421691
2014,"SP","E",4,112.6020211
2014,"SP","E",8,145.2592198
2014,"SP","E",10,258.2531273
2014,"SP","E",14,77.72413289
2015,"MX","A",2,228.9922772
2015,"MX","A",6,183.2721991
2015,"MX","A",9,55.38660898
2015,"MX","A",12,416.7058553
2015,"MX","A",15,209.0060716
2015,"MX","C",3,157.5383265
2015,"MX","C",5,79.16104963
2015,"MX","C",7,205.8709806
2015,"MX","C",10,150.7456292
2015,"MX","C",14,217.8888297
2015,"MX","E",1,118.6109456
2015,"MX","E",4,329.9683356
2015,"MX","E",8,148.6555684
2015,"MX","E",11,163.547251
2015,"MX","E",13,235.6543458
2015,"SC","A",2,67.66571569
2015,"SC","A",4,207.5691549
2015,"SC","A",8,29.26085003
2015,"SC","A",12,193.3306163
2015,"SC","A",15,600.1086832
2015,"SC","C",3,63.74685185
2015,"SC","C",5,105.9399526
2015,"SC","C",7,91.83204272
2015,"SC","C",11,67.4044581
2015,"SC","C",13,242.3164143
2015,"SC","E",1,389.1431796
2015,"SC","E",6,27.82393329
2015,"SC","E",9,174.5200698
2015,"SC","E",10,170.9930923
2015,"SC","E",14,323.6981534
2015,"SP","A",2,158.5833568
2015,"SP","A",5,139.7858733
2015,"SP","A",9,288.7026993
2015,"SP","A",11,248.7172252
2015,"SP","A",13,96.14279295
2015,"SP","C",3,86.92040004
2015,"SP","C",6,51.20648755
2015,"SP","C",7,123.0523247
2015,"SP","C",12,99.01662643
2015,"SP","C",15,130.7594236
2015,"SP","E",1,144.6060758
2015,"SP","E",4,141.1052241
2015,"SP","E",8,146.539382
2015,"SP","E",10,320.2103646
2015,"SP","E",14,133.0323646
2016,"MX","A",2,93.26895946
2016,"MX","A",6,63.22433667
2016,"MX","A",9,67.4044581
2016,"MX","A",12,18.41866006
2016,"MX","A",15,137.4214921
2016,"MX","C",3,524.3439822
2016,"MX","C",5,145.5204774
2016,"MX","C",7,47.15699491
2016,"MX","C",10,84.64745901
2016,"MX","C",14,320.3018048
2016,"MX","E",1,196.4657073
2016,"MX","E",4,385.093687
2016,"MX","E",8,125.5342718
2016,"MX","E",11,164.7229102
2016,"MX","E",13,332.9727979
2016,"SC","A",2,32.00405472
2016,"SC","A",4,101.1066871
2016,"SC","A",8,67.53508689
2016,"SC","A",12,53.55780585
2016,"SC","A",15,57.08478331
2016,"SC","C",3,385.093687
2016,"SC","C",5,107.6381269
2016,"SC","C",7,109.7281876
2016,"SC","C",11,83.47179986
2016,"SC","C",13,302.2750311
2016,"SC","E",1,146.1736213
2016,"SC","E",6,112.8632787
2016,"SC","E",9,45.85070696
2016,"SC","E",10,104.8949222
2016,"SC","E",14,45.19756299
2016,"SP","A",2,91.30952754
2016,"SP","A",5,133.2413707
2016,"SP","A",9,379.8685352
2016,"SP","A",11,52.64340429
2016,"SP","A",13,144.0835606
2016,"SP","C",3,249.8928844
2016,"SP","C",6,171.1237211
2016,"SP","C",7,242.7083007
2016,"SP","C",12,98.10222487
2016,"SP","C",15,74.71967061
2016,"SP","E",1,134.1557722
2016,"SP","E",4,74.19715543
2016,"SP","E",8,366.0218829
2016,"SP","E",10,136.8989769
2016,"SP","E",14,559.7443856
2017,"MX","A",2,122.5951239
2017,"MX","A",6,83.2497309
2017,"MX","A",9,194.8328474
2017,"MX","A",12,150.1969882
2017,"MX","A",15,220.5536571
2017,"MX","C",3,301.3214409
2017,"MX","C",5,126.814434
2017,"MX","C",7,176.9236396
2017,"MX","C",10,122.7126898
2017,"MX","C",14,128.8326488
2017,"MX","E",1,415.6216363
2017,"MX","E",4,469.3492596
2017,"MX","E",8,1056.200426
2017,"MX","E",11,440.8721823
2017,"MX","E",13,442.6552654
2017,"SC","A",2,22.33752391
2017,"SC","A",4,151.5294019
2017,"SC","A",8,42.84624468
2017,"SC","A",12,1231.176391
2017,"SC","A",15,130.8900524
2017,"SC","C",3,71.71520833
2017,"SC","C",5,214.492481
2017,"SC","C",7,86.99877731
2017,"SC","C",11,32.78782749
2017,"SC","C",13,160.9346752
2017,"SC","E",1,52.12088911
2017,"SC","E",6,118.7415744
2017,"SC","E",9,93.53021705
2017,"SC","E",10,79.55293601
2017,"SC","E",14,144.475447
2017,"SP","A",2,136.7683481
2017,"SP","A",5,139.6421816
2017,"SP","A",9,79.9448224
2017,"SP","A",11,93.39958826
2017,"SP","A",13,108.2912709
2017,"SP","C",3,132.7188555
2017,"SP","C",6,217.4969433
2017,"SP","C",7,80.72859517
2017,"SP","C",12,136.1152041
2017,"SP","C",15,290.257182
2017,"SP","E",1,150.6150004
2017,"SP","E",4,98.62474005
2017,"SP","E",8,692.4632411
2017,"SP","E",10,962.8648462
2017,"SP","E",14,252.1135739
2018,"MX","A",2,125.1423854
2018,"MX","A",6,120.962264
2018,"MX","A",9,139.2502952
2018,"MX","A",12,17.89614488
2018,"MX","A",15,155.4482658
2018,"MX","C",3,122.9216959
2018,"MX","C",5,140.8178408
2018,"MX","C",7,234.6093154
2018,"MX","C",10,209.0060716
2018,"MX","C",14,116.7821425
2018,"MX","E",1,120.7010064
2018,"MX","E",4,321.6080927
2018,"MX","E",8,845.2989309
2018,"MX","E",11,208.2222989
2018,"MX","E",13,332.0583963
2018,"SC","A",2,187.7135781
2018,"SC","A",4,81.38173914
2018,"SC","A",8,389.0125508
2018,"SC","A",12,145.5204774
2018,"SC","A",15,311.0271603
2018,"SC","C",3,110.2507028
2018,"SC","C",5,137.4214921
2018,"SC","C",7,116.9127713
2018,"SC","C",11,329.707078
2018,"SC","C",13,203.5196622
2018,"SC","E",1,55.64786657
2018,"SC","E",6,16.32859935
2018,"SC","E",9,194.6369042
2018,"SC","E",10,110.6425892
2018,"SC","E",14,476.4032145
2018,"SP","A",2,76.94036012
2018,"SP","A",5,164.0697662
2018,"SP","A",9,53.94969224
2018,"SP","A",11,178.0470473
2018,"SP","A",13,42.06247191
2018,"SP","C",3,157.1464401
2018,"SP","C",6,107.2462405
2018,"SP","C",7,100.7148008
2018,"SP","C",12,230.429194
2018,"SP","C",15,94.31398982
2018,"SP","E",1,141.7322423
2018,"SP","E",4,59.56673041
2018,"SP","E",8,96.40405054
2018,"SP","E",10,216.9744281
2018,"SP","E",14,240.7488688
2019,"MX","A",2,138.9890376
2019,"MX","A",6,214.2312234
2019,"MX","A",9,261.9107335
2019,"MX","A",12,198.555768
2019,"MX","A",15,160.8040464
2019,"MX","C",3,102.9354903
2019,"MX","C",5,121.4847791
2019,"MX","C",7,83.07991347
2019,"MX","C",10,823.614551
2019,"MX","C",14,90.65638357
2019,"MX","E",1,177.0020169
2019,"MX","E",4,246.1046493
2019,"MX","E",8,317.8198577
2019,"MX","E",11,417.7508857
2019,"MX","E",13,429.1155908
2019,"SC","A",2,239.8475301
2019,"SC","A",4,321.2162063
2019,"SC","A",8,30.59326373
2019,"SC","A",12,115.5281061
2019,"SC","A",15,114.45695
2019,"SC","C",3,102.1778433
2019,"SC","C",5,92.30230638
2019,"SC","C",7,93.67390873
2019,"SC","C",11,831.8768223
2019,"SC","C",13,96.45630206
2019,"SC","E",1,23.57849746
2019,"SC","E",6,278.7226594
2019,"SC","E",9,146.0429925
2019,"SC","E",10,217.6275721
2019,"SC","E",14,279.3366147
2019,"SP","A",2,115.867741
2019,"SP","A",5,47.94076768
2019,"SP","A",9,506.0559509
2019,"SP","A",11,56.82352572
2019,"SP","A",13,241.0101263
2019,"SP","C",3,169.0336604
2019,"SP","C",6,342.5086999
2019,"SP","C",7,110.6425892
2019,"SP","C",12,287.3833485
2019,"SP","C",15,324.285983
2019,"SP","E",1,316.1216833
2019,"SP","E",4,481.8896239
2019,"SP","E",8,400.7691423
2019,"SP","E",10,535.0555434
2019,"SP","E",14,103.8498918
2020,"MX","A",2,203.3890335
2020,"MX","A",6,232.5192547
2020,"MX","A",9,45.58944937
2020,"MX","A",12,445.4441902
2020,"MX","A",15,162.5022207
2020,"MX","C",3,134.8089162
2020,"MX","C",5,627.1488437
2020,"MX","C",7,46.37322214
2020,"MX","C",10,246.2352781
2020,"MX","C",14,152.3131747
2020,"MX","E",1,319.7792896
2020,"MX","E",4,325.3963278
2020,"MX","E",8,444.268531
2020,"MX","E",11,536.6230889
2020,"MX","E",13,186.0154037
2020,"SC","A",2,9.144015634
2020,"SC","A",4,35.26977459
2020,"SC","A",8,181.4433959
2020,"SC","A",12,654.0583754
2020,"SC","A",15,213.7087082
2020,"SC","C",3,261.3882183
2020,"SC","C",5,54.47220742
2020,"SC","C",7,63.35496546
2020,"SC","C",11,212.9249355
2020,"SC","C",13,240.0957248
2020,"SC","E",1,50.29208599
2020,"SC","E",6,62.57119269
2020,"SC","E",9,178.7001912
2020,"SC","E",10,314.0316226
2020,"SC","E",14,21.94563752
2020,"SP","A",2,38.27423687
2020,"SP","A",5,54.73346501
2020,"SP","A",9,194.114389
2020,"SP","A",11,43.49938866
2020,"SP","A",13,798.141936
2020,"SP","C",3,57.99918488
2020,"SP","C",6,53.55780585
2020,"SP","C",7,36.18417615
2020,"SP","C",12,141.0790983
2020,"SP","C",15,71.45395074
2020,"SP","E",1,50.81460116
2020,"SP","E",4,1081.475792
2020,"SP","E",8,507.7541253
2020,"SP","E",10,160.2815312
2020,"SP","E",14,368.50383
2021,"MX","A",2,366.9362845
2021,"MX","A",6,289.9959244
2021,"MX","A",9,115.9983698
2021,"MX","A",12,36.83732012
2021,"MX","A",15,140.4259544
2021,"MX","C",3,257.0774681
2021,"MX","C",5,126.7099309
2021,"MX","C",7,129.4531356
2021,"MX","C",10,192.1418942
2021,"MX","C",14,230.1679364
2021,"MX","E",1,258.2531273
2021,"MX","E",4,168.7724028
2021,"MX","E",8,231.4742243
2021,"MX","E",11,499.5245112
2021,"MX","E",13,289.9959244
2021,"SC","A",2,217.2356857
2021,"SC","A",4,144.7367046
2021,"SC","A",8,429.1155908
2021,"SC","A",12,82.81865588
2021,"SC","A",15,38.20892247
2021,"SC","C",3,310.7659027
2021,"SC","C",5,52.25151791
2021,"SC","C",7,132.9801131
2021,"SC","C",11,56.69289693
2021,"SC","C",13,97.71033849
2021,"SC","E",1,845.4295597
2021,"SC","E",6,364.5849662
2021,"SC","E",9,223.1139815
2021,"SC","E",10,793.9618146
2021,"SC","E",14,514.8080802
2021,"SP","A",2,63.48559426
2021,"SP","A",5,145.128591
2021,"SP","A",9,513.2405346
2021,"SP","A",11,79.68356481
2021,"SP","A",13,707.6161813
2021,"SP","C",3,63.09370787
2021,"SP","C",6,81.12048155
2021,"SP","C",7,62.17930631
2021,"SP","C",12,85.56186057
2021,"SP","C",15,94.05273223
2021,"SP","E",1,182.7496839
2021,"SP","E",4,435.5164018
2021,"SP","E",8,124.8811278
2021,"SP","E",10,257.5999833
2021,"SP","E",14,394.3683314
2022,"MX","A",2,83.47179986
2022,"MX","A",6,153.8807202
2022,"MX","A",9,451.5837435
2022,"MX","A",12,126.4486733
2022,"MX","A",15,147.2186517
2022,"MX","C",3,328.5314188
2022,"MX","C",5,174.2326865
2022,"MX","C",7,263.478279
2022,"MX","C",10,143.822303
2022,"MX","C",14,453.9350618
2022,"MX","E",1,210.704246
2022,"MX","E",4,287.7752349
2022,"MX","E",8,145.6511062
2022,"MX","E",11,651.5764283
2022,"MX","E",13,822.8307782
2022,"SC","A",2,135.9845754
2022,"SC","A",4,580.6449927
2022,"SC","A",8,207.1772685
2022,"SC","A",12,956.3334065
2022,"SC","A",15,73.67464025
2022,"SC","C",3,242.3164143
2022,"SC","C",5,318.3423728
2022,"SC","C",7,348.6482532
2022,"SC","C",11,217.7582009
2022,"SC","C",13,218.0194585
2022,"SC","E",1,541.0644679
2022,"SC","E",6,289.3427804
2022,"SC","E",9,551.7760291
2022,"SC","E",10,96.66530813
2022,"SC","E",14,95.48964897
2022,"SP","A",2,580.2531064
2022,"SP","A",5,91.04826995
2022,"SP","A",9,159.8896448
2022,"SP","A",11,878.7399024
2022,"SP","A",13,154.2726066
2022,"SP","C",3,259.8206728
2022,"SP","C",6,336.4997753
2022,"SP","C",7,700.0397112
2022,"SP","C",12,350.08517
2022,"SP","C",15,260.2125592
2022,"SP","E",1,192.5468435
2022,"SP","E",4,716.8908257
2022,"SP","E",8,202.2133743
2022,"SP","E",10,834.3261122
2022,"SP","E",14,771.2324043
2023,"MX","A",2,444.268531
2023,"MX","A",6,95.75090656
2023,"MX","A",9,176.8713881
2023,"MX","A",12,8.621500455
2023,"MX","A",15,312.0721907
2023,"MX","C",3,121.8766655
2023,"MX","C",5,42.97687348
2023,"MX","C",7,89.35009562
2023,"MX","C",10,18.02677368
2023,"MX","C",14,132.7188555
2023,"MX","E",1,226.3797013
2023,"MX","E",4,206.2628669
2023,"MX","E",8,283.7257422
2023,"MX","E",11,12.80162189
2023,"MX","E",13,299.6624552
2023,"SC","A",2,7.968356481
2023,"SC","A",4,23.64381185
2023,"SC","A",8,17.11237211
2023,"SC","A",12,82.4267695
2023,"SC","A",15,53.42717706
2023,"SC","C",3,83.47179986
2023,"SC","C",5,47.28762371
2023,"SC","C",7,144.6060758
2023,"SC","C",11,78.63853445
2023,"SC","C",13,105.4174374
2023,"SC","E",1,66.09817015
2023,"SC","E",6,30.17525159
2023,"SC","E",9,146.3042501
2023,"SC","E",10,340.549268
2023,"SC","E",14,319.6486608
2023,"SP","A",2,100.1922856
2023,"SP","A",5,7.315212507
2023,"SP","A",9,153.4888339
2023,"SP","A",11,311.4190467
2023,"SP","A",13,148.7861972
2023,"SP","C",3,88.04380767
2023,"SP","C",6,484.1103134
2023,"SP","C",7,84.9087166
2023,"SP","C",12,105.5480662
2023,"SP","C",15,142.1241287
2023,"SP","E",1,136.8989769
2023,"SP","E",4,133.1107419
2023,"SP","E",8,79.16104963
2023,"SP","E",10,93.00770187
2023,"SP","E",14,261.3882183
2024,"MX","A",2,108.591717089381
2024,"MX","A",6,288.075681098536
2024,"MX","A",9,238.580430761514
2024,"MX","A",12,18.9673010000941
2024,"MX","A",15,326.25847780878
2024,"MX","C",3,85.24835146461
2024,"MX","C",5,139.08047778788
2024,"MX","C",7,291.393652485605
2024,"MX","C",10,169.673741522191
2024,"MX","C",14,164.657595803158
2024,"MX","E",1,518.609378102434
2024,"MX","E",4,387.53644543374
2024,"MX","E",8,270.623674117733
2024,"MX","E",11,75.3506076851532
2024,"MX","E",13,179.810535996071
2024,"SC","A",2,13.9511552810609
2024,"SC","A",4,40.4557377391813
2024,"SC","A",8,61.5392252144925
2024,"SC","A",12,92.5896897304867
2024,"SC","A",15,303.594381916795
2024,"SC","C",3,584.629170977417
2024,"SC","C",5,198.947654429361
2024,"SC","C",7,178.856945794275
2024,"SC","C",11,468.251977719953
2024,"SC","C",13,308.414584443678
2024,"SC","E",1,32.8400790042951
2024,"SC","E",6,79.5921246512211
2024,"SC","E",9,102.621981168553
2024,"SC","E",10,246.966799385522
2024,"SC","E",14,129.087374988243
2024,"SP","A",2,115.802426560492
2024,"SP","A",5,49.3776844217324
2024,"SP","A",9,799.487412609336
2024,"SP","A",11,275.300184970373
2024,"SP","A",13,96.4301762966214
2024,"SP","C",3,111.530864971627
2024,"SP","C",6,79.4223072180247
2024,"SP","C",7,177.472280569751
2024,"SP","C",12,281.674870154978
2024,"SP","C",15,71.1012529913994
2024,"SP","E",1,209.580838323353
2024,"SP","E",4,814.039460346323
2024,"SP","E",8,295.639088315516
2024,"SP","E",10,683.632734530938
2024,"SP","E",14,318.159492533258
2025,"MX","A",2,316.644198513967
2025,"MX","A",6,124.097355028164
2025,"MX","A",9,89.2194668255113
2025,"MX","A",12,182.227168699251
2025,"MX","A",15,270.79349155093
2025,"MX","C",3,283.595113438045
2025,"MX","C",5,136.376461736213
2025,"MX","C",7,170.7318347598
2025,"MX","C",10,50.0308283955649
2025,"MX","C",14,89.7419820045772
2025,"MX","E",1,498.348852034152
2025,"MX","E",4,329.445820401083
2025,"MX","E",8,143.822303037903
2025,"MX","E",11,889.71272115455
2025,"MX","E",13,460.989016730936
2025,"SC","A",2,22.7294102893689
2025,"SC","A",4,46.8957373211692
2025,"SC","A",8,66.2287989466094
2025,"SC","A",12,203.389033451422
2025,"SC","A",15,102.804861481226
2025,"SC","C",3,196.335078534031
2025,"SC","C",5,53.6884346490265
2025,"SC","C",7,199.992684787493
2025,"SC","C",11,35.9229185607842
2025,"SC","C",13,178.308304856256
2025,"SC","E",1,104.764293402723
2025,"SC","E",6,64.3999958198786
2025,"SC","E",9,170.078690785967
2025,"SC","E",10,594.099758597987
2025,"SC","E",14,174.911956192327
2025,"SP","A",2,148.263682059964
2025,"SP","A",5,152.705061082024
2025,"SP","A",9,151.39877313436
2025,"SP","A",11,263.217021454473
2025,"SP","A",13,160.281531178481
2025,"SP","C",3,136.376461736213
2025,"SP","C",6,123.182953464798
2025,"SP","C",7,58.9135864396861
2025,"SP","C",12,538.19063443793
2025,"SP","C",15,462.6871910629
2025,"SP","E",1,513.371163432298
2025,"SP","E",4,332.972797859778
2025,"SP","E",8,76.8097313226949
2025,"SP","E",10,653.274602627206
2025,"SP","E",14,495.605647344055
