"","Site","Project","Year","Month","Community","Nickname","Plot","SubPlot","Depth_cm","CO2_Treatment","N_Treatment","H2S_Conc_uM","H2S_Conc_Flag","H2S_CV_Flag","H2S_Flags","Analysis_rundate","Run_notes"
"1","GCReW","CO2xNxPhrag","2026","May","PHAU","Phrag","P1","A",20,"Ambient","Ambient",431.766381766382,"Within_Range","CV_Good","Spk_Bad  Std5Chk_Bad, Std4Chk_Bad    ",2026-05-19,""
"2","GCReW","CO2xNxPhrag","2026","May","PHAU","Phrag","P3","A",40,"Ambient","Amended",0,"bdl","CV_Good","Spk_Bad  Std5Chk_Bad, Std4Chk_Bad    ",2026-05-19,""
"3","GCReW","CO2xNxPhrag","2026","May","PHAU","Phrag","P4","A",20,"Elevated","Amended",0,"bdl","CV_Good","Spk_Bad  Std5Chk_Bad, Std4Chk_Bad    ",2026-05-19,""
"4","GCReW","CO2xNxPhrag","2026","May","PHAU","Phrag","P4","A",40,"Elevated","Amended",562.820512820513,"Within_Range","CV_Good","Spk_Bad  Std5Chk_Bad, Std4Chk_Bad    ",2026-05-19,""
"5","GCReW","CO2xNxPhrag","2026","May","PHAU","Phrag","P1","A",40,"Ambient","Ambient",876.923076923077,"Within_Range","CV_Good","Spk_Bad  Std5Chk_Bad, Std4Chk_Bad    ",2026-05-19,""
"6","GCReW","CO2xNxPhrag","2026","May","PHAU","Phrag","P2","A",20,"Elevated","Ambient",408.974358974359,"Within_Range","CV_Good","Spk_Bad  Std5Chk_Bad, Std4Chk_Bad    ",2026-05-19,""
"7","GCReW","CO2xNxPhrag","2026","May","PHAU","Phrag","P2","A",40,"Elevated","Ambient",755.128205128205,"Within_Range","CV_Good","Spk_Bad  Std5Chk_Bad, Std4Chk_Bad    ",2026-05-19,""
"8","GCReW","CO2xNxPhrag","2026","May","PHAU","Phrag","P3","A",20,"Ambient","Amended",0,"bdl","CV_Good","Spk_Bad  Std5Chk_Bad, Std4Chk_Bad    ",2026-05-19,""
"9","GCReW","CO2xNxPhrag","2026","May","PHAU","Phrag","P5","A",40,"Elevated","Ambient",1361.96581196581,"Within_Range","CV_Good","Spk_Bad  Std3Chk_Bad, Std5Chk_Bad    ",2026-05-19,""
"10","GCReW","CO2xNxPhrag","2026","May","PHAU","Phrag","P9","A",40,"Elevated","Amended",1054.2735042735,"Within_Range","CV_Good","Spk_Bad  Std3Chk_Bad, Std5Chk_Bad    ",2026-05-19,""
"11","GCReW","CO2xNxPhrag","2026","May","PHAU","Phrag","P12","A",20,"Ambient","Amended",1199.57264957265,"Within_Range","CV_Good","Spk_Bad  Std3Chk_Bad, Std5Chk_Bad    ",2026-05-19,""
"12","GCReW","CO2xNxPhrag","2026","May","PHAU","Phrag","P6","A",20,"Ambient","Amended",440.31339031339,"Within_Range","CV_Good","Spk_Bad  Std3Chk_Bad, Std5Chk_Bad    ",2026-05-19,""
"13","GCReW","CO2xNxPhrag","2026","May","PHAU","Phrag","P12","A",40,"Ambient","Amended",1448.8603988604,"Within_Range","CV_Good","Spk_Bad  Std3Chk_Bad, Std5Chk_Bad    ",2026-05-19,""
"14","GCReW","CO2xNxPhrag","2026","May","PHAU","Phrag","P6","A",40,"Ambient","Amended",817.806267806268,"Within_Range","CV_Good","Spk_Bad  Std3Chk_Bad, Std5Chk_Bad    ",2026-05-19,""
"15","GCReW","CO2xNxPhrag","2026","May","PHAU","Phrag","P3","A",20,"Ambient","Amended",125.498575498576,"bdl","CV_Good","Spk_Bad  Std3Chk_Bad, Std5Chk_Bad    ",2026-05-19,""
"16","GCReW","CO2xNxPhrag","2026","May","PHAU","Phrag","P7","A",20,"Elevated","Amended",531.481481481482,"Within_Range","CV_Good","Spk_Bad  Std3Chk_Bad, Std5Chk_Bad    ",2026-05-19,""
"17","GCReW","CO2xNxPhrag","2026","May","PHAU","Phrag","P7","A",40,"Elevated","Amended",729.487179487179,"Within_Range","CV_Good","Spk_Bad  Std3Chk_Bad, Std5Chk_Bad    ",2026-05-19,""
"18","GCReW","CO2xNxPhrag","2026","May","PHAU","Phrag","P10","A",20,"Elevated","Ambient",383.333333333333,"Within_Range","CV_Good","Spk_Bad  Std3Chk_Bad, Std5Chk_Bad    ",2026-05-19,""
"19","GCReW","CO2xNxPhrag","2026","May","PHAU","Phrag","P8","A",20,"Ambient","Ambient",129.059829059829,"bdl","CV_Good","Spk_Bad  Std3Chk_Bad, Std5Chk_Bad    ",2026-05-19,""
"20","GCReW","CO2xNxPhrag","2026","May","PHAU","Phrag","P10","A",40,"Elevated","Ambient",716.666666666667,"Within_Range","CV_Good","Spk_Bad  Std3Chk_Bad, Std5Chk_Bad    ",2026-05-19,""
"21","GCReW","CO2xNxPhrag","2026","May","PHAU","Phrag","P8","A",40,"Ambient","Ambient",712.393162393162,"Within_Range","CV_Good","Spk_Bad  Std3Chk_Bad, Std5Chk_Bad    ",2026-05-19,""
"22","GCReW","CO2xNxPhrag","2026","May","PHAU","Phrag","P11","A",20,"Ambient","Ambient",723.076923076923,"Within_Range","CV_Good","Spk_Bad  Std3Chk_Bad, Std5Chk_Bad    ",2026-05-19,""
"23","GCReW","CO2xNxPhrag","2026","May","PHAU","Phrag","P5","A",20,"Elevated","Ambient",934.615384615385,"Within_Range","CV_Good","Spk_Bad  Std3Chk_Bad, Std5Chk_Bad    ",2026-05-19,""
"24","GCReW","CO2xNxPhrag","2026","May","PHAU","Phrag","P9","A",20,"Elevated","Amended",396.153846153846,"Within_Range","CV_Good","Spk_Bad  Std3Chk_Bad, Std5Chk_Bad    ",2026-05-19,""
"25","GCReW","CO2xNxPhrag","2026","May","PHAU","Phrag","P11","A",40,"Ambient","Ambient",1692.45014245014,"Within_Range","CV_Good","Spk_Bad  Std3Chk_Bad, Std5Chk_Bad    ",2026-05-19,""
